name,city,publisher,url,views,created_at,age_days
,Casablanca,BTrans passif,https://ma.afribaba.com/casablanca/-trans-travesti--587409.html,148066167,2026-09-03T15:27:00,17.9
,BelvédèreCasablanca,PLolo Casa,https://ma.afribaba.com/casablanca/-trans-gay-casablanca-577703.html,78178392,2026-09-21T10:59:54.333428,0.0
,Casablanca,PTransexuel Ssosso,https://ma.afribaba.com/casablanca/gay-travesti-casablanca-566538.html,51152402,2026-09-18T19:47:00,2.7
,Casablanca,BVip pro,https://ma.afribaba.com/casablanca/finition--629367.html,45301302,2026-09-20T18:57:00,0.7
,Casablanca,PTravesti Ahlam,https://ma.afribaba.com/casablanca/--509104.html,16179634,2026-07-03T14:21:00,79.9
,Casablanca,BMassage Vip,https://ma.afribaba.com/casablanca/-spa--281013.html,15156271,2026-08-15T14:25:00,36.9
,BourgogneCasablanca,PAnounymous Anounymous,https://ma.afribaba.com/casablanca/lolita-transsexuals--595900.html,13884911,2026-08-05T05:48:00,47.3
,Casablanca,BMassage Vip,https://ma.afribaba.com/casablanca/-votre-masseuse-fidele-a-votre-ecoute--180213.html,12003451,2026-09-21T11:05:56.635646,0.0
,Derb GhallefCasablanca,BMassage Vip,https://ma.afribaba.com/casablanca/-le-quatro-sexy-et-polyvalent-reel-photo--185399.html,11889526,2026-08-15T14:22:00,36.9
,Racine (Casablanca)Casablanca,BDream centre Spa,https://ma.afribaba.com/casablanca/new-spa-plein-de-joie--191177.html,11359414,2026-09-20T14:26:00,0.9
,Racine (Casablanca)Casablanca,BDream centre Spa,https://ma.afribaba.com/casablanca/-la-sexy-masseuse-adolescente--181313.html,11171265,2026-09-21T10:57:11.619934,0.0
,Casablanca,BDream centre Spa,https://ma.afribaba.com/casablanca/-promotion-de-3id-chez-nous--191173.html,10724664,2026-07-17T16:42:00,65.8
,Casablanca,BMassage Vip,https://ma.afribaba.com/casablanca/-massage-des-reves--180227.html,9862178,2026-09-20T13:49:00,0.9
,Racine (Casablanca)Casablanca,BMassage Vip,https://ma.afribaba.com/casablanca/-la-hot-bresilienne-hard-body--180211.html,7881434,2026-09-20T13:42:00,0.9
,Racine (Casablanca)Casablanca,BDream centre Spa,https://ma.afribaba.com/casablanca/-deux-big-masseuse-vip--178775.html,7320284,2026-09-20T14:14:00,0.9
,Casablanca,BMiss love,https://ma.afribaba.com/casablanca/viens-aux-pieds-de-ta-dominatrice-483972.html,6215175,2026-09-21T10:46:59.074156,0.1
,BourgogneCasablanca,PAnass Kaf,https://ma.afribaba.com/casablanca/--606609.html,4878510,2026-09-14T20:35:00,6.6
,BelvédèreCasablanca,PRacha Racha,https://ma.afribaba.com/casablanca/-gay-trans-traviste-j-amp-039-ahite-seule--635979.html,4435360,2026-02-01T21:26:00,231.6
,Casablanca,PBlack Friday,https://ma.afribaba.com/casablanca/ajiw-endi-telegram-akbidat-683390.html,4220518,2026-09-21T11:14:58.457863,0.0
,Casablanca,BLove sexy,https://ma.afribaba.com/casablanca/dominatrice-blonde-intransigeante-depourvue-de-scrupule-et-pitie-480492.html,3390669,2026-09-09T14:54:00,11.9
,Racine (Casablanca)Casablanca,BDream centre Spa,https://ma.afribaba.com/casablanca/-your-best-plan-with-souky--180863.html,3275930,2026-09-21T10:39:00.124176,0.1
,CIL (Casablanca)Casablanca,PJolya,https://ma.afribaba.com/casablanca/jolya-travesti-ma3qola--366301.html,3183596,2024-01-01T00:38:00,994.5
,Aïn DiabCasablanca,BNafis Hajar,https://ma.afribaba.com/casablanca/hajar-packs-et-sexcam-je-suis-disponible-sur-telegram-ajii-bb-419944.html,2699526,2026-02-19T23:17:00,213.5
,OulfaCasablanca,PSexy Packs,https://ma.afribaba.com/casablanca/aji-abb-njibuuuh-bjuj-f-appel-video--645247.html,2699194,2026-09-21T10:43:00.555444,0.1
,Casablanca,Pmalak work,https://ma.afribaba.com/casablanca/faty-ain-sebaa-24h--427081.html,2274515,2024-06-08T22:12:00,834.6
,BourgogneCasablanca,PSara Khatib,https://ma.afribaba.com/casablanca/massage-avec-sara-amp-dina-adomicile-chez-moi-24-24-330463.html,2173083,2023-10-08T20:41:00,1078.6
,BourgogneCasablanca,PImane Sabah,https://ma.afribaba.com/casablanca/slt-massage-a-domicile-imane-moi-avec-ma-copine-24h-24-309715.html,1931190,2023-08-15T02:30:00,1133.4
,BourgogneCasablanca,PBlack Friday,https://ma.afribaba.com/casablanca/sifto-lia-msg-f-telegram-687934.html,1919187,2026-09-21T11:02:02.166879,0.0
,Casablanca,BDream centre Spa,https://ma.afribaba.com/casablanca/-massage-chaleureux-avec-masseuse-trop-chaude--180733.html,1799911,2026-07-28T11:25:00,55.0
,Casablanca,BLadyboy,https://ma.afribaba.com/casablanca/plaisir-inoubliable-avec-trans--677824.html,1737061,2026-07-06T18:16:00,76.7
,Casablanca,PJamila Abdo,https://ma.afribaba.com/casablanca/travesti-ma3qol-286003.html,1628237,2023-09-23T15:01:00,1093.9
,Hay SalamaCasablanca,Psex top,https://ma.afribaba.com/casablanca/massage-sensuel-688458.html,1296450,2026-09-07T15:37:00,13.8
,Casablanca,BMeskini Rania,https://ma.afribaba.com/casablanca/rania-akber-wehda-f-telegram-kandir-les-packs-et-les-appel-video--680302.html,1286475,2026-04-05T20:36:00,168.6
,Derb GhallefCasablanca,PFati,https://ma.afribaba.com/casablanca/fati-disponible-a-domicil-nji-hta-3endk--397391.html,1268763,2024-04-20T15:58:00,883.8
,OulfaCasablanca,PAmora Amina,https://ma.afribaba.com/casablanca/--640563.html,953756,2025-12-16T16:46:00,278.8
,Casablanca,PHibalove,https://ma.afribaba.com/casablanca/24h-24h-hiba-love-vous-attend-massage-relax-288181.html,914182,2023-06-10T01:35:00,1199.4
,Sidi MaâroufCasablanca,PRima Camelia,https://ma.afribaba.com/casablanca/mimi-la-blonde-finition-inoubliable-477061.html,860622,2024-12-13T00:21:00,647.5
,Casablanca,BQueen sexy,https://ma.afribaba.com/casablanca/ta-soumission-ma-passion-viens-je-vais-te-pervertir-maitresse-sara-483147.html,845061,2026-09-09T14:54:00,11.9
,SbataCasablanca,PBasma222,https://ma.afribaba.com/casablanca/mrahba-hbibi-pour-un-massage-profesional-je-me-deplace-chez-vous-hb-185747.html,774772,2022-03-17T22:49:00,1648.5
,Sidi MaâroufCasablanca,Pdiagana,https://ma.afribaba.com/casablanca/massage-chez-myma-659247.html,629974,2026-02-02T20:11:00,230.7
,Casablanca,BRositaben,https://ma.afribaba.com/casablanca/appel-video-pack-aji-nthla-fik--690014.html,622259,2026-04-21T23:49:00,152.5
,Casablanca,BPlaisir Intense,https://ma.afribaba.com/casablanca/moneymiss-pour-vrai-moneyslave-qui-aime-raquer-486283.html,620148,2026-09-02T15:24:00,18.9
,Casablanca,BRacha Racha,https://ma.afribaba.com/casablanca/-gay-704189.html,587131,2026-09-20T18:57:00,0.7
,Casablanca,Bsweet,https://ma.afribaba.com/casablanca/hbiba-ana-zwina-aji-zn-ndiro-kolchi-7ta-ok-a7777-783075.html,573188,2026-09-18T17:58:00,2.8
,BourgogneCasablanca,PFinitionblack,https://ma.afribaba.com/casablanca/fintion-black-bigerzob-650109.html,554426,2026-03-20T05:57:00,185.3
,BourgogneCasablanca,PLeila Housse,https://ma.afribaba.com/casablanca/24-h-24-h-ji-daba-daba-kantssanaouk-286955.html,544760,2023-06-10T00:12:00,1199.5
,Casablanca,BAya,https://ma.afribaba.com/casablanca/fdari-maarif-sexy-de-20ans--781900.html,515507,2026-09-13T14:07:00,7.9
,Casablanca,BNice Lady,https://ma.afribaba.com/casablanca/ghita-bayda-o3rida-bb--782149.html,512569,2026-09-13T20:14:00,7.7
,Casablanca,BShemale,https://ma.afribaba.com/casablanca/finition-inoubliable-avec-trans--499285.html,473572,2026-09-09T18:33:00,11.7
,Casablanca,BLove hard,https://ma.afribaba.com/casablanca/masseuse-experimentee-sm-haut-de-gamme-soft-ou-hard-482471.html,466232,2026-09-09T14:55:00,11.9
,Casablanca,BDomination for woman,https://ma.afribaba.com/casablanca/domination-for-woman-533736.html,458770,2026-09-03T19:33:00,17.7
,Casablanca,BSexy lady,https://ma.afribaba.com/casablanca/mature-chaude-de-34ans--724081.html,432882,2026-09-14T18:34:00,6.7
,Casablanca,PPacks Salma,https://ma.afribaba.com/casablanca/salut-ana-salma-kandir-li-packs-sexy-dyali-sixcam-719537.html,406366,2026-09-17T21:53:00,3.6
,CalifornieCasablanca,PBlack Friday,https://ma.afribaba.com/casablanca/je-reponds-sur-telegram-694232.html,392756,2026-09-21T11:03:08.460313,0.0
,BourgogneCasablanca,PNinfomen,https://ma.afribaba.com/casablanca/mass-finition-discretion-618512.html,378438,2026-03-20T05:59:00,185.3
,OulfaCasablanca,BWiam,https://ma.afribaba.com/casablanca/wiam-oulfa-kbida--783003.html,370174,2026-09-15T14:51:00,5.9
,Casablanca,BFarawla,https://ma.afribaba.com/casablanca/farawla-plaisir-intense--783058.html,338459,2026-09-15T14:42:00,5.9
,BourgogneCasablanca,PNawal,https://ma.afribaba.com/casablanca/-nawal-taille-sexy-super-finition-enceinte-434367.html,332001,2024-07-03T22:45:00,809.6
,Casablanca,BSalut098,https://ma.afribaba.com/casablanca/bayda-zwina-n9iya-ila-bghiti-rahtek-onthla-fik-aji-3andi-bb--782992.html,331077,2026-09-15T12:53:00,6.0
,OulfaCasablanca,BFarah,https://ma.afribaba.com/casablanca/farah-a-oulfa--782980.html,328725,2026-09-15T12:29:00,6.0
,Racine (Casablanca)Casablanca,BDream centre Spa,https://ma.afribaba.com/casablanca/-votre-masseuse-preferee--181309.html,325906,2026-09-20T14:17:00,0.9
,Casablanca,BKenza,https://ma.afribaba.com/casablanca/ana-sahbti--783137.html,311342,2026-09-15T16:54:00,5.8
,Casablanca,Bnidal,https://ma.afribaba.com/casablanca/nidal-molat-tarf-forma-7lowa--782973.html,295033,2026-09-15T12:14:00,6.0
,Sidi MaâroufCasablanca,Pdiagana,https://ma.afribaba.com/casablanca/massage-chez-bibashou-677584.html,293234,2026-02-12T19:22:00,220.7
,Casablanca,BHouda diamo,https://ma.afribaba.com/casablanca/ain-sebaa-taille-lhbaal-top-finition--783118.html,288538,2026-09-15T16:33:00,5.8
,Aïn DiabCasablanca,PPaolo Gaime ouver,https://ma.afribaba.com/casablanca/-complet-686835.html,286890,2026-04-12T04:13:00,162.3
,Aïn DiabCasablanca,BSpadelux Centre,https://ma.afribaba.com/casablanca/-massage-dyal-lahbal--287597.html,275640,2026-08-22T18:08:00,29.7
,CIL (Casablanca)Casablanca,PSophia Casa,https://ma.afribaba.com/casablanca/massage-complet-avec-finition-chez-sophia-a-domicile-202373.html,272238,2022-08-01T19:45:00,1511.7
,Sidi MaâroufCasablanca,PDes Dames Lhomme,https://ma.afribaba.com/casablanca/massage-avec-bon-finition-pour-femme-ou-couple-libre-586074.html,271376,2026-09-15T08:44:00,6.1
,CIL (Casablanca)Casablanca,BLhomme Noir,https://ma.afribaba.com/casablanca/massage-pour-les-couples-744343.html,267345,2026-09-02T11:23:00,19.0
,Casablanca,BLadyboy,https://ma.afribaba.com/casablanca/plaisir-inoubliable-avec-trans--505636.html,260864,2026-09-14T19:58:00,6.7
,OulfaCasablanca,PVero Dana,https://ma.afribaba.com/casablanca/-ana-la-belle-massage-finition-discretion-h24-452020.html,258000,2024-08-21T16:58:00,760.8
,Casablanca,BRositaben,https://ma.afribaba.com/casablanca/lalak-rania-jat-domination--683535.html,247405,2026-02-20T20:08:00,212.7
,CIL (Casablanca)Casablanca,PHafoussa,https://ma.afribaba.com/casablanca/hafsa-la-belle-jolie-fesse-tout-finitions-775631.html,242659,2026-09-15T16:58:00,5.8
,Les Roches NoiresCasablanca,PBlack Friday,https://ma.afribaba.com/casablanca/layla-amp-039-s-telegram-716530.html,240353,2026-09-14T14:50:00,6.9
,Hay SalamaCasablanca,BNora,https://ma.afribaba.com/casablanca/tacharouk-aji-daba-bebe--782993.html,237748,2026-09-15T13:39:00,5.9
,Casablanca,BPlaisir Intense,https://ma.afribaba.com/casablanca/femme-de-pouvoir-elegante-et-autoritaire-623668.html,235980,2026-09-09T14:55:00,11.9
,BelvédèreCasablanca,Psex top,https://ma.afribaba.com/casablanca/sex-cam-disponible-anaa-tayiba-9ra-ltht-darori--684486.html,231444,2026-09-21T10:42:14.366676,0.1
,Casablanca,BAppartement,https://ma.afribaba.com/casablanca/jeune-a-casa-de-23ans-bohdi--781584.html,218822,2026-09-12T18:43:00,8.7
,Casablanca,Bsara,https://ma.afribaba.com/casablanca/sara-zin-mature-de30-aji-hbibi-3andi-nathalla-fik--782437.html,216279,2026-09-14T13:16:00,6.9
,Casablanca,BSamia,https://ma.afribaba.com/casablanca/la-star-a-barnoussi-skhona-mtchb3ch-mni-azhar--782941.html,212970,2026-09-15T11:49:00,6.0
,Casablanca,BOumaima,https://ma.afribaba.com/casablanca/oumaima-nthalla-fik--783145.html,210019,2026-09-15T17:14:00,5.8
,Casablanca,BShemale,https://ma.afribaba.com/casablanca/super-finition-avec-trans-sexy-boy--719043.html,206321,2026-08-24T22:21:00,27.6
,Casablanca,BNafis Hajar,https://ma.afribaba.com/casablanca/hajar-appel-vid-amp-amp-packs-ajiiii-3andi-telegram-bb-531717.html,190457,2026-02-22T13:22:00,210.9
,Oasis (Casablanca)Casablanca,BNour bb,https://ma.afribaba.com/casablanca/plaisir-magique-avec-trans--730656.html,188783,2026-09-06T21:20:00,14.6
,CIL (Casablanca)Casablanca,PNesrina Casa,https://ma.afribaba.com/casablanca/magnifique-massage-de-votre-choix-chez-nesrine-a-domicile-202515.html,187591,2022-07-26T21:11:00,1517.6
,OulfaCasablanca,BOulfa,https://ma.afribaba.com/casablanca/zeen-w-la-taille-hbe-walfa--741986.html,186321,2026-09-21T10:31:18.096748,0.1
,BourgogneCasablanca,PAnounymous Anounymous,https://ma.afribaba.com/casablanca/nono-transsexual-a-maarif-583892.html,186266,2026-07-22T17:52:00,60.8
,BourgogneCasablanca,Bsokai,https://ma.afribaba.com/casablanca/sokai-massage-a-domicile-prix-zwin--78622.html,185690,2023-04-27T12:06:00,1243.0
,Casablanca,BHouda diamo,https://ma.afribaba.com/casablanca/je-deplace-dalal-njiik-tal-dar-deplacement--781681.html,185223,2026-09-12T20:51:00,8.6
,Aïn DiabCasablanca,PBlack Friday,https://ma.afribaba.com/casablanca/add-me-on-telegram-babies-732602.html,181957,2026-09-21T10:20:19.336884,0.1
,Casablanca,BMassage Vip,https://ma.afribaba.com/casablanca/-promotion-d-ouverture--180243.html,180011,2026-09-20T13:49:00,0.9
,Aïn DiabCasablanca,Bgirlsagency,https://ma.afribaba.com/casablanca/baby-aji-endi-ana-kansaynk--734454.html,179433,2026-06-26T12:28:00,87.0
,Casablanca,BEscort,https://ma.afribaba.com/casablanca/nouvelle-escort-taille-bigg-ass-bombe-n3jbk-hlowa-anfa-783094.html,172119,2026-09-15T15:41:00,5.8
,Casablanca,PAbdelah Chabchoub,https://ma.afribaba.com/casablanca/cute-femboy--719666.html,169792,2026-07-17T19:28:00,65.7
,Casablanca,BRim,https://ma.afribaba.com/casablanca/kawtar-de-21-ans-top-girl--782476.html,167910,2026-09-14T14:25:00,6.9
,Casablanca,BAna Sara,https://ma.afribaba.com/casablanca/bghiti-latay-ou-zin-aji-bb-mghadich-tndm-trja3-farhan--760113.html,167304,2026-08-03T11:23:00,49.0
,Racine (Casablanca)Casablanca,BSpadelux Centre,https://ma.afribaba.com/casablanca/-masseuse-bresilienne--287455.html,166654,2026-09-21T10:22:21.649829,0.1
,Derb GhallefCasablanca,Bimane,https://ma.afribaba.com/casablanca/iman-massage-pour-les-soumis-79162.html,165797,2023-10-03T17:05:00,1083.8
,BourgogneCasablanca,BMagic Rrlax,https://ma.afribaba.com/casablanca/-soumia-sexy-finition-mli7a--782489.html,162312,2026-09-14T15:29:00,6.9
,Casablanca,BHouda diamo,https://ma.afribaba.com/casablanca/niema-taille-lhbaal-top-finition--782327.html,160896,2026-09-14T03:20:00,7.4
,Casablanca,Bibtissam lux,https://ma.afribaba.com/casablanca/dominatrice-se-deplace-nji-tal-3endek-hbibi-nthala-fiik-o-nbar3akk-743987.html,160341,2026-09-16T16:54:00,4.8
,Hay SalamaCasablanca,BOumaima,https://ma.afribaba.com/casablanca/bournazil-a7la-sensation-bb--782998.html,159359,2026-09-15T13:00:00,6.0
,Racine (Casablanca)Casablanca,BDream centre Spa,https://ma.afribaba.com/casablanca/promotion-dyal-lahbal-zinn-o-la-taille-422616.html,156566,2026-09-21T10:38:23.628717,0.1
,Casablanca,PMassage Vip,https://ma.afribaba.com/casablanca/--170965.html,154292,2026-08-21T13:26:00,30.9
,Derb GhallefCasablanca,BDream centre Spa,https://ma.afribaba.com/casablanca/-black-friday-la-hot-wijdann--180987.html,153065,2026-09-17T16:06:00,3.8
,Casablanca,BMeskini Rania,https://ma.afribaba.com/casablanca/a77-aji-njiboh-bjouj-appel-video-wla-pack-aji-telegram-lteht--683336.html,152378,2026-05-14T14:06:00,129.9
,Casablanca,BSahrawiyaa,https://ma.afribaba.com/casablanca/sahrawiya-hbe-massage-booohdi--723999.html,151498,2026-09-03T16:08:00,17.8
,Casablanca,BSoltana soso,https://ma.afribaba.com/casablanca/titiza-kbida-dyali-rahteek-m3aya-maghdich-tskha-biya--735472.html,150339,2026-06-16T11:14:00,97.0
,Casablanca,BSpa,https://ma.afribaba.com/casablanca/spa-jolie-masseuse-massage-amp-amp-hammam-pro--783079.html,148376,2026-09-15T15:08:00,5.9
,BourgogneCasablanca,PMeriem Alami,https://ma.afribaba.com/casablanca/-fille-sexy-aaa77-top-escort--782143.html,147941,2026-09-16T20:37:00,4.6
,CIL (Casablanca)Casablanca,PIsmail,https://ma.afribaba.com/casablanca/ismail-bb-456062.html,147341,2024-09-12T21:10:00,738.6
,CIL (Casablanca)Casablanca,PKamal13,https://ma.afribaba.com/casablanca/homme-masseur--462048.html,147213,2024-09-20T21:54:00,730.6
,Casablanca,PBlack Friday,https://ma.afribaba.com/casablanca/massage-sensuel-707662.html,147055,2026-09-17T14:40:00,3.9
,OulfaCasablanca,BDream centre Spa,https://ma.afribaba.com/casablanca/-la-delicieuse-masseuse-yasmine--180885.html,146397,2026-07-15T12:26:00,68.0
,Casablanca,BAurora Dominatrice girl,https://ma.afribaba.com/casablanca/girl-100-independante-je-suis-une-belle-malienne-nouveelle-sur-casab-783169.html,145677,2026-09-15T17:48:00,5.8
,Casablanca,BBtissam,https://ma.afribaba.com/casablanca/btissam-topescort-skhona-n3jbk-forma-zwina-ahla--783017.html,143270,2026-09-15T13:44:00,5.9
,OulfaCasablanca,PIsac Isac,https://ma.afribaba.com/casablanca/jeune-black-disponible-pour-vous-mesdames--558853.html,139161,2026-09-14T22:59:00,6.5
,Casablanca,BSofya Nadine,https://ma.afribaba.com/casablanca/-se-deplace-chez-toi-nji-tal-3andek-723310.html,138223,2026-09-18T22:01:00,2.6
,Aïn DiabCasablanca,BPaolo Gaime ouver,https://ma.afribaba.com/casablanca/hayat-massage-692195.html,137592,2026-08-20T05:11:00,32.3
,Casablanca,BDream centre Spa,https://ma.afribaba.com/casablanca/-la-masseuse-grosse-chaude-vous-attends--178773.html,135571,2026-07-27T18:40:00,55.7
,Aïn DiabCasablanca,PNafis Hajar,https://ma.afribaba.com/casablanca/hajar-pack-et-plan-viens-chez-moi-mon-coeur--385059.html,134441,2024-05-01T00:08:00,873.5
,Aïn DiabCasablanca,Bgirlsagency,https://ma.afribaba.com/casablanca/sara-doz-endi-nber3k--734457.html,131617,2026-06-26T12:33:00,87.0
,Casablanca,BAsma,https://ma.afribaba.com/casablanca/new-escort-asma-la-prefere-grand-cul-xxl-recois-anfa-vgl-hard-782978.html,130500,2026-09-15T12:29:00,6.0
,Casablanca,BSe deplace,https://ma.afribaba.com/casablanca/hanan-se-deeplace-huubi-chez-vous-a-casaa--775148.html,130026,2026-09-14T18:35:00,6.7
,CIL (Casablanca)Casablanca,BSara,https://ma.afribaba.com/casablanca/hind-25-bb-aji-3andi-ana-ntsnak-wra-lftoyr-aji-trtah-ahsan-b--689033.html,129754,2026-03-13T18:29:00,191.7
,Casablanca,BRoumaisa,https://ma.afribaba.com/casablanca/vip-a-bernousi--782563.html,127551,2026-09-14T16:27:00,6.8
,Aïn DiabCasablanca,BSpadelux Centre,https://ma.afribaba.com/casablanca/-new-spa-a-votre-service-promo--287461.html,126025,2026-08-22T15:07:00,29.9
,Casablanca,BJoudia Massage,https://ma.afribaba.com/casablanca/-plan-top-et-sexcam-avec-trans-soltana-750569.html,124293,2026-08-29T00:18:00,23.5
,Casablanca,BHouda diamo,https://ma.afribaba.com/casablanca/zineb-taille-thabal-deplacement--782769.html,124041,2026-09-14T21:36:00,6.6
,Hay SalamaCasablanca,BSexy,https://ma.afribaba.com/casablanca/derb-milan-plaisir-intense--782512.html,123761,2026-09-14T15:27:00,6.9
,OulfaCasablanca,BAmina massage,https://ma.afribaba.com/casablanca/mariam-nouvelle-massage-a-domicile-plaisir-assurer--782979.html,122081,2026-09-15T12:27:00,6.0
,Casablanca,BSexy Rime,https://ma.afribaba.com/casablanca/dounia-la-blonde-chez-moi-bb-sexy--782015.html,121586,2026-09-13T16:08:00,7.8
,CIL (Casablanca)Casablanca,PMouna Casa44,https://ma.afribaba.com/casablanca/massage-de-votre-desir-chez-mouna-a-domicile-203627.html,121349,2022-08-18T13:13:00,1494.9
,Casablanca,BLaila,https://ma.afribaba.com/casablanca/chubby-girl-tous-types--783140.html,121289,2026-09-15T17:39:00,5.8
,Casablanca,BNawal,https://ma.afribaba.com/casablanca/nawal-deriya-ghezala-forma-dial-lhbal-hlowa-top--783011.html,119881,2026-09-15T13:30:00,5.9
,Casablanca,PSara Se déplace,https://ma.afribaba.com/casablanca/sara-se-deplace-nji-htal-3andak-bb--666447.html,118530,2026-01-16T15:09:00,247.9
,BelvédèreCasablanca,PAdam Chabchoub,https://ma.afribaba.com/casablanca/--757142.html,118383,2026-08-24T00:34:00,28.5
,Aïn DiabCasablanca,PMR SSS,https://ma.afribaba.com/casablanca/hubi-kbida-njiibbooh-sex-cam-9ra-tht-darori-783084.html,117653,2026-09-15T15:24:00,5.9
,Casablanca,BRim,https://ma.afribaba.com/casablanca/maria-de-19-ans-top-girl--782469.html,115693,2026-09-14T14:18:00,6.9
,Racine (Casablanca)Casablanca,BDream centre Spa,https://ma.afribaba.com/casablanca/-la-merveilleuse-masseuse-narjiss--180867.html,114791,2026-09-21T10:41:34.562411,0.1
,Casablanca,Pmassage a domicil,https://ma.afribaba.com/casablanca/je-suis-lydi-escorte-independante-et-privee-sur-casablanaca-au-maro-627192.html,114760,2025-10-29T13:58:00,326.9
,BelvédèreCasablanca,PGdgdgd Gsgdgdg,https://ma.afribaba.com/casablanca/finition--773245.html,114822,2026-09-21T10:35:34.215168,0.1
,Casablanca,BJoudia Massage,https://ma.afribaba.com/casablanca/-plasir-top-et-innoubliable-avec-trans-shams-754806.html,114421,2026-08-29T23:19:00,22.5
,Aïn DiabCasablanca,PWafa Elle,https://ma.afribaba.com/casablanca/ajiw-eandi-l-telegramme-737698.html,114000,2026-09-21T10:49:34.875438,0.0
,BelvédèreCasablanca,PKim Kim,https://ma.afribaba.com/casablanca/-bai-se-legendaire-chatte-mouille-plaisir-illimite-h24--782296.html,113891,2026-09-14T00:13:00,7.5
,Aïn DiabCasablanca,PAfofaa,https://ma.afribaba.com/casablanca/aji-3endi-ahbiba-nthla-fik-kantsnaak-a777-380365.html,112209,2024-02-03T20:54:00,960.6
,BelvédèreCasablanca,BGirls Sexy,https://ma.afribaba.com/casablanca/sara-ahsen-wehda-kadir-les-pack--719598.html,110097,2026-05-30T14:10:00,113.9
,Casablanca,BKawtarkokita,https://ma.afribaba.com/casablanca/je-suis-domina-severe-aussi-milf-gros-seins-grosses-fesses-dispo-782760.html,107465,2026-09-15T09:46:00,6.1
,Casablanca,BMiss hard,https://ma.afribaba.com/casablanca/sublime-escorte-girl-pro-disponible-h24-pour-votre-plaisir-489715.html,106850,2026-09-12T16:45:00,8.8
,Casablanca,BDream centre Spa,https://ma.afribaba.com/casablanca/votre-massage-vous-attends--181431.html,105365,2025-05-03T14:08:00,505.9
,CIL (Casablanca)Casablanca,BSalut098,https://ma.afribaba.com/casablanca/slt-bb-ana-aya-aji-3andi-apparemment-calme-khod-rahtek-bb--691583.html,105261,2026-03-20T18:10:00,184.7
,Casablanca,BHouda diamo,https://ma.afribaba.com/casablanca/hiba-23ans-deplacement-bomba-chez-toi--782842.html,103772,2026-09-14T23:33:00,6.5
,Aïn DiabCasablanca,BGirls Sexy,https://ma.afribaba.com/casablanca/li-bgha-pack-skhon-mre7ba-bih--711165.html,103657,2026-05-27T15:37:00,116.8
,Aïn DiabCasablanca,BGirls Sexy,https://ma.afribaba.com/casablanca/baby-aji-endi-ana-kantsnak--711035.html,102956,2026-06-06T17:19:00,106.8
,CIL (Casablanca)Casablanca,BSalut098,https://ma.afribaba.com/casablanca/hind-de-22-ans-plaisir-intense--690942.html,101443,2026-03-18T17:07:00,186.8
,Casablanca,BIvan Delaroche,https://ma.afribaba.com/casablanca/je-suis-ivan-delaroche-masseur-gay-actif-et-passif-vient-bb--782066.html,98590,2026-09-13T17:52:00,7.8
,Casablanca,BAna Sara,https://ma.afribaba.com/casablanca/sara-bb-aji-3andi-marhba-bik-nthla-fik--693594.html,96828,2026-03-24T20:55:00,180.6
,Casablanca,BHouda diamo,https://ma.afribaba.com/casablanca/je-deplace-jihan-njiik-tal-dar-deplacement--782745.html,95782,2026-09-14T20:55:00,6.6
,Casablanca,BSalut098,https://ma.afribaba.com/casablanca/bayda-ou-zwina-thma9-3liya-bb-mghadich-tndam-aji-nthla-fik--781947.html,95433,2026-09-14T18:51:00,6.7
,Casablanca,PAssil Daz,https://ma.afribaba.com/casablanca/lina-irresistilble--511770.html,95256,2025-01-26T16:31:00,602.8
,Racine (Casablanca)Casablanca,BDream centre Spa,https://ma.afribaba.com/casablanca/-la-princesse-israe-du-massage-avec-finitions--180717.html,94307,2026-09-20T14:16:00,0.9
,Casablanca,BPrincesse,https://ma.afribaba.com/casablanca/massages-sensuels-et-pratiques-erotiques-489721.html,94095,2026-09-12T16:43:00,8.8
,CIL (Casablanca)Casablanca,BAna Iman,https://ma.afribaba.com/casablanca/bb-aji-3andi-ana-ntsnak-fi-dari-rahtek-m3aya-fi-dari-bb-687915.html,93245,2026-03-10T18:23:00,194.7
,Casablanca,BJoudia Massage,https://ma.afribaba.com/casablanca/-plasir-top-et-innoubliable-avec-trans-ghazal-748899.html,92475,2026-09-12T22:15:00,8.6
,BourgogneCasablanca,PGhizou ghizou,https://ma.afribaba.com/casablanca/-ghyzlan-massage-a-domicile-24h--305267.html,91896,2023-08-07T00:49:00,1141.5
,Casablanca,BHouda diamo,https://ma.afribaba.com/casablanca/israa-23ans-se-deplace-kbida--782803.html,89684,2026-09-14T22:28:00,6.6
,OulfaCasablanca,Pnguessan parfait kouame,https://ma.afribaba.com/casablanca/passif-black-pour-massage-et-finition-717315.html,88848,2026-09-09T23:20:00,11.5
,Casablanca,Bsweet,https://ma.afribaba.com/casablanca/massage-sensuel-783081.html,88557,2026-09-18T17:43:00,2.8
,Casablanca,BHouda diamo,https://ma.afribaba.com/casablanca/hoyam-de-24ans-la-maturite-bb--781875.html,88084,2026-09-13T11:56:00,8.0
,Casablanca,PHi,https://ma.afribaba.com/casablanca/massage-pour-tout-le-monde-498672.html,87207,2025-03-29T21:26:00,540.6
,Casablanca,BMassage Vip,https://ma.afribaba.com/casablanca/-cute-brunette-photo-reelle--182105.html,86956,2026-08-21T14:30:00,30.9
,Aïn DiabCasablanca,BSpadelux Centre,https://ma.afribaba.com/casablanca/-vrai-promo-287583.html,86498,2026-09-04T14:31:00,16.9
,Casablanca,BAhlam,https://ma.afribaba.com/casablanca/deplacement-bon-plan-skinny-vip-se-deplace--783010.html,86226,2026-09-15T13:30:00,5.9
,Oasis (Casablanca)Casablanca,BManal,https://ma.afribaba.com/casablanca/oasis-sara-l-amp-039-elegance-sensuelle-a-creami--782717.html,85790,2026-09-14T20:24:00,6.7
,Casablanca,PHafeda,https://ma.afribaba.com/casablanca/ana-hafeda-24-ans-kandir-les-packs-sexy-plus-les-plans--343529.html,83563,2023-11-25T12:34:00,1031.0
,Aïn DiabCasablanca,PBlack Friday,https://ma.afribaba.com/casablanca/dkhlo-telegarm-mes-amours-697117.html,83058,2026-09-14T14:35:00,6.9
,OulfaCasablanca,BSidigui,https://ma.afribaba.com/casablanca/khloe-la-chaude-black-africaine-disponible-h24-sur-oulfa-782555.html,82731,2026-09-14T16:16:00,6.8
,CIL (Casablanca)Casablanca,BSalut098,https://ma.afribaba.com/casablanca/amal-de-25-ans-plaisir-intense--692942.html,82395,2026-03-23T18:27:00,181.7
,Casablanca,BRim,https://ma.afribaba.com/casablanca/salwa-de-21-ans-top-girl--783091.html,82387,2026-09-15T15:35:00,5.9
,OulfaCasablanca,BPlaisir Service,https://ma.afribaba.com/casablanca/cindy-sexy-booty-black-magnifique-finition-chez-moi--781945.html,81496,2026-09-13T13:48:00,7.9
,CalifornieCasablanca,PKarima Farahi,https://ma.afribaba.com/casablanca/karima-quinne-594024.html,81115,2025-08-29T00:21:00,388.5
,Casablanca,BFRANCOIS,https://ma.afribaba.com/casablanca/alice-la-chaude-black-africaine-disponible-h24-sur-casablanca-781601.html,80170,2026-09-12T18:42:00,8.7
,Hay El HassaniCasablanca,Pmeryoumma,https://ma.afribaba.com/casablanca/ajji-ahubbi-bjibuh-bjojj-f-appel-video--708223.html,79311,2026-09-18T14:36:00,2.9
,Casablanca,BHouda diamo,https://ma.afribaba.com/casablanca/basma-skinny-sexy-bon-plaisir--781658.html,78971,2026-09-12T20:41:00,8.6
,BourgogneCasablanca,PMasseurblackXXL,https://ma.afribaba.com/casablanca/masseurblackxxl-635036.html,78712,2025-12-19T14:55:00,275.9
,Aïn DiabCasablanca,BDream centre Spa,https://ma.afribaba.com/casablanca/-le-duo-qui-fait-tout--180889.html,78546,2026-07-26T16:13:00,56.8
,Aïn DiabCasablanca,BPaolo Gaime ouver,https://ma.afribaba.com/casablanca/foncion--693569.html,78469,2026-03-24T20:18:00,180.7
,BourgogneCasablanca,Bmadiha,https://ma.afribaba.com/casablanca/madiha-la-masseuse-offre-domicile-a-199dh-complet--88180.html,78030,2023-09-23T12:22:00,1094.0
,Casablanca,Ppub media,https://ma.afribaba.com/casablanca/lhob-ta3i-3andak-mochkil-l9adf-sari3-hna-nraj3ok-f7al-kif-lawal--333029.html,77618,2023-10-11T11:58:00,1076.0
,OulfaCasablanca,PJonathan Bolinji,https://ma.afribaba.com/casablanca/aicha-la-jolie-est-belle-est-dispo--782961.html,76757,2026-09-15T11:42:00,6.0
,Casablanca,BAya,https://ma.afribaba.com/casablanca/eyaa-3andi-fdaari-hobi--782050.html,75494,2026-09-13T17:26:00,7.8
,Casablanca,BMariam,https://ma.afribaba.com/casablanca/mariam-jeune-de-22ans--781908.html,75080,2026-09-13T12:56:00,8.0
,CIL (Casablanca)Casablanca,BAna Sara,https://ma.afribaba.com/casablanca/bb-ana-nthla-fik-ahsan-finition-3and-salma--692915.html,74701,2026-03-23T17:54:00,181.8
,BelvédèreCasablanca,BRositaben,https://ma.afribaba.com/casablanca/appel-video-pack-doz-nthla-fik--734474.html,72709,2026-06-18T13:26:00,94.9
,Casablanca,BWissal,https://ma.afribaba.com/casablanca/luxe-domina-wissal-bzazl-kbar-bigg-ass-skhona-sexy--782935.html,72540,2026-09-15T10:46:00,6.1
,Casablanca,PHajar,https://ma.afribaba.com/casablanca/finition-thabbel-la-taille-mliha--781932.html,72503,2026-09-13T13:57:00,7.9
,OulfaCasablanca,BFatin,https://ma.afribaba.com/casablanca/fatin-la-coquine-oulfa--781894.html,71926,2026-09-13T12:37:00,8.0
,CIL (Casablanca)Casablanca,BAna Sara,https://ma.afribaba.com/casablanca/bb-thi-3andi-ka3i-traja3-farhan-bb-ahan-finition--691585.html,71851,2026-03-20T18:14:00,184.7
,Casablanca,BFatima,https://ma.afribaba.com/casablanca/fatima-la-reine-d-afrique-782988.html,71067,2026-09-15T13:42:00,5.9
,Casablanca,PDoudouna Dina,https://ma.afribaba.com/casablanca/finition-inoubliablie-boon-plan-chez-moi-bebe-24h-24--781716.html,70974,2026-09-12T21:49:00,8.6
,Aïn DiabCasablanca,BPaolo Gaime ouver,https://ma.afribaba.com/casablanca/-sexy-700278.html,70332,2026-04-28T04:37:00,146.3
,Casablanca,BHouda diamo,https://ma.afribaba.com/casablanca/lyna-23ans-deplacement-bomba-toop-escort--781742.html,69587,2026-09-12T22:43:00,8.6
,BelvédèreCasablanca,PLiam,https://ma.afribaba.com/casablanca/black-gay-passif-massage-finition-chaude--747976.html,69226,2026-09-19T10:52:00,2.0
,Casablanca,BMassage Vip,https://ma.afribaba.com/casablanca/-massage-dans-un-cadre-luxueux--185477.html,68795,2026-08-21T14:32:00,30.9
,Casablanca,BDomina hard,https://ma.afribaba.com/casablanca/explorer-vos-fantasmes-et-vous-faire-orgasmer-fort-489718.html,68685,2026-09-12T16:44:00,8.8
,CIL (Casablanca)Casablanca,BAngelo soir,https://ma.afribaba.com/casablanca/-bonjour-massage-et-finition-783015.html,68663,2026-09-13T16:13:00,7.8
,Oasis (Casablanca)Casablanca,PTop Vip Massage,https://ma.afribaba.com/casablanca/-escorte-de-luxe-deplacement-bb--759402.html,68106,2026-09-21T11:20:52.794643,0.0
,Racine (Casablanca)Casablanca,PAna Iman,https://ma.afribaba.com/casablanca/ayyyyyy-bb-ji-3andi-bb-ana-naaaaaar--686817.html,66318,2026-03-07T18:21:00,197.7
,OulfaCasablanca,BBoubacar Sidigui,https://ma.afribaba.com/casablanca/anabelle-la-chaude-black-africaine-disponible-24-24-a-oulfa-782551.html,64909,2026-09-14T16:11:00,6.8
,BourgogneCasablanca,Pinesslouzi,https://ma.afribaba.com/casablanca/massage-sensuel-758377.html,64805,2026-09-18T03:22:00,3.4
,CIL (Casablanca)Casablanca,PWalid bb,https://ma.afribaba.com/casablanca/walid-borno-453200.html,64487,2024-08-27T01:58:00,755.4
,BourgogneCasablanca,PPanda publicity store,https://ma.afribaba.com/casablanca/-saby-massage-pro-24h--465901.html,63262,2024-10-04T23:22:00,716.5
,Casablanca,Pjihane,https://ma.afribaba.com/casablanca/massage-pleine-surprise-jihane-a-150dh-69568.html,63160,2022-02-02T13:41:00,1691.9
,CIL (Casablanca)Casablanca,BAna Iman,https://ma.afribaba.com/casablanca/bb-marhba-bik-nthla-fik--690673.html,63093,2026-03-17T19:11:00,187.7
,Oasis (Casablanca)Casablanca,BHiba,https://ma.afribaba.com/casablanca/hiba-sexy-domina-maitresse-strapon-bigg-ass-bb-vgl-aannaal--782243.html,62867,2026-09-13T22:41:00,7.6
,OulfaCasablanca,BFanta,https://ma.afribaba.com/casablanca/masseuse-professionnel-black-de-luxe-h24-oulfa-farah-783062.html,62759,2026-09-15T14:45:00,5.9
,Aïn DiabCasablanca,BSexy Rania,https://ma.afribaba.com/casablanca/coucou-aji-njiboh-appel-video--740991.html,61198,2026-09-01T13:52:00,19.9
,Casablanca,Bmassage a domicil,https://ma.afribaba.com/casablanca/bienvenue-dans-mon-univers-ou-elegance-confiance-et-caractere-se-re-760634.html,60989,2026-08-01T14:24:00,50.9
,BourgogneCasablanca,Pshaimae,https://ma.afribaba.com/casablanca/little-girl-looking-for-her-daddy--603908.html,60957,2025-12-28T21:34:00,266.6
,Casablanca,BAna Sara,https://ma.afribaba.com/casablanca/bb-marhba-bik-3andi-apparemment-tranquille-mathchmch-db-ji--694977.html,60415,2026-03-27T14:47:00,177.9
,Casablanca,BAna Sara,https://ma.afribaba.com/casablanca/bb-dyali-aji-trtah-3andi-paremment-dyali-tres-calme--697405.html,60405,2026-03-31T18:03:00,173.7
,Casablanca,BQueen sexy,https://ma.afribaba.com/casablanca/femme-super-sexy-tres-chaude-509670.html,59270,2026-09-12T16:43:00,8.8
,Casablanca,BJoudia Massage,https://ma.afribaba.com/casablanca/hind-sexy-anassi-757328.html,58553,2026-08-26T12:37:00,26.0
,Casablanca,BHouda diamo,https://ma.afribaba.com/casablanca/ihssan-taille-sexy-top-finition--781640.html,57979,2026-09-12T19:35:00,8.7
,Casablanca,BHouda diamo,https://ma.afribaba.com/casablanca/spa-de-reve-massage-hammam-pro-nthalla-fiik--782530.html,57546,2026-09-14T15:53:00,6.8
,Casablanca,PCarolie Carolina,https://ma.afribaba.com/casablanca/femme-mature-photo-reelle-24h-appartement-facile--743298.html,56689,2026-09-18T12:03:00,3.0
,Casablanca,BAppartement,https://ma.afribaba.com/casablanca/zineb-a-oulfaa-finition-v-vip--782351.html,56646,2026-09-14T09:12:00,7.1
,Aïn DiabCasablanca,BPaolo Gaime ouver,https://ma.afribaba.com/casablanca/hayat-sexi-fincion-massage-696439.html,56355,2026-03-29T22:18:00,175.6
,OulfaCasablanca,BPleasureStore,https://ma.afribaba.com/casablanca/tout-est-permis--782728.html,55995,2026-09-14T20:38:00,6.6
,Casablanca,BClara,https://ma.afribaba.com/casablanca/clara-afro-black-chaude-finition-et-jouissance--782466.html,55840,2026-09-14T14:09:00,6.9
,Casablanca,BMalak,https://ma.afribaba.com/casablanca/malak-sexy-wa3ra-mtchb3ch-mni-azhar-barnoussi--782930.html,55551,2026-09-15T10:16:00,6.1
,OulfaCasablanca,BInas,https://ma.afribaba.com/casablanca/vip-a-walfa-vasy-bb--782499.html,55553,2026-09-14T15:08:00,6.9
,Racine (Casablanca)Casablanca,BDream centre Spa,https://ma.afribaba.com/casablanca/-ton-ideal-partenaire-en-massage-corps-a-corps--180905.html,55375,2026-09-20T14:16:00,0.9
,Casablanca,BKamelia Karamella,https://ma.afribaba.com/casablanca/ain-sbaa-big-ass-hbe--782362.html,54967,2026-09-14T10:02:00,7.1
,BelvédèreCasablanca,PChloé,https://ma.afribaba.com/casablanca/-top-finition-avec-la-belle-chloe-femme-tres-excitee--782473.html,54473,2026-09-14T14:24:00,6.9
,Casablanca,BRim,https://ma.afribaba.com/casablanca/linaa-de-19-ans-top-girl--782592.html,53778,2026-09-14T17:01:00,6.8
,Casablanca,BHouda diamo,https://ma.afribaba.com/casablanca/aya-23ans-deplacement-bomba-chez-toi--782764.html,53687,2026-09-14T21:26:00,6.6
,Aïn DiabCasablanca,BPaolo Gaime ouver,https://ma.afribaba.com/casablanca/-finicion-sexy-701919.html,53663,2026-04-11T00:53:00,163.5
,Casablanca,BFatin,https://ma.afribaba.com/casablanca/fatin-endroit-calme-en-ville--782422.html,52306,2026-09-14T12:55:00,7.0
,Casablanca,BCharles Douglas,https://ma.afribaba.com/casablanca/se-deplace-top-escorte-vip-deplacement--780181.html,52269,2026-09-10T02:47:00,11.4
,BelvédèreCasablanca,BNada,https://ma.afribaba.com/casablanca/nada-de-25ans-finition-vas-y-hbe--781616.html,51840,2026-09-12T19:13:00,8.7
,Casablanca,BAinsbaa,https://ma.afribaba.com/casablanca/fdarna-ainsbaa-ana-sahbti--782485.html,50968,2026-09-14T14:44:00,6.9
,CIL (Casablanca)Casablanca,BSalut098,https://ma.afribaba.com/casablanca/bb-aji-3andi-marhba-bik-nthla-fik-fi-dari--687949.html,50146,2026-03-10T19:03:00,194.7
,Casablanca,BQueen love,https://ma.afribaba.com/casablanca/massage-sexy-a-domicile-chez-moi-pour-max-du-plaisir-491724.html,49830,2026-09-12T16:44:00,8.8
,Casablanca,BNorhan,https://ma.afribaba.com/casablanca/norhan-30ans-la-maturite--782655.html,49684,2026-09-14T18:53:00,6.7
,Casablanca,BLina,https://ma.afribaba.com/casablanca/lina-escort-small-raffine-recois-et-je-deplace-amour-intime-vgl--719177.html,49663,2026-09-14T13:18:00,6.9
,Aïn DiabCasablanca,BGirls Sexy,https://ma.afribaba.com/casablanca/bb-ana-skhona-les-packes-dispo-aji-endi--780828.html,49176,2026-09-15T14:12:00,5.9
,OulfaCasablanca,BPlaisir Service,https://ma.afribaba.com/casablanca/baisseuse-sex-uelle-service-vip-h24-rejoins-moi-bb--781841.html,47920,2026-09-13T09:29:00,8.1
,OulfaCasablanca,BPlaisir Service,https://ma.afribaba.com/casablanca/-news-masseuse-sex-e-finition-sexy-black-hop-782906.html,46988,2026-09-15T06:27:00,6.2
,BourgogneCasablanca,Pjamila jod,https://ma.afribaba.com/casablanca/-jamila-taille-sexy-super-finitio-24h--460599.html,46666,2024-09-17T23:35:00,733.5
,Casablanca,BHind,https://ma.afribaba.com/casablanca/hind-new-escort-extra-bigg-ass-xxl-recois-anfa-vgl-intense--781369.html,46581,2026-09-12T11:29:00,9.0
,CIL (Casablanca)Casablanca,BAngelo soir,https://ma.afribaba.com/casablanca/-deneila-massage-et-finition-782266.html,46612,2026-09-11T21:09:00,9.6
,BourgogneCasablanca,PYsrahsexyfinition,https://ma.afribaba.com/casablanca/ysrah-sexy-finition-662420.html,46528,2026-01-16T02:03:00,248.4
,Casablanca,BHouda,https://ma.afribaba.com/casablanca/houda-la-creme-hubi--782572.html,46244,2026-09-14T16:35:00,6.8
,Casablanca,BSofya Nadine,https://ma.afribaba.com/casablanca/nadine-se-deplace-chez-toii-ana-nji-tal-3andek-a-hobi--677611.html,45806,2026-09-03T22:53:00,17.5
,Casablanca,BAmal,https://ma.afribaba.com/casablanca/amal-jeune-et-sexy--782749.html,45614,2026-09-14T21:00:00,6.6
,Casablanca,BDream centre Spa,https://ma.afribaba.com/casablanca/-plan-four-hands-two-hot-masseuse-178811.html,45538,2026-07-26T16:16:00,56.8
,Casablanca,BSoso4,https://ma.afribaba.com/casablanca/titizaaa-belle-et-sexy-telegramm-disponible-pour-les-pack-ett-camm-759837.html,45491,2026-08-02T18:34:00,49.7
,Casablanca,PAmira,https://ma.afribaba.com/casablanca/je-travaille-chez-moi-24h-bien-etre-detente-779195.html,45466,2026-09-17T23:59:00,3.5
,Casablanca,BZineb,https://ma.afribaba.com/casablanca/a-domicile-happy-anaal-v-g-l-kolchy-hbiba-aji-db-24-h--782292.html,45464,2026-09-14T00:08:00,7.5
,Casablanca,BRania,https://ma.afribaba.com/casablanca/rania--782599.html,45176,2026-09-14T17:22:00,6.8
,Casablanca,BMalika,https://ma.afribaba.com/casablanca/jouissance-chaud-chez-la-reine-du-massage-malika--782164.html,44484,2026-09-13T20:45:00,7.6
,OulfaCasablanca,BPlaisir Service,https://ma.afribaba.com/casablanca/gros-c-ul-dispo-h24-tres-excite-finition--781934.html,44138,2026-09-13T13:48:00,7.9
,Derb GhallefCasablanca,BDream centre Spa,https://ma.afribaba.com/casablanca/-la-masseuse-naturel-100-100-sexy--178795.html,44089,2026-08-20T15:20:00,31.9
,Casablanca,BPlan 3 dispo,https://ma.afribaba.com/casablanca/ainsbaa-ana-sahbti--774733.html,44014,2026-09-02T18:47:00,18.7
,Oasis (Casablanca)Casablanca,Psomelane,https://ma.afribaba.com/casablanca/--377361.html,43872,2024-01-29T10:57:00,966.0
,CIL (Casablanca)Casablanca,BAna Sara,https://ma.afribaba.com/casablanca/zin-ou-latay-bb-marhba-bik-3andi-fi-apparemment-dyali-tres-calme--692012.html,43446,2026-03-21T18:14:00,183.7
,Casablanca,PBlack Friday,https://ma.afribaba.com/casablanca/rim-telegram-727830.html,43104,2026-09-10T14:09:00,10.9
,Casablanca,BSexy Rime,https://ma.afribaba.com/casablanca/manar-toop-finition-vag-je-recois-3mry--780715.html,42572,2026-09-11T00:28:00,10.5
,OulfaCasablanca,PLAHON Zahra,https://ma.afribaba.com/casablanca/belle-transgenre-sexy-et-tres-bien-effemine-disponible-sur-casablanca-621419.html,42432,2025-10-23T19:29:00,332.7
,CIL (Casablanca)Casablanca,PInass,https://ma.afribaba.com/casablanca/inass-top-finition-plan-a-3-dispo--782598.html,42145,2026-09-14T17:10:00,6.8
,Casablanca,BAna Sara,https://ma.afribaba.com/casablanca/salma-de-24ans-plaisir-intense--693904.html,41943,2026-03-25T15:01:00,179.9
,CIL (Casablanca)Casablanca,BAna Sara,https://ma.afribaba.com/casablanca/bb-ana-hind-ji-3andi-nthla-fik-ou-tmchi-farhaan--700688.html,41547,2026-04-06T17:40:00,167.8
,OulfaCasablanca,BSidigui,https://ma.afribaba.com/casablanca/kim-la-chaude-black-africaine-disponible-h24-sur-oulfa-782539.html,40905,2026-09-14T16:04:00,6.8
,Sidi MaâroufCasablanca,Pannocespro,https://ma.afribaba.com/casablanca/-mamita-massage-782759.html,40838,2026-09-14T21:16:00,6.6
,Casablanca,BHouda diamo,https://ma.afribaba.com/casablanca/je-deplace-douaa-njiik-tal-dar-deplacement--781775.html,40818,2026-09-12T23:29:00,8.5
,CIL (Casablanca)Casablanca,BAna Iman,https://ma.afribaba.com/casablanca/kbidaa-dyali-aji-3andi-apparemment-tranquille--687919.html,40731,2026-03-10T19:24:00,194.7
,Casablanca,PSamantha pro,https://ma.afribaba.com/casablanca/mssage-sucre-bb-black-excite-j-adore-la-bai-se-h24--782834.html,39961,2026-09-14T23:17:00,6.5
,Casablanca,BPlaisir Service,https://ma.afribaba.com/casablanca/finition-hyper-chaud-skinny-disponible-chez-moi--783099.html,39778,2026-09-15T15:53:00,5.8
,Casablanca,PEdwardo,https://ma.afribaba.com/casablanca/massage-excitant-et-relaxant-238859.html,39685,2023-01-11T23:34:00,1348.5
,Casablanca,BIkram,https://ma.afribaba.com/casablanca/ikram-deplacement-nouvelle-fille-photos-reelles--782187.html,39351,2026-09-13T21:21:00,7.6
,Casablanca,BPlaisir Service,https://ma.afribaba.com/casablanca/service-inoubliable-finition-massage-sexy-black-tres-excite-781777.html,38777,2026-09-12T23:31:00,8.5
,Casablanca,BDouaa,https://ma.afribaba.com/casablanca/-rahma-la-maturite-emry-ajy-3andi-hbiba-nthalla-fik-sexy--781594.html,38743,2026-09-12T18:23:00,8.7
,Casablanca,PAmifou Sange,https://ma.afribaba.com/casablanca/massage-special-de-avec-finition-lagironde-h24--781676.html,38714,2026-09-12T20:40:00,8.6
,Casablanca,BNadine,https://ma.afribaba.com/casablanca/nadine-luxe-girl-coquine-sexy-fesse-bien-fait-finition-781869.html,38667,2026-09-13T11:44:00,8.0
,Casablanca,Byour dreem,https://ma.afribaba.com/casablanca/hbiba-kolchi-mojoda-t9dr-tkhtar-li-bgiti-lor-9odam-ok-782511.html,38614,2026-09-17T17:55:00,3.8
,CIL (Casablanca)Casablanca,PYassmina,https://ma.afribaba.com/casablanca/yassmine-top-finition-je-recois--781541.html,38495,2026-09-12T16:21:00,8.8
,Casablanca,PDoudouna Dina,https://ma.afribaba.com/casablanca/finition-inoubliablie-service-vip-bon-plan-bb-24-24-782876.html,38398,2026-09-15T01:04:00,6.5
,Casablanca,BLina,https://ma.afribaba.com/casablanca/lina-de-23ans-sexy-blonde-je-reccois--782837.html,37724,2026-09-15T20:44:00,5.6
,Casablanca,BInes,https://ma.afribaba.com/casablanca/-hello-bb-je-suis-disponible-24h-24-massage-finition--781975.html,37720,2026-09-13T14:39:00,7.9
,BourgogneCasablanca,BLyne Kloe,https://ma.afribaba.com/casablanca/angela-chaude-naturelle-a-anfa-casablanca-782540.html,37301,2026-09-14T16:04:00,6.8
,Casablanca,BSofya Nadine,https://ma.afribaba.com/casablanca/nadine-se-deplace-chez-toii-ana-nji-l3nandek-a-hobi-670824.html,36532,2026-09-19T23:44:00,1.5
,Aïn DiabCasablanca,PAsmae packs,https://ma.afribaba.com/casablanca/aji-ahbebi-njiboh-bjoj-f-appel-video-9ra-ltht-darori-652433.html,35773,2026-02-11T12:59:00,222.0
,Casablanca,PLiza Liza,https://ma.afribaba.com/casablanca/cc-bb-c-la-plus-belle-du-casa-appel-moi--724640.html,35625,2026-06-28T17:48:00,84.8
,Hay SalamaCasablanca,B,https://ma.afribaba.com/casablanca/hay-adil-nthalla-fik-bebe--772166.html,35423,2026-08-25T17:23:00,26.8
,CalifornieCasablanca,PSalmapacks,https://ma.afribaba.com/casablanca/hi-ana-salma-kandir-li-packs-sexy-dyali-sixcam--712901.html,35377,2026-06-22T19:46:00,90.7
,Casablanca,BLe Roi Du nord,https://ma.afribaba.com/casablanca/-sadia-black-fontaine-disponible-24-24--781696.html,34737,2026-09-12T21:20:00,8.6
,Aïn DiabCasablanca,Bgirlsagency,https://ma.afribaba.com/casablanca/coucou-rani-skhona-aji-endi--750680.html,35009,2026-09-21T11:08:17.634763,0.0
,BourgogneCasablanca,BDaniel Moussa,https://ma.afribaba.com/casablanca/baisseuse-black-sexy-top-plaisir-de-qualite-viens-me-defonce-bb--782268.html,34660,2026-09-13T23:19:00,7.5
,Aïn DiabCasablanca,PBlack Friday,https://ma.afribaba.com/casablanca/dkhl-endi-telegram-ahbiba-718738.html,34156,2026-09-18T22:09:00,2.6
,Aïn DiabCasablanca,PHouda Imourig,https://ma.afribaba.com/casablanca/houda-22-ans-617171.html,33827,2025-10-25T01:58:00,331.4
,OulfaCasablanca,BFarah,https://ma.afribaba.com/casablanca/sexy-farah-fdari-oulfa--777144.html,33800,2026-09-04T12:35:00,17.0
,Casablanca,BMagic Rrlax,https://ma.afribaba.com/casablanca/escort-taille-magnifique-bien-fait-appart-casa--782700.html,33669,2026-09-14T20:04:00,6.7
,BourgogneCasablanca,BDiva ahlam,https://ma.afribaba.com/casablanca/--722757.html,33072,2026-05-15T21:12:00,128.6
,Casablanca,PHigh Pie222,https://ma.afribaba.com/casablanca/ajiiii-endi-telegram-742980.html,33049,2026-09-17T23:49:00,3.5
,Casablanca,BDoudouna Dina,https://ma.afribaba.com/casablanca/finition-inoubliablie-service-vip-bon-plan-chez-moi-bb--782263.html,33020,2026-09-13T23:03:00,7.5
,OulfaCasablanca,BPleasureStore,https://ma.afribaba.com/casablanca/-a-oulfa--775690.html,32858,2026-09-01T14:38:00,19.9
,Casablanca,B,https://ma.afribaba.com/casablanca/bernousi-sexy-de-22ans--780761.html,32665,2026-09-11T08:16:00,10.2
,Casablanca,PAstou,https://ma.afribaba.com/casablanca/une-partenaire-sublime-et-tres-sympathique-sur-casablanca--782086.html,32539,2026-09-13T18:25:00,7.7
,Casablanca,BAppartement,https://ma.afribaba.com/casablanca/appart-chic-oulfa-zin-dyaali--780805.html,32349,2026-09-11T11:24:00,10.0
,Casablanca,PKim Kim,https://ma.afribaba.com/casablanca/massage-sensuel-h24--782548.html,32334,2026-09-14T16:09:00,6.8
,Casablanca,B,https://ma.afribaba.com/casablanca/-joudia-je-me-deplace--782313.html,32250,2026-09-14T01:29:00,7.4
,Aïn DiabCasablanca,PKhadija Sabir,https://ma.afribaba.com/casablanca/khadija-cam-595872.html,32166,2025-09-01T21:33:00,384.6
,CIL (Casablanca)Casablanca,BAna Iman,https://ma.afribaba.com/casablanca/slt-bb-ana-nora-aji-3andi-apparemment-calme-khod-rahtek-bb--690667.html,32145,2026-03-17T19:11:00,187.7
,Casablanca,Psoumis,https://ma.afribaba.com/casablanca/homme-cherche-une-dominatrice-sur-casablanca-552312.html,31912,2025-06-13T03:23:00,465.4
,Casablanca,BRim,https://ma.afribaba.com/casablanca/maarwa-de-19-ans-top-girl--781993.html,31832,2026-09-13T15:46:00,7.8
,Aïn DiabCasablanca,PPaolo Gaime ouver,https://ma.afribaba.com/casablanca/bienvenue-mon-amour-chez-moi-a-la-montagne-vous-serez-heureux-et-b-670239.html,31735,2026-06-09T05:29:00,104.3
,Casablanca,BDina,https://ma.afribaba.com/casablanca/jeune-de-21ans-forma-7lowa--781669.html,31604,2026-09-12T20:31:00,8.6
,Casablanca,BNour,https://ma.afribaba.com/casablanca/nour-30-ans-a7la-tille-njibo-m3ak-bb--782000.html,31601,2026-09-13T16:07:00,7.8
,Casablanca,BSara,https://ma.afribaba.com/casablanca/sara-se-deplace-queen-of-sexx--782751.html,31519,2026-09-14T21:00:00,6.6
,Casablanca,BWijdane,https://ma.afribaba.com/casablanca/ainsbaa-plaisir-magique--781707.html,31447,2026-09-12T21:28:00,8.6
,Casablanca,BHouda diamo,https://ma.afribaba.com/casablanca/majda-taille-thabal-sexy-et-mignonne--782792.html,31162,2026-09-14T22:13:00,6.6
,Oasis (Casablanca)Casablanca,PHajar,https://ma.afribaba.com/casablanca/hajar-aji-ahoupy-nkaftou-bzouj-f-appel-video--655870.html,31126,2025-12-28T18:51:00,266.7
,Casablanca,BCarolie Carolina,https://ma.afribaba.com/casablanca/-cc-mes-amours-ici-la-plus-belle-de-casa-appel-moi--780950.html,31108,2026-09-15T15:58:00,5.8
,Casablanca,BMarwa,https://ma.afribaba.com/casablanca/marwa-hot-skinny-girl-very-sexuel-petite-fesse-amour-vgl-anfa-782496.html,31008,2026-09-14T15:38:00,6.8
,Aïn DiabCasablanca,BRositaben,https://ma.afribaba.com/casablanca/skhouna-aji-njiboh-ana-wiyak--756023.html,31025,2026-09-21T10:47:26.849647,0.1
,Casablanca,PRabab Rabab,https://ma.afribaba.com/casablanca/farah-formatop-gfinition-5-vagos-679778.html,30960,2026-02-14T16:59:00,218.8
,Casablanca,BFlora,https://ma.afribaba.com/casablanca/hello-bb-je-m-amp-039-appelle-flora-black-escort-casa--782871.html,30939,2026-09-15T00:45:00,6.5
,Casablanca,BAna Sara,https://ma.afribaba.com/casablanca/hbibi-aji-trtah-3andi-apparemment-tres-calme--698364.html,30839,2026-04-02T16:07:00,171.8
,Casablanca,Bsamira,https://ma.afribaba.com/casablanca/-massage-complet-finition-a-domicile-casa-h24--782169.html,30824,2026-09-13T21:05:00,7.6
,CalifornieCasablanca,Phaytam Benghir,https://ma.afribaba.com/casablanca/aji-ahbiba-nbar3ak-kifma-bghiti-vas-y-contacter-moi--492789.html,30789,2026-08-20T22:59:00,31.5
,Casablanca,BAna Sara,https://ma.afribaba.com/casablanca/salut-hbibi-marhba-bik-3andi-apparemment-tranquille--697363.html,30647,2026-03-31T16:55:00,173.8
,Sidi MaâroufCasablanca,PPrince,https://ma.afribaba.com/casablanca/massage-chez-minashu-713500.html,30584,2026-05-08T08:51:00,136.1
,Casablanca,BNice Lady,https://ma.afribaba.com/casablanca/-26-ans-sexy-et-naturelle-amp-amp-charme-24-24-781779.html,30521,2026-09-12T23:37:00,8.5
,CalifornieCasablanca,Pخديجة خديجة,https://ma.afribaba.com/casablanca/ana-mslia-kbidati-daylii-chekooon-ydouz-prive-nethla-fik--660607.html,30487,2026-01-19T00:10:00,245.5
,Casablanca,Bsweet,https://ma.afribaba.com/casablanca/zn-belle-chatte-et-cul-elle-t-amp-039-attends-viens-fini-la-chaude-amp-039--783089.html,30474,2026-09-18T18:20:00,2.7
,OulfaCasablanca,BPlaisir Service,https://ma.afribaba.com/casablanca/belle-finition-sex-uelle-massage-chez-moi-plaisir100-sucette-782039.html,30467,2026-09-13T17:07:00,7.8
,Casablanca,PFaby pro,https://ma.afribaba.com/casablanca/-plaisir-illimite-ebene-excite-incroyable-au-lit-h24--782878.html,30437,2026-09-15T01:25:00,6.4
,Casablanca,BCharles Douglas,https://ma.afribaba.com/casablanca/deplacement-vip-se-deplace-honey--782280.html,30422,2026-09-13T23:43:00,7.5
,Casablanca,BSexy Rime,https://ma.afribaba.com/casablanca/spa-massage-prive-relaxation-total-hammam-royal--777698.html,30410,2026-09-05T12:10:00,16.0
,BourgogneCasablanca,BMmille Caa,https://ma.afribaba.com/casablanca/la-french-fraicheure-659284.html,30355,2026-05-25T01:46:00,119.4
,Casablanca,BDominatrice avec Matériel,https://ma.afribaba.com/casablanca/dominatrice-fetiche-materiels-professionnel-recois-chez-elle--781909.html,30129,2026-09-13T12:56:00,8.0
,Casablanca,BAppartement,https://ma.afribaba.com/casablanca/chez-moi-baby-a-oulfa--782914.html,30015,2026-09-15T08:01:00,6.2
,Casablanca,BImane,https://ma.afribaba.com/casablanca/imane-une-fille-mannequin-petite-fesse-de-folie-appart-anfa--780818.html,29926,2026-09-11T12:05:00,10.0
,Aïn DiabCasablanca,BDream centre Spa,https://ma.afribaba.com/casablanca/-hard-night-with-biggest-mery--181307.html,29842,2026-07-26T16:12:00,56.8
,Casablanca,BAsmaa,https://ma.afribaba.com/casablanca/je-deplace-asmaa-njiik-tal-dar-deplacement--781817.html,29705,2026-09-13T02:01:00,8.4
,Aïn DiabCasablanca,BAmira baby,https://ma.afribaba.com/casablanca/mrehba-bik-endi-njiboh-ana-wiyak--742621.html,29588,2026-07-13T12:59:00,70.0
,Casablanca,BTn Camelia,https://ma.afribaba.com/casablanca/yass-guapa-escort-foot-fetish-l-art-de-la-domination--778718.html,29350,2026-09-16T18:32:00,4.7
,Casablanca,BSpa,https://ma.afribaba.com/casablanca/spa-massage-sexuelle-bon-plaisir--779846.html,28845,2026-09-09T13:00:00,12.0
,Casablanca,BCharles Douglas,https://ma.afribaba.com/casablanca/se-deplacer-vip-deplacement-lux-escort--779681.html,28296,2026-09-08T23:47:00,12.5
,Oasis (Casablanca)Casablanca,BSanaa,https://ma.afribaba.com/casablanca/sanaa-small-skinny-girl-tres-mince-petite-fesse-vgl-bb-oasis-773635.html,28282,2026-08-28T18:11:00,23.7
,Casablanca,BAmira,https://ma.afribaba.com/casablanca/amira-aji-n3ichou-bebe--773430.html,28027,2026-08-28T12:13:00,24.0
,Casablanca,BSalut098,https://ma.afribaba.com/casablanca/bb-ana-hiba-marhba-bik-3andi-ji-ntha-fik-fdari--700104.html,28014,2026-04-05T16:17:00,168.8
,Casablanca,BHouda diamo,https://ma.afribaba.com/casablanca/jannat-toop-escort-vous-attend-pour-un-sexe-de-reve--782847.html,27999,2026-09-14T23:56:00,6.5
,CIL (Casablanca)Casablanca,BAbir,https://ma.afribaba.com/casablanca/la-belle-abir-mannequin-jolie-fesse-small-baby-beausejour-vgl-bb-781012.html,27653,2026-09-11T16:46:00,9.8
,Casablanca,BHouda diamo,https://ma.afribaba.com/casablanca/maya-je-deplace-chez-toi--782257.html,27650,2026-09-13T22:53:00,7.5
,Oasis (Casablanca)Casablanca,BHiba,https://ma.afribaba.com/casablanca/hiba-maitresse-domina-xtra-bigg-ass-chaud-sexy-vgl-aannnaal-ghandi-781205.html,27332,2026-09-11T21:40:00,9.6
,Casablanca,BHouda diamo,https://ma.afribaba.com/casablanca/je-deplace-nada-njiik-tal-dar-deplacement--781136.html,27144,2026-09-11T20:06:00,9.7
,Casablanca,BHouda diamo,https://ma.afribaba.com/casablanca/siham-24ans-je-deplace-bb-chez-toi-finition-sensuelle--782753.html,27136,2026-09-14T21:07:00,6.6
,Casablanca,BRhita,https://ma.afribaba.com/casablanca/rhita-tres-bonne-taille--780940.html,27063,2026-09-11T14:29:00,9.9
,BourgogneCasablanca,PHind Tahiri,https://ma.afribaba.com/casablanca/hind-les-packs-et-cam--642800.html,26837,2025-12-16T18:56:00,278.7
,BelvédèreCasablanca,PNATACHA PRO,https://ma.afribaba.com/casablanca/-ca-b-aise-fort-plaisir-a-gogo-ebene-excite-h24--782155.html,26834,2026-09-13T20:23:00,7.7
,Casablanca,Binsaf,https://ma.afribaba.com/casablanca/insaf-la-superbe-sexy-finition-speciale--771911.html,26829,2026-08-25T11:22:00,27.0
,Casablanca,BSalut098,https://ma.afribaba.com/casablanca/bayda-ou-zwina-ghadi-trta7-m3aya-maghdich-tndm-bb-779329.html,26487,2026-09-08T12:23:00,13.0
,Casablanca,BHiba,https://ma.afribaba.com/casablanca/taille-mannequin--782241.html,26483,2026-09-13T22:33:00,7.6
,Sidi MaâroufCasablanca,BPlaisir Service,https://ma.afribaba.com/casablanca/ravissante-masseuse-finition--783158.html,26431,2026-09-15T17:48:00,5.8
,Casablanca,BHouda diamo,https://ma.afribaba.com/casablanca/nihad-deplacement-girl-bomba--781773.html,26315,2026-09-12T23:24:00,8.5
,Casablanca,BAna Sara,https://ma.afribaba.com/casablanca/bb-ana-skhona-ou-n9iya-mghadich-tndm-trja3-frhan--782450.html,26232,2026-09-14T13:41:00,6.9
,Casablanca,BRose bonbon,https://ma.afribaba.com/casablanca/queen-black-esc-ort-masseuse-disponible-24h-24-7jr-7-781118.html,26203,2026-09-11T19:51:00,9.7
,CIL (Casablanca)Casablanca,BAna Iman,https://ma.afribaba.com/casablanca/hbibi-aji-3andi-apparemment-calme-bizo--690317.html,26130,2026-03-16T19:42:00,188.7
,OulfaCasablanca,BMature,https://ma.afribaba.com/casablanca/mature-a-oulfaa--778832.html,26110,2026-09-07T14:26:00,13.9
,Aïn DiabCasablanca,PFarah010,https://ma.afribaba.com/casablanca/huuyy-seex-cam-et-packk--782775.html,25965,2026-09-11T22:28:00,9.6
,OulfaCasablanca,BIchraq,https://ma.afribaba.com/casablanca/ichraq-titiza-a-oulfa--778829.html,25898,2026-09-07T14:11:00,13.9
,BourgogneCasablanca,BLina,https://ma.afribaba.com/casablanca/lina-skhona-bb-bourgougne-782503.html,25847,2026-09-14T15:10:00,6.9
,Casablanca,BYousra,https://ma.afribaba.com/casablanca/yousra-deriya-ghezala-sexy-forma-wa3ra-n3jbk-finition-anfa-781895.html,25539,2026-09-13T12:41:00,8.0
,Casablanca,BHouda diamo,https://ma.afribaba.com/casablanca/riham-molat-tarf-taille-sexy--782718.html,25453,2026-09-14T20:28:00,6.6
,Casablanca,BAya,https://ma.afribaba.com/casablanca/aya-plaisir-magique--774781.html,25398,2026-08-30T20:21:00,21.7
,Casablanca,BSanae,https://ma.afribaba.com/casablanca/sanae-de-23ans-je-me-deplace-chez-toi-bebe--782237.html,25394,2026-09-13T22:32:00,7.6
,Casablanca,BMalak,https://ma.afribaba.com/casablanca/malak-toop-escort-bomba-deplacement--782761.html,25260,2026-09-14T21:18:00,6.6
,BelvédèreCasablanca,BLamiaa,https://ma.afribaba.com/casablanca/lamiaa-taille-mannequin--779467.html,25254,2026-09-08T16:13:00,12.8
,Casablanca,PFit Rozay,https://ma.afribaba.com/casablanca/massage-pour-femme-a-domicile-299547.html,25074,2023-07-21T22:18:00,1157.6
,Sidi MaâroufCasablanca,PPlansexe,https://ma.afribaba.com/casablanca/sexe-pour-femme-mature-776156.html,24897,2026-08-30T14:15:00,21.9
,CalifornieCasablanca,PHiba Hanina,https://ma.afribaba.com/casablanca/hiba-queene-appele-video-et-les-packs-639923.html,24811,2025-12-29T01:05:00,266.5
,BourgogneCasablanca,BPackpack,https://ma.afribaba.com/casablanca/kandir-ahbiba-les-appel-video-wles-packs-merhba-bik--766819.html,24784,2026-09-21T10:26:42.778607,0.1
,Casablanca,BDream centre Spa,https://ma.afribaba.com/casablanca/-la-plus-belle-masseuse-est-la--181485.html,24702,2022-09-20T14:36:00,1461.9
,Casablanca,BChaimae,https://ma.afribaba.com/casablanca/chaimae-finition-libghiti--782425.html,24664,2026-09-14T13:05:00,7.0
,CIL (Casablanca)Casablanca,BKawtarkokita,https://ma.afribaba.com/casablanca/gros-seins-grosses-fesses-dispo-pr-plan-775015.html,24611,2026-08-31T11:06:00,21.0
,Casablanca,BAna Sara,https://ma.afribaba.com/casablanca/hobi-aji-3andi-nbar3ak-ghafi-y3jbk-lhal-m3aya-tmchi-nacht--759057.html,24523,2026-08-01T12:17:00,51.0
,Casablanca,BRihabe,https://ma.afribaba.com/casablanca/rihabe-de-19ans--782017.html,24492,2026-09-13T17:27:00,7.8
,Casablanca,Bla belle vie,https://ma.afribaba.com/casablanca/je-suis-kevin-un-beau-gosse-gay-africain-versatile-vient-bb--779842.html,24043,2026-09-09T12:38:00,12.0
,Casablanca,BSPA,https://ma.afribaba.com/casablanca/spa-de-reve-massage-hammam-nthalla-fiik--780285.html,23897,2026-09-10T14:06:00,10.9
,Aïn DiabCasablanca,BPaolo Gaime ouver,https://ma.afribaba.com/casablanca/-finicion-sex-702962.html,23744,2026-04-10T00:23:00,164.5
,Casablanca,BHamed,https://ma.afribaba.com/casablanca/hamed-la-rose-un-masseur-professionnel-gay-black-versatile--778349.html,23696,2026-09-06T15:06:00,14.9
,Casablanca,BNina,https://ma.afribaba.com/casablanca/-black-masseuse-encor-t-girl-sexy-disponible-24h-24--778856.html,23687,2026-09-07T15:07:00,13.9
,Casablanca,BNice Lady,https://ma.afribaba.com/casablanca/forma-7lowa-matskhach-bih--781888.html,23616,2026-09-13T12:23:00,8.0
,Oasis (Casablanca)Casablanca,BInès,https://ma.afribaba.com/casablanca/ines-hot-girl-luxe-mannequin-tres-mince-meilleure-vgl-sexy-oasis-782484.html,23548,2026-09-14T14:47:00,6.9
,Hay SalamaCasablanca,BHiba,https://ma.afribaba.com/casablanca/tacharouk-finition-thablik--780567.html,23550,2026-09-11T23:28:00,9.5
,BourgogneCasablanca,Bnisrine,https://ma.afribaba.com/casablanca/nissrine-massage-service-limitee-a-domicile-74134.html,23534,2023-04-26T11:52:00,1244.0
,Casablanca,BZineb,https://ma.afribaba.com/casablanca/skhona-bzf-hbiba-aji-db-andy-24-h-ana-kantsenak-aji-db-780752.html,23391,2026-09-11T03:28:00,10.4
,CIL (Casablanca)Casablanca,Pmassage a domicil,https://ma.afribaba.com/casablanca/massage-dans-un-appartement-calme-et-propre-pour-un-bon-relaxant-a-dom-124278.html,23032,2023-08-05T23:16:00,1142.5
,Casablanca,PAshley pro,https://ma.afribaba.com/casablanca/-b-aise-ma-chatte-ebene-excite-incroyabl-au-lit-h24-782850.html,22900,2026-09-15T00:03:00,6.5
,CIL (Casablanca)Casablanca,BAna Sara,https://ma.afribaba.com/casablanca/bb-zin-ou-latay-ji-3andi-apparemment-calme-khod-rahtek--699989.html,22804,2026-04-05T13:56:00,168.9
,Casablanca,BDina,https://ma.afribaba.com/casablanca/dina-mature-de-32ans--774064.html,22593,2026-08-29T15:45:00,22.8
,CalifornieCasablanca,Pتلاهمنا وزامنت,https://ma.afribaba.com/casablanca/kawtaar-les-packs-et-sexcam-disponible--691741.html,22578,2026-04-02T02:27:00,172.4
,Racine (Casablanca)Casablanca,PLoubna Benani,https://ma.afribaba.com/casablanca/-lobana-princesse-de-la-finition-jst-soiree--461450.html,22335,2024-09-15T23:55:00,735.5
,CalifornieCasablanca,PChaimae,https://ma.afribaba.com/casablanca/chaimae-appel-vidyo-ola-packs-657340.html,22225,2026-01-04T16:21:00,259.8
,BourgogneCasablanca,PMaryame Kadiri,https://ma.afribaba.com/casablanca/maryam-les-packs-et-cam--623156.html,22199,2025-10-27T13:22:00,328.9
,BourgogneCasablanca,PFadwa,https://ma.afribaba.com/casablanca/--520182.html,22163,2025-02-15T14:21:00,582.9
,CalifornieCasablanca,PSa Raa,https://ma.afribaba.com/casablanca/saraa-les-pack-et-sexcaam--779148.html,22091,2026-09-04T23:21:00,16.5
,CIL (Casablanca)Casablanca,BAna Iman,https://ma.afribaba.com/casablanca/salut-kbidaaa-aji-3andi-apparemment-dyali-tres-calme-securise-bb--689069.html,22085,2026-03-13T19:10:00,191.7
,BourgogneCasablanca,PIman Iman,https://ma.afribaba.com/casablanca/sexy-vip-adomicile-chez-moi--523808.html,21971,2025-04-12T16:01:00,526.8
,Casablanca,BFatima,https://ma.afribaba.com/casablanca/hello-bb-je-suis-fatima-la-black-escort-afro-casa--782144.html,21903,2026-09-13T20:04:00,7.7
,CalifornieCasablanca,PSabrin Sabrin,https://ma.afribaba.com/casablanca/sabrin-kandir-appelle-video-o-pack-sf-673233.html,21902,2026-02-09T00:48:00,224.5
,Casablanca,BMosawi,https://ma.afribaba.com/casablanca/la-belle-bbw-sara-se-deplace-i-top-escorte--781781.html,21891,2026-09-12T23:39:00,8.5
,Casablanca,BSexy Rime,https://ma.afribaba.com/casablanca/lamiya-la-blonde-chez-moi-bb-sexy--780687.html,21746,2026-09-10T23:38:00,10.5
,OulfaCasablanca,BPlaisir Service,https://ma.afribaba.com/casablanca/marina-coqui-ne-sex-uelle-b-a-i-s-e-finition-juteuse-satisfaire--782917.html,21490,2026-09-15T08:43:00,6.1
,CIL (Casablanca)Casablanca,PAna Iman,https://ma.afribaba.com/casablanca/amore-mio-aji-bb-ntha-fik--686522.html,21289,2026-03-06T19:36:00,198.7
,Casablanca,BSpa,https://ma.afribaba.com/casablanca/spa-massage-relaxant-hammam-a-domicile--777122.html,21061,2026-09-04T11:51:00,17.0
,OulfaCasablanca,BFred Nathan,https://ma.afribaba.com/casablanca/parfaite-satisfaction-intense-dispo-chez-viviane--781687.html,20955,2026-09-12T21:09:00,8.6
,CIL (Casablanca)Casablanca,PAnnalisa Sofiiie,https://ma.afribaba.com/casablanca/massage-pro-et-exceptionnel--776610.html,20985,2026-09-21T10:38:54.122753,0.1
,CIL (Casablanca)Casablanca,BAna Sara,https://ma.afribaba.com/casablanca/bb-marhba-bik-3andi-tres-calme-khod-rahtek-tji-ka3i-trja3-frhan--703851.html,20765,2026-04-12T14:26:00,161.9
,Casablanca,Bgirlsagency,https://ma.afribaba.com/casablanca/c-est-amira-labghiti-njiboh-aji-endi--739117.html,20255,2026-06-27T17:51:00,85.8
,Casablanca,BRime,https://ma.afribaba.com/casablanca/rime-23ans-se-deplace-kbida--780127.html,20022,2026-09-09T23:16:00,11.5
,Racine (Casablanca)Casablanca,BSpadelux Centre,https://ma.afribaba.com/casablanca/-seangr-de-massage-rouge--287225.html,20091,2026-09-21T11:28:54.866912,0.0
,Casablanca,BHouda diamo,https://ma.afribaba.com/casablanca/ain-sebaa-toop-finition-vag-je-recois-3mry--782644.html,19752,2026-09-14T18:38:00,6.7
,Casablanca,BSpa,https://ma.afribaba.com/casablanca/spa-massage-relaxant-hammam-royal--778826.html,19495,2026-09-07T14:07:00,13.9
,BelvédèreCasablanca,PMr_Zakaria,https://ma.afribaba.com/casablanca/masseur-pro-je-recois-et-je-me-deplace-chez-vous-388683.html,19429,2024-10-21T12:20:00,700.0
,BelvédèreCasablanca,BMosawi,https://ma.afribaba.com/casablanca/rem-top-escorte-une-finition-de-ouf-bienvenue-chez-moi--780678.html,19411,2026-09-10T23:25:00,10.5
,Casablanca,BDream centre Spa,https://ma.afribaba.com/casablanca/-la-rondeuse-prefere-est-la-photo-reel--178869.html,19352,2022-05-30T14:19:00,1574.9
,CIL (Casablanca)Casablanca,BAna Iman,https://ma.afribaba.com/casablanca/hbiba-dyai-marhba-bik-3andi-dari-nthla-fik--687151.html,19239,2026-03-08T18:04:00,196.7
,Oasis (Casablanca)Casablanca,BFadwa,https://ma.afribaba.com/casablanca/fadwa-sensation-inoubliable-oasis-baby--777202.html,19235,2026-09-04T14:41:00,16.9
,Hay El HassaniCasablanca,PAdam,https://ma.afribaba.com/casablanca/-offre-massage-finition-couple-et-femme-uniquement-576663.html,19065,2025-11-22T22:55:00,302.5
,Casablanca,BHouda diamo,https://ma.afribaba.com/casablanca/najlaa-24ans-se-deplace-kbida--782689.html,18933,2026-09-14T19:45:00,6.7
,OulfaCasablanca,BPlaisir Service,https://ma.afribaba.com/casablanca/massage-corps-a-corps-finition-chaud-sensuel-dispo-24-24--781941.html,18774,2026-09-13T13:47:00,7.9
,Casablanca,BDream centre Spa,https://ma.afribaba.com/casablanca/-la-masseuse-classe-et-sexy-vous-attends--178791.html,18628,2026-07-26T16:17:00,56.8
,Casablanca,BSandra,https://ma.afribaba.com/casablanca/-esc-ort-disponible-pour-massage-finition-h24-781586.html,18490,2026-09-12T18:08:00,8.7
,Casablanca,BDoudouna Dina,https://ma.afribaba.com/casablanca/une-fille-top-je-me-depllace-service-vip-chez-vous-bebe--782262.html,18221,2026-09-13T23:01:00,7.5
,Hay El HassaniCasablanca,PIfranman,https://ma.afribaba.com/casablanca/massage-en-toi-562389.html,18074,2025-06-25T22:46:00,452.6
,Sidi MaâroufCasablanca,PSOHAIB,https://ma.afribaba.com/casablanca/homme-masseure-pour-femme-461476.html,17957,2025-05-03T05:29:00,506.3
,Casablanca,BHouda diamo,https://ma.afribaba.com/casablanca/douaa-je-deplace-chez-toi-plaisir-magique--781326.html,17802,2026-09-12T02:07:00,9.4
,Aïn DiabCasablanca,BLouna baby,https://ma.afribaba.com/casablanca/off-ch7al-skhouna-aji-bredni--741975.html,17790,2026-07-03T18:29:00,79.7
,Casablanca,BAna Sara,https://ma.afribaba.com/casablanca/salut-bb-ana-salama-marhba-bik-finition-v--700509.html,17776,2026-04-06T13:26:00,167.9
,Casablanca,BRiham,https://ma.afribaba.com/casablanca/riham-se-deplace--780665.html,17710,2026-09-10T23:06:00,10.5
,Casablanca,BAin sbaa عين السبع,https://ma.afribaba.com/casablanca/ainsbaa-bonne-taille--771747.html,17702,2026-08-24T23:20:00,27.5
,CalifornieCasablanca,PMalakangella26,https://ma.afribaba.com/casablanca/packs-et-service-chauuuuudd--729556.html,17681,2026-06-01T02:02:00,112.4
,BelvédèreCasablanca,PSara Tr,https://ma.afribaba.com/casablanca/photos-reel-plaisir-pour-moi-ji-daba-chez-moi--644673.html,17252,2025-12-01T15:44:00,293.8
,Casablanca,BHouda diamo,https://ma.afribaba.com/casablanca/malak-nouvelle-fille-nthala-fik-beby--782098.html,17247,2026-09-13T18:51:00,7.7
,Casablanca,BAnita Masseuse ampamp,https://ma.afribaba.com/casablanca/je-suis-une-femme-chaleureuse-sure-d-amp-039-elle-et-naturellement-positive--782546.html,17204,2026-09-11T17:04:00,9.8
,CIL (Casablanca)Casablanca,Pmassage a domicil,https://ma.afribaba.com/casablanca/cher-client-c-est-la-jeune-masseuse-age-de-21-ans-je-vous-propose-des-125502.html,17144,2023-08-30T18:25:00,1117.7
,Casablanca,PSexy Rania,https://ma.afribaba.com/casablanca/rosi-akber-9anat-f-telegram-aji-nber3k--737950.html,17061,2026-07-08T17:33:00,74.8
,Casablanca,BSpa spa,https://ma.afribaba.com/casablanca/samia-spaa-massage-avec-d-amp-039-autres-services-huuby--779468.html,17025,2026-09-08T17:37:00,12.8
,Casablanca,BMalika,https://ma.afribaba.com/casablanca/-masseuse-africaine-sexy-afro-black-coquine-779996.html,16997,2026-09-12T17:54:00,8.8
,Aïn DiabCasablanca,PKinG Ouver,https://ma.afribaba.com/casablanca/asmashbt-nah-i-amp-039-d-finicion-sex-757437.html,16935,2026-08-19T01:19:00,33.4
,Aïn DiabCasablanca,Bgirlsagency,https://ma.afribaba.com/casablanca/a77-c-est-qui-bgha-njiboh-bjouj--754503.html,16789,2026-07-27T15:49:00,55.8
,BelvédèreCasablanca,BPackpack,https://ma.afribaba.com/casablanca/aji-ahbiba-nbr3ek-fchi-appel-video-njibuh-bjuj--767505.html,16450,2026-09-15T18:15:00,5.7
,Casablanca,PNadia Sey,https://ma.afribaba.com/casablanca/nouvelle-masseuse-africaine-professionnelle-finition-a-la-gironde-782207.html,16392,2026-09-13T21:44:00,7.6
,Les Roches NoiresCasablanca,PDiamond Diam,https://ma.afribaba.com/casablanca/se-deplace--779814.html,16369,2026-09-17T23:56:00,3.5
,Casablanca,BAin sbaa عين السبع,https://ma.afribaba.com/casablanca/ainsbaa-nbar3ak-kbidti--773113.html,16296,2026-08-27T17:27:00,24.8
,CIL (Casablanca)Casablanca,PAicha56,https://ma.afribaba.com/casablanca/aicha-africaine-black-je-recois-en-ville-24-h-324691.html,15801,2023-10-11T18:58:00,1075.7
,Casablanca,BLa blonde,https://ma.afribaba.com/casablanca/la-blonde-maram-se-deplace--768120.html,15682,2026-08-27T15:40:00,24.8
,Sidi MaâroufCasablanca,BPlaisir Service,https://ma.afribaba.com/casablanca/photo-reelle-excite-scorte-pro-finition-chaud-sensuel-h24--780192.html,15613,2026-09-10T05:36:00,11.3
,CalifornieCasablanca,PKhadija Quennes,https://ma.afribaba.com/casablanca/bnj-sexcam-et-les-packs-disponible-685053.html,15599,2026-03-01T23:44:00,203.5
,Casablanca,Byour dreem,https://ma.afribaba.com/casablanca/zn-plan-a3-kolchi-mojoda-zn-aji-khtar-li-bgiti-lor-o-9odam-782521.html,15514,2026-09-17T18:40:00,3.7
,CalifornieCasablanca,PMasseur777,https://ma.afribaba.com/casablanca/masseur-juste-pour-mariage-278217.html,15500,2023-06-11T02:10:00,1198.4
,BourgogneCasablanca,PIlham Ilham,https://ma.afribaba.com/casablanca/disponible-maintenant-pour-appelle-video-et-packs-688072.html,15411,2026-03-10T20:59:00,194.6
,Casablanca,BBernousi,https://ma.afribaba.com/casablanca/bernousi-bonne-taille--773704.html,15242,2026-08-28T20:23:00,23.7
,Casablanca,PAICHA  PRO,https://ma.afribaba.com/casablanca/-j-adore-ta-bite-bb-oui-defonce-moi-mon-coeur-trop-excite--781708.html,15210,2026-09-12T21:30:00,8.6
,Casablanca,BNihal,https://ma.afribaba.com/casablanca/nihal-se-deplace-finiton-de-reve--782244.html,15116,2026-09-13T22:36:00,7.6
,CalifornieCasablanca,PGhizlane Fatimi,https://ma.afribaba.com/casablanca/ghizalane-appelle-video-et-les-packs-636921.html,15051,2026-01-13T21:45:00,250.6
,Casablanca,BRimesexy,https://ma.afribaba.com/casablanca/nissrin-24ans-je-deplace-chez-toi-plaisir-magique--782122.html,15050,2026-09-13T19:38:00,7.7
,BourgogneCasablanca,PKarima96,https://ma.afribaba.com/casablanca/appel-video-614316.html,15045,2025-10-07T15:42:00,348.8
,Casablanca,PAly Nadir,https://ma.afribaba.com/casablanca/massage-chez-vous-madame-586905.html,14952,2025-08-01T01:21:00,416.4
,CalifornieCasablanca,Bnarjiss,https://ma.afribaba.com/casablanca/-200--74276.html,14936,2022-02-01T14:10:00,1692.9
,Casablanca,BKamelia Karamella,https://ma.afribaba.com/casablanca/bernousi-viens-mtn--771239.html,14902,2026-08-24T00:16:00,28.5
,Casablanca,BOulfa Rahma,https://ma.afribaba.com/casablanca/a-ouulfa-erahma-zin-taille-top--773514.html,14881,2026-08-28T14:53:00,23.9
,Casablanca,BMaram Mariama,https://ma.afribaba.com/casablanca/maram-tal-3aandk-zin--755116.html,14839,2026-08-01T13:42:00,50.9
,Casablanca,BHouda diamo,https://ma.afribaba.com/casablanca/maram-taille-thabal-deplacement--782252.html,14703,2026-09-13T22:49:00,7.5
,Casablanca,BNora,https://ma.afribaba.com/casablanca/nora-19an-jeune-fresh-bigg-boobs-grande-bigg-ass-sex-vgl-annnnal--779843.html,14642,2026-09-09T12:44:00,12.0
,BelvédèreCasablanca,PHoho Hoho,https://ma.afribaba.com/casablanca/hajar-appel-vid-et-packs-678842.html,14568,2026-03-05T22:57:00,199.5
,Casablanca,BNice Lady,https://ma.afribaba.com/casablanca/sara-tres-bonne-taille--781965.html,14526,2026-09-13T14:20:00,7.9
,Casablanca,BGhita et hind,https://ma.afribaba.com/casablanca/ana-w-sahbti-dkhal-libghiti-plan-3-dispo--773213.html,14450,2026-08-27T20:26:00,24.6
,OulfaCasablanca,BLaila,https://ma.afribaba.com/casablanca/jeune-de-24ans-oulfa-bb--771403.html,14061,2026-08-24T14:16:00,27.9
,Casablanca,BHouda diamo,https://ma.afribaba.com/casablanca/dounia-je-me-deplace-beby--780128.html,14052,2026-09-09T23:17:00,11.5
,Casablanca,BInas,https://ma.afribaba.com/casablanca/inas-de-19ans-ain-sbaa--784609.html,14042,2026-09-18T16:46:00,2.8
,Casablanca,BJulia,https://ma.afribaba.com/casablanca/la-sirene-sexy-a-ainsbaa--776331.html,13981,2026-09-02T19:22:00,18.7
,Casablanca,BHayat,https://ma.afribaba.com/casablanca/hayat-taille-thabal-sexy-et-mignonne--780622.html,13964,2026-09-10T22:15:00,10.6
,Derb SultanCasablanca,BOumou Palgo,https://ma.afribaba.com/casablanca/-belle-femme-africaine-avec-des-rondeur-disponible-a-benjdia-24-24-683662.html,13910,2026-02-27T13:24:00,205.9
,Casablanca,BAsmae,https://ma.afribaba.com/casablanca/titiza-a-casa-big-ass--773827.html,13855,2026-08-28T22:58:00,23.5
,OulfaCasablanca,BKamelia Karamella,https://ma.afribaba.com/casablanca/oulfa-fdari-bebe--771498.html,13748,2026-08-24T16:40:00,27.8
,Casablanca,BMaria,https://ma.afribaba.com/casablanca/maria-sexy-escort-magic-terma-mliha-bzazl-kbar--781882.html,13732,2026-09-13T12:14:00,8.0
,Casablanca,BCharles Douglas,https://ma.afribaba.com/casablanca/se-deplace-nji-3endek-cute-vip-plan-deplacement--780067.html,13724,2026-09-12T21:44:00,8.6
,Casablanca,B,https://ma.afribaba.com/casablanca/taille-sexy-deplacement--779141.html,13681,2026-09-07T23:42:00,13.5
,Casablanca,BDomination dressage,https://ma.afribaba.com/casablanca/maitresse-domination-equipee--775922.html,13631,2026-09-01T21:02:00,19.6
,OulfaCasablanca,BNessma,https://ma.afribaba.com/casablanca/vip-a-oulfa-forma-7lowa--776264.html,13619,2026-09-02T17:20:00,18.8
,BourgogneCasablanca,PBlack Lova,https://ma.afribaba.com/casablanca/gay-africain-xxl-disponible-pour-mssage-moment-de-plaisir-755515.html,13574,2026-08-29T08:56:00,23.1
,Casablanca,B,https://ma.afribaba.com/casablanca/bernousi-nbar3ak-bebe--770977.html,13554,2026-08-23T17:02:00,28.8
,OulfaCasablanca,BCaroline,https://ma.afribaba.com/casablanca/-masseuse-africaine-parfaite-finition-a-domicile--783108.html,13519,2026-09-15T16:09:00,5.8
,Casablanca,Pmeryem lwardi,https://ma.afribaba.com/casablanca/getting-so-much-horn-nier-waiting-for-you--683081.html,13465,2026-07-30T02:01:00,53.4
,BelvédèreCasablanca,PSary Fati,https://ma.afribaba.com/casablanca/sara-je-me-deplacer--711852.html,13422,2026-04-24T04:03:00,150.3
,Casablanca,PQueen Sousou,https://ma.afribaba.com/casablanca/appel-video-knjibouh-bjoj-aji-merhbaa-confiance-681036.html,13396,2026-09-05T23:34:00,15.5
,BourgogneCasablanca,PSalwa Salwa,https://ma.afribaba.com/casablanca/ghizlan-appel-video-ola-packs-videos--658723.html,13292,2026-01-10T18:58:00,253.7
,Casablanca,BMalak,https://ma.afribaba.com/casablanca/oulfa-la-maturite-bb-fille-sexy--776263.html,13288,2026-09-02T16:40:00,18.8
,Aïn DiabCasablanca,PQueen Sousou,https://ma.afribaba.com/casablanca/appel-video-knjibouh-bjoj-aji-merhbaa-nthla-fik-681038.html,13272,2026-07-26T01:27:00,57.4
,Casablanca,BBeauté sucré,https://ma.afribaba.com/casablanca/dominatrice-black-africaine-chaude-chic-yes-maitresse-h24-768631.html,13277,2026-08-23T23:17:00,28.5
,Casablanca,BHouda diamo,https://ma.afribaba.com/casablanca/maya-je-deplace-beby--782255.html,13239,2026-09-10T23:41:00,10.5
,Casablanca,BIlham,https://ma.afribaba.com/casablanca/ilham-deriya-jdida-n9iya-sexy-fesse-bombe-nbr3k--771367.html,13223,2026-08-24T12:45:00,28.0
,OulfaCasablanca,BPlaisir Service,https://ma.afribaba.com/casablanca/massage-relaxant-top-finition-garantie--781453.html,13164,2026-09-12T13:43:00,8.9
,CIL (Casablanca)Casablanca,BSamirah fontaine,https://ma.afribaba.com/casablanca/la-belle-samira-black-en-chaleur-fontaine-24-24-775127.html,13122,2026-08-31T15:55:00,20.8
,Casablanca,BAna Sara,https://ma.afribaba.com/casablanca/zwina-ou-n9iya-ghadi-trtah-m3aya-hbibi-marhba-bik-3andi--759644.html,13112,2026-08-02T13:38:00,49.9
,Casablanca,PSoumisPieds,https://ma.afribaba.com/casablanca/marhba-rjilates-781811.html,12962,2026-09-10T01:54:00,11.4
,BourgogneCasablanca,PMeriem Alami,https://ma.afribaba.com/casablanca/-banouta-tji-tal-3ndek-thala-fik-a77--773065.html,12964,2026-08-27T15:50:00,24.8
,OulfaCasablanca,BLamiaa,https://ma.afribaba.com/casablanca/aji-oulfa--773247.html,12933,2026-08-27T21:41:00,24.6
,BourgogneCasablanca,PMeriem Alami,https://ma.afribaba.com/casablanca/hbiba-nji-tal-3ndek-vip-a77-nthala-fik--771118.html,12914,2026-08-23T20:37:00,28.6
,Racine (Casablanca)Casablanca,BSpadelux Centre,https://ma.afribaba.com/casablanca/-masseuse-number-one--287463.html,12887,2026-09-21T11:30:17.848315,0.0
,Casablanca,BNice Lady,https://ma.afribaba.com/casablanca/marwa-l3rida-bb-skhoona-ji-3andi-ldari--772585.html,12789,2026-08-26T14:42:00,25.9
,Casablanca,BAppartement,https://ma.afribaba.com/casablanca/a-walfaa-hbe--772987.html,12717,2026-08-27T15:39:00,24.8
,Casablanca,BMature,https://ma.afribaba.com/casablanca/mature-nathalla-fik-mzn--773503.html,12717,2026-08-28T14:30:00,23.9
,Casablanca,BDoudouna Dina,https://ma.afribaba.com/casablanca/une-fille-toop-servicce-d-r-v-tr-s-s-xy-24h-24h-772366.html,12708,2026-08-30T01:59:00,22.4
,Casablanca,BNice Lady,https://ma.afribaba.com/casablanca/inas-la3rida-sexy-dispo-24-24--779630.html,12673,2026-09-08T20:57:00,12.6
,Casablanca,Bnchakroun,https://ma.afribaba.com/casablanca/bernousi--778911.html,12556,2026-09-07T17:39:00,13.8
,Oasis (Casablanca)Casablanca,BSalma,https://ma.afribaba.com/casablanca/salma-titiza-magnifique--783592.html,12468,2026-09-16T15:02:00,4.9
,CalifornieCasablanca,PFjhhgfg H he fhh,https://ma.afribaba.com/casablanca/ana-mslia-kbidati-daylii-chekooon-ydouz-prive-nethla-fik-cam-pack--672333.html,12452,2026-02-09T01:04:00,224.5
,Oasis (Casablanca)Casablanca,BSara Sara,https://ma.afribaba.com/casablanca/centre-spa-lux-magnifique-massage-de-votre-desir-chez-belle-manal--768875.html,12430,2026-08-23T12:46:00,29.0
,OulfaCasablanca,BFarah,https://ma.afribaba.com/casablanca/farah-la-coquine-oulfa-hbe--780234.html,12392,2026-09-10T12:23:00,11.0
,BelvédèreCasablanca,BMireille Seri,https://ma.afribaba.com/casablanca/-viens-decouvrir-massage-781508.html,12344,2026-09-17T21:16:00,3.6
,Casablanca,BS12,https://ma.afribaba.com/casablanca/dominatrice-chaude-avec-materiel-disponible-africain-black--720621.html,12283,2026-07-30T01:50:00,53.4
,Casablanca,BSara,https://ma.afribaba.com/casablanca/sara-deplacement-sex-girl--765281.html,12282,2026-08-12T22:44:00,39.6
,Casablanca,BSpadelux Centre,https://ma.afribaba.com/casablanca/deux-belles-masseuses-massage-4-mains--172995.html,12261,2023-06-09T16:25:00,1199.8
,Casablanca,B3anbar,https://ma.afribaba.com/casablanca/3anbar-de-25ans-big-ass--773087.html,12253,2026-08-27T16:36:00,24.8
,Casablanca,BKeurtiss la rose,https://ma.afribaba.com/casablanca/keurtiss-la-rose-un-masseur-professionnel-gay-black-versatile--772483.html,12246,2026-08-26T09:31:00,26.1
,Casablanca,BNice Lady,https://ma.afribaba.com/casablanca/sexy-lina-tarf-3rid-omzayr-bb-dispo-24-24-775982.html,12245,2026-09-01T22:45:00,19.6
,Casablanca,BOumaima,https://ma.afribaba.com/casablanca/ainsbaa-habibi--771655.html,12237,2026-08-24T20:11:00,27.7
,OulfaCasablanca,BPlaisir Service,https://ma.afribaba.com/casablanca/massage-corps-a-corps-finition-blow-job-top-772294.html,12200,2026-08-25T20:57:00,26.6
,Casablanca,BAin sbaa عين السبع,https://ma.afribaba.com/casablanca/fdari-ainsbaa--774120.html,12147,2026-08-29T17:22:00,22.8
,Casablanca,BChams,https://ma.afribaba.com/casablanca/jeune-fille-hbe--773710.html,12106,2026-08-28T21:14:00,23.6
,Casablanca,BFoot fetish,https://ma.afribaba.com/casablanca/me-contacter-pour-profiter-d-amp-039-un-plan-discret-chez-moi-649921.html,12072,2026-08-12T19:56:00,39.7
,Casablanca,BNice Lady,https://ma.afribaba.com/casablanca/salma-aji-nathalla-fik-mzn-chez-moi--778905.html,12070,2026-09-07T16:43:00,13.8
,Aïn DiabCasablanca,BGirls Sexy,https://ma.afribaba.com/casablanca/pack-et-appel-video-doz-endi-nthla-fik--773472.html,12040,2026-09-01T14:07:00,19.9
,Casablanca,Byour dreem,https://ma.afribaba.com/casablanca/hobi-aji-lotr-9odam-khtar-li-bgiti-kolchi-ok-782553.html,12029,2026-09-17T17:43:00,3.8
,Casablanca,BWijdane,https://ma.afribaba.com/casablanca/ain-sbaa-plaisir-inoubliable--778917.html,12026,2026-09-07T17:10:00,13.8
,Casablanca,BNice Lady,https://ma.afribaba.com/casablanca/molat-tarf-hbi-dispo-24-24--779172.html,11997,2026-09-07T23:15:00,13.5
,Casablanca,BSexy Rime,https://ma.afribaba.com/casablanca/douaa-molat-tarf-bb--772396.html,11980,2026-08-25T23:56:00,26.5
,Casablanca,BChoupet,https://ma.afribaba.com/casablanca/la-bombe-du-massage-hop-finition-771949.html,11962,2026-08-25T12:29:00,27.0
,Casablanca,BSahrawiyaa,https://ma.afribaba.com/casablanca/sahrawiya-hbe-anthala-fik-koloo-zin--780385.html,11960,2026-09-15T07:54:00,6.2
,CIL (Casablanca)Casablanca,Bmassage a domicil,https://ma.afribaba.com/casablanca/jennifer-une-femme-respectueuse-discrete-passionnee-feminine-et-el-129960.html,11954,2023-08-25T21:47:00,1122.6
,OulfaCasablanca,BPlaisir Service,https://ma.afribaba.com/casablanca/masseuse-a-votre-service-h24-rejoins-moi-seance-sex-e-vip--777318.html,11902,2026-09-04T17:43:00,16.8
,Casablanca,BMireille Seri,https://ma.afribaba.com/casablanca/-la-masseuse-black-tres-excitan-t-782813.html,11886,2026-09-14T22:35:00,6.6
,Aïn DiabCasablanca,PFarah010,https://ma.afribaba.com/casablanca/salutt-sex-cam-et-pack--759891.html,11849,2026-07-30T20:36:00,52.6
,Casablanca,BLaila,https://ma.afribaba.com/casablanca/laila-de-22ans-nbar3ak-mzn--724636.html,11843,2026-06-27T17:32:00,85.8
,Casablanca,BHakimi Ali,https://ma.afribaba.com/casablanca/nirmin-taille-ji-nbar3aak-fdari-bb--769074.html,11842,2026-08-20T01:59:00,32.4
,Aïn DiabCasablanca,PLaPatrona,https://ma.afribaba.com/casablanca/les-packs-avec-wiam--702749.html,11820,2026-04-30T23:44:00,143.5
,CalifornieCasablanca,PKhadija Qunnes,https://ma.afribaba.com/casablanca/sexcam-et-les-packs-disponible--688286.html,11775,2026-03-15T22:17:00,189.6
,CIL (Casablanca)Casablanca,BAngelo soir,https://ma.afribaba.com/casablanca/-finition-781731.html,11693,2026-09-12T22:22:00,8.6
,Oasis (Casablanca)Casablanca,BChadya,https://ma.afribaba.com/casablanca/chadya-sexy-et-petite--773969.html,11644,2026-08-29T13:13:00,22.9
,Casablanca,BLa blonde se deplace,https://ma.afribaba.com/casablanca/la-blonde-ghita-se-deplace--775161.html,11615,2026-09-04T15:05:00,16.9
,Casablanca,BNice Lady,https://ma.afribaba.com/casablanca/ikram-mature-sexy-femme-fdari-hbibi-783995.html,11607,2026-09-17T14:56:00,3.9
,BourgogneCasablanca,PMeriem Alami,https://ma.afribaba.com/casablanca/-banouta-sexy-a77--774877.html,11505,2026-08-30T22:22:00,21.6
,Casablanca,Pmassage a domicil,https://ma.afribaba.com/casablanca/emmy-est-escorte-malienne-independante-et-privee-avec-des-gross-saint-627212.html,11494,2025-11-01T16:22:00,323.8
,CIL (Casablanca)Casablanca,PAhlam,https://ma.afribaba.com/casablanca/ahlam-jolie-fesse-tous-finitions--785180.html,11485,2026-09-19T16:23:00,1.8
,Casablanca,BHouda diamo,https://ma.afribaba.com/casablanca/ain-sebaa-bomba-finition-inoubliable--783855.html,11474,2026-09-17T07:26:00,4.2
,OulfaCasablanca,BMalak,https://ma.afribaba.com/casablanca/titiza-a-rahma-finition--783256.html,11467,2026-09-18T20:27:00,2.6
,Casablanca,BSiham,https://ma.afribaba.com/casablanca/siham-de-22ans-fdari-bb--775573.html,11367,2026-09-01T11:46:00,20.0
,Casablanca,Bالخلف و الأمام,https://ma.afribaba.com/casablanca/je-me-deplace--771658.html,11329,2026-08-24T20:33:00,27.6
,Casablanca,BAna Sara,https://ma.afribaba.com/casablanca/bayda-mon-amour-molat-tarf-maghdich-tskha-biya-je-attend-kbida--748650.html,11326,2026-07-12T13:25:00,70.9
,OulfaCasablanca,BFatin,https://ma.afribaba.com/casablanca/fatin-fdari-3mry-oulfa--776132.html,11271,2026-09-02T12:14:00,19.0
,Casablanca,BRahma,https://ma.afribaba.com/casablanca/-rahma-la-maturite-ajy-3andi-kbida-nthalla-fik--774596.html,11256,2026-08-30T14:58:00,21.9
,Casablanca,BSe deplace تال عندك,https://ma.afribaba.com/casablanca/yasmine-se-deeplace-bb-chez-toi-a-casaa--768119.html,11242,2026-08-27T15:41:00,24.8
,Casablanca,BSexy Rime,https://ma.afribaba.com/casablanca/se-deplace-deplacement--773823.html,11192,2026-08-28T22:53:00,23.5
,Casablanca,BSe deplace تال عندك,https://ma.afribaba.com/casablanca/la-blonde-narjis-se-deplace--779473.html,11152,2026-09-18T04:20:00,3.3
,Casablanca,BAya,https://ma.afribaba.com/casablanca/ain-sbaa-viens-mtn--773468.html,11144,2026-08-28T14:53:00,23.9
,Casablanca,BDream centre Spa,https://ma.afribaba.com/casablanca/-votre-plan-massage-et-hammam-chez-notre-spa--191433.html,11119,2023-02-17T09:13:00,1312.1
,Casablanca,BSexy Rime,https://ma.afribaba.com/casablanca/riham-se-deplace-photo-reelle-anl-et-vagl--774885.html,11067,2026-08-30T22:24:00,21.6
,Casablanca,BSexy Rime,https://ma.afribaba.com/casablanca/siham-bonne-taille-deplacement--774357.html,11067,2026-08-29T22:52:00,22.5
,CIL (Casablanca)Casablanca,Bmassage a domicil,https://ma.afribaba.com/casablanca/massage-spa-domicile-a-votre-service-avec-meilleure-prix-contacte-nous-122100.html,11064,2023-09-26T21:47:00,1090.6
,Casablanca,BHouda diamo,https://ma.afribaba.com/casablanca/-nirmine-plaisir-sans-limite-photo-reellle--780542.html,11054,2026-09-10T20:40:00,10.6
,Casablanca,BOumaima,https://ma.afribaba.com/casablanca/sexy-ainsbaa--782355.html,10989,2026-09-14T09:31:00,7.1
,Casablanca,BHafsa,https://ma.afribaba.com/casablanca/hafsa-domina-blond-mature-je-me-depllace--772732.html,10983,2026-08-26T20:44:00,25.6
,OulfaCasablanca,BFarah,https://ma.afribaba.com/casablanca/farah-de-25ans-oulfa-3mryy--772523.html,,,
,Casablanca,BRim et Hind,https://ma.afribaba.com/casablanca/ana-sahbti-plan-3-dispo--774778.html,10930,2026-08-30T20:20:00,21.7
,Hay SalamaCasablanca,BIkram,https://ma.afribaba.com/casablanca/hay-adil-aji-n3ichou--777402.html,10908,2026-09-04T19:34:00,16.7
,Oasis (Casablanca)Casablanca,BInas,https://ma.afribaba.com/casablanca/petite-fille-plaisir-intense--780430.html,10888,2026-09-10T17:42:00,10.8
,Oasis (Casablanca)Casablanca,BMaha,https://ma.afribaba.com/casablanca/maha-de-20ans--779500.html,10844,2026-09-08T17:28:00,12.8
,Casablanca,BHakimi Ali,https://ma.afribaba.com/casablanca/se-deplace-deplacement--765705.html,10837,2026-08-13T20:40:00,38.6
,Casablanca,BWiam,https://ma.afribaba.com/casablanca/wiam-jeune-de-22ans--778554.html,10825,2026-09-06T21:08:00,14.6
,Casablanca,BDalal,https://ma.afribaba.com/casablanca/dalal-deplacement-nouvelle-fille-photo-reelle--774896.html,10823,2026-08-30T22:31:00,21.6
,Casablanca,BRania,https://ma.afribaba.com/casablanca/sexy-a-bernousi--779322.html,10799,2026-09-08T12:32:00,13.0
,BourgogneCasablanca,PSafaa,https://ma.afribaba.com/casablanca/-bebe-nji-tal-3ndek-aaa77-nthala-fik--775833.html,10744,2026-09-01T19:22:00,19.7
,Hay El HassaniCasablanca,BHajar,https://ma.afribaba.com/casablanca/bournazil-aji-n3ichou-kbidti--775031.html,10752,2026-08-31T12:58:00,21.0
,Casablanca,BRiham,https://ma.afribaba.com/casablanca/riham-aji-n3ichou-bebe--773027.html,10741,2026-08-27T14:46:00,24.9
,Casablanca,BSalma,https://ma.afribaba.com/casablanca/salma-se-deplace--775808.html,10726,2026-09-01T18:10:00,19.7
,Casablanca,BLOVE,https://ma.afribaba.com/casablanca/shemal-trans-finition-inoubliable-785220.html,10747,2026-09-19T17:25:00,1.8
,Casablanca,BKhansaa,https://ma.afribaba.com/casablanca/khansaa-votre-escort-luxe-deplacement--780633.html,10687,2026-09-10T22:35:00,10.6
,Casablanca,BRhita,https://ma.afribaba.com/casablanca/rhita-de-23ans-jolie-fille--772324.html,10658,2026-08-25T21:40:00,26.6
,Casablanca,BNice Lady,https://ma.afribaba.com/casablanca/mature-bb-aji-hbiba-nathalla-fik-sakna-bohdi--776103.html,10620,2026-09-02T11:05:00,19.0
,Casablanca,BNice Lady,https://ma.afribaba.com/casablanca/molat-tarf-mli7-dispo-24-24--784728.html,10587,2026-09-18T19:50:00,2.7
,Casablanca,BHouda diamo,https://ma.afribaba.com/casablanca/marwa-bomba-plaisir-magique--780569.html,10558,2026-09-10T20:14:00,10.7
,OulfaCasablanca,BFarah,https://ma.afribaba.com/casablanca/farah-de-25ans-oulfa--785650.html,10558,2026-09-20T13:45:00,0.9
,OulfaCasablanca,BNour,https://ma.afribaba.com/casablanca/rahma-libghiti-bebe--780353.html,10526,2026-09-10T16:32:00,10.8
,Casablanca,BSalut098,https://ma.afribaba.com/casablanca/zin-ola-taille-kayhablo-bb-ji-3andi-nbar3ak-maghdich-tndm--743355.html,10525,2026-07-02T13:57:00,80.9
,OulfaCasablanca,BOulfa,https://ma.afribaba.com/casablanca/petite-a-oulfa--780876.html,10462,2026-09-11T13:09:00,10.0
,Casablanca,BArwa,https://ma.afribaba.com/casablanca/arwa-libghitih-bebe--772557.html,10427,2026-08-26T13:31:00,25.9
,Casablanca,BAppartement,https://ma.afribaba.com/casablanca/-escorte-de-21ans-bohdi-fdar-nouvelle-a-casa--785263.html,10450,2026-09-19T18:58:00,1.7
,Hay SalamaCasablanca,BLaila,https://ma.afribaba.com/casablanca/hay-adil-tous-types-cheri--776152.html,10405,2026-09-02T12:58:00,19.0
,BelvédèreCasablanca,BMosawi,https://ma.afribaba.com/casablanca/la-belle-rem-nouveau-sur-casablanca-finition-de-fou-chez-moi--774976.html,10388,2026-08-31T01:31:00,21.4
,BourgogneCasablanca,PMeriem Alami,https://ma.afribaba.com/casablanca/-baby-nthala-fik-top-escort--779562.html,10387,2026-09-08T20:04:00,12.7
,Casablanca,BMaarif بوحدي فالدار,https://ma.afribaba.com/casablanca/zin-ou-la-taille-hbiba-marhba-bik-f-dari-mature-de30-bb--771407.html,10378,2026-08-24T14:17:00,27.9
,Casablanca,Bانتهلا فيك,https://ma.afribaba.com/casablanca/je-vous-recois-a-waalfa--775928.html,10374,2026-09-01T22:47:00,19.6
,Casablanca,BDina,https://ma.afribaba.com/casablanca/dina-de-21ans-forma-7lowa--779631.html,10370,2026-09-08T21:24:00,12.6
,Casablanca,BHafsa,https://ma.afribaba.com/casablanca/tous-types-jeune-fille-hbe--773450.html,10353,2026-08-28T12:48:00,24.0
,Casablanca,BRania,https://ma.afribaba.com/casablanca/rania-domina-dial-lhbal-bigg-ass-bigg-boobs-kbar-sex--774537.html,10311,2026-08-30T13:38:00,21.9
,Casablanca,BBasma,https://ma.afribaba.com/casablanca/bernousi-vas-y-hubii--781134.html,10307,2026-09-11T20:05:00,9.7
,CIL (Casablanca)Casablanca,Pmassage a domicil,https://ma.afribaba.com/casablanca/je-recois-chez-moi-a-domicile-je-ss-pour-des-service-domicil-tout-type-123178.html,10296,2023-08-25T21:53:00,1122.6
,Hay SalamaCasablanca,BNora,https://ma.afribaba.com/casablanca/sbata-nbar3ak-mzn-bebe--779855.html,10292,2026-09-09T14:29:00,11.9
,Casablanca,BSe deplace,https://ma.afribaba.com/casablanca/je-me-deplaace-3ndak-bb--772617.html,10257,2026-08-26T15:58:00,25.8
,BourgogneCasablanca,PKhadija Qunnes,https://ma.afribaba.com/casablanca/bnj-sexcam-et-les-packs-disponible--689241.html,10254,2026-03-15T22:11:00,189.6
,CIL (Casablanca)Casablanca,BPlaisir Service,https://ma.afribaba.com/casablanca/massage-finition-top-plaisir--773590.html,10249,2026-08-28T16:37:00,23.8
,Hay SalamaCasablanca,BSalma,https://ma.afribaba.com/casablanca/hay-adil-a7la-plaisir-hbe--774199.html,10237,2026-08-29T18:54:00,22.7
,Casablanca,BChams,https://ma.afribaba.com/casablanca/titiza-sexy--772228.html,10217,2026-08-25T19:19:00,26.7
,Casablanca,BNice Lady,https://ma.afribaba.com/casablanca/sexy-nihad-dispo-24-24-bb-chez-moi--775350.html,10198,2026-08-31T21:00:00,20.6
,Casablanca,BWiam,https://ma.afribaba.com/casablanca/wiam-tous-types--778314.html,10191,2026-09-06T14:31:00,14.9
,Racine (Casablanca)Casablanca,PTn Camelia,https://ma.afribaba.com/casablanca/classy-girl-et-experience-exclusive-luxus-spa-maarif--767558.html,10186,2026-08-20T18:42:00,31.7
,OulfaCasablanca,BOulfa,https://ma.afribaba.com/casablanca/aya-a-walfa-taille-vip--744267.html,10185,2026-07-04T10:59:00,79.0
,Casablanca,BYasmine,https://ma.afribaba.com/casablanca/jeune-de-20ans-njibou-meak--770857.html,10151,2026-08-23T13:11:00,29.0
,Casablanca,BKhansa,https://ma.afribaba.com/casablanca/khansa-sexy-domina-bigg-ass-sensuelle-finition-vgl-annanl-fetish-773158.html,10102,2026-08-27T18:49:00,24.7
,Casablanca,Bقبول,https://ma.afribaba.com/casablanca/big-ass-habibi-photo-reelle--777915.html,10097,2026-09-05T17:48:00,15.8
,Oasis (Casablanca)Casablanca,BJulia,https://ma.afribaba.com/casablanca/julia-de-23ans-tous-types--775154.html,10096,2026-08-31T16:11:00,20.8
,Hay SalamaCasablanca,BHiba,https://ma.afribaba.com/casablanca/ha-adil-la-taille-thablak--777657.html,10093,2026-09-05T08:45:00,16.1
,Casablanca,BLamiaa,https://ma.afribaba.com/casablanca/lamiaa-finition-speciale--772745.html,10094,2026-08-26T21:03:00,25.6
,Casablanca,BAya,https://ma.afribaba.com/casablanca/ainsbaa-aji-nthalla-fik--778538.html,10084,2026-09-06T20:24:00,14.7
,CIL (Casablanca)Casablanca,PAhlamita,https://ma.afribaba.com/casablanca/ahlam-la-belle-toutes-les-finitions--777190.html,10091,2026-09-04T13:49:00,16.9
,Oasis (Casablanca)Casablanca,BSouhaila,https://ma.afribaba.com/casablanca/souhaila-jeune-fille--773577.html,10085,2026-08-28T17:32:00,23.8
,Casablanca,BKhawla,https://ma.afribaba.com/casablanca/khawla-domina-bigg-boobs-kbar-bigg-ass-n3jbk-anfa-781437.html,10083,2026-09-12T13:25:00,8.9
,BourgogneCasablanca,PMinalove,https://ma.afribaba.com/casablanca/-coucou-mes-amours-je-suus-disponible--765225.html,10050,2026-08-23T16:02:00,28.8
,Casablanca,BAnasi,https://ma.afribaba.com/casablanca/anasi-a7la-plaisir-bebe--784279.html,10056,2026-09-18T02:24:00,3.4
,Casablanca,BNadaa,https://ma.afribaba.com/casablanca/vip-finition-f-daari-bb-24h--785387.html,10037,2026-09-19T22:27:00,1.6
,Casablanca,BSara,https://ma.afribaba.com/casablanca/sexy-de-25ans-plaisir-yhablik--772536.html,,,
,Casablanca,BNice Lady,https://ma.afribaba.com/casablanca/lina-molat-tarf-la3rid-bb-ji-drb-lmli7-fdari--779745.html,10016,2026-09-09T00:59:00,12.5
,Oasis (Casablanca)Casablanca,BHouda,https://ma.afribaba.com/casablanca/houda-de-22ans-a7la-plaisir--779937.html,10000,2026-09-09T15:43:00,11.8
,Casablanca,PMature ميمية,https://ma.afribaba.com/casablanca/mature-hbe-ouulfa-bb--774676.html,9970,2026-08-30T18:20:00,21.7
,Casablanca,BDream centre Spa,https://ma.afribaba.com/casablanca/-la-sexy-brunette-vous-attends-photo-reel-180877.html,9957,2022-05-16T10:38:00,1589.1
,Casablanca,BNadin,https://ma.afribaba.com/casablanca/ritag-m3ak-bach-tmt3k-bebe-merhba-bik-3endi--773170.html,9947,2026-08-27T19:05:00,24.7
,Casablanca,BRim,https://ma.afribaba.com/casablanca/rim-de-23ans-je-me-deplace-chez-toi-bebe--777977.html,9947,2026-09-05T20:26:00,15.6
,Casablanca,BNihad,https://ma.afribaba.com/casablanca/nihad-finition-sensuelle-kbida-aji-nbar3ak-habibi--779588.html,9946,2026-09-08T19:52:00,12.7
,CalifornieCasablanca,PFadwa ell,https://ma.afribaba.com/casablanca/faadwa-les-pack-special-et-cam--638528.html,9944,2025-11-18T22:26:00,306.6
,Casablanca,BHajar,https://ma.afribaba.com/casablanca/hajar-deplacement-girl-bomba-chez-toi--779164.html,9939,2026-09-07T22:58:00,13.5
,CIL (Casablanca)Casablanca,PRegina gay,https://ma.afribaba.com/casablanca/-regina-sexy-gay-black-top-escorte-masseur-de-luxe-chaud--779402.html,9922,2026-09-08T15:17:00,12.9
,Casablanca,Byour dreem,https://ma.afribaba.com/casablanca/hobi-aji-a777-ayyy-ay-ay-ayyyyy-785613.html,9985,2026-09-21T10:40:54.865206,0.1
,Casablanca,BHouda diamo,https://ma.afribaba.com/casablanca/ikram-nouvelle-fille-nthala-fik-beby--780455.html,9900,2026-09-10T18:40:00,10.7
,Casablanca,BSalut098,https://ma.afribaba.com/casablanca/bb-bayda-ou-chahba-ghadi-thma9-3liya-bb-marhba--758015.html,9868,2026-07-30T11:32:00,53.0
,Sidi MaâroufCasablanca,BFifi La Coquette,https://ma.afribaba.com/casablanca/massage-chez-maman-734169.html,9861,2026-06-20T00:23:00,93.5
,Hay SalamaCasablanca,Bصور حقيقية,https://ma.afribaba.com/casablanca/bournazil-aji-n3ichou--774554.html,9846,2026-08-30T13:58:00,21.9
,Casablanca,BKamelya,https://ma.afribaba.com/casablanca/kamelya-de-22ans--773055.html,9832,2026-08-27T15:35:00,24.9
,BourgogneCasablanca,BBeautiful Sensation,https://ma.afribaba.com/casablanca/sensation-inoubliable--772107.html,9809,2026-08-25T16:05:00,26.8
,Casablanca,BKYAC,https://ma.afribaba.com/casablanca/-big-ass-experts-masseuse-africaine--782794.html,9809,2026-09-14T22:10:00,6.6
,Casablanca,BRihabe,https://ma.afribaba.com/casablanca/rihabe-de-22ans--776964.html,9789,2026-09-03T22:34:00,17.6
,CalifornieCasablanca,BMadina Odg,https://ma.afribaba.com/casablanca/massage-corps-a-corps-729980.html,9783,2026-08-21T22:07:00,30.6
,Casablanca,BFarah,https://ma.afribaba.com/casablanca/la-maturite-je-recois-cheri-femme-mur--775763.html,9784,2026-09-01T16:38:00,19.8
,Casablanca,BUniversal,https://ma.afribaba.com/casablanca/lidy-sensible-et-propre-je-recois-a-maarif--766695.html,9772,2026-08-15T16:49:00,36.8
,Casablanca,BBtissam,https://ma.afribaba.com/casablanca/ainsbaa-bb--775660.html,9754,2026-09-01T14:05:00,19.9
,Casablanca,BMarjana,https://ma.afribaba.com/casablanca/marjana-de-25ans-big-ass--784563.html,9752,2026-09-18T15:21:00,2.9
,Casablanca,BHouda diamo,https://ma.afribaba.com/casablanca/heeba-se-deplace-hubi--783739.html,9739,2026-09-16T21:09:00,4.6
,Oasis (Casablanca)Casablanca,BHouda,https://ma.afribaba.com/casablanca/houda-de-24ans-photo-reelle-plaisir-intense--773084.html,9734,2026-08-27T16:33:00,24.8
,Casablanca,BAbdelmomen,https://ma.afribaba.com/casablanca/douaa-hbi-a-abdelmomen--773050.html,9718,2026-08-27T15:39:00,24.8
,Casablanca,BHouda,https://ma.afribaba.com/casablanca/ain-sbaa-hbe-jeune-de-24ans--776860.html,9698,2026-09-03T20:07:00,17.7
,Casablanca,BLaila,https://ma.afribaba.com/casablanca/la-maturite-finiton-speciale--775232.html,9696,2026-08-31T18:17:00,20.7
,Casablanca,BHouda diamo,https://ma.afribaba.com/casablanca/manar-taille-thabal-taille-sexy--782114.html,9681,2026-09-13T19:28:00,7.7
,Casablanca,BHind,https://ma.afribaba.com/casablanca/finition-iinoubliabllie-service-viip-bon-plan-24-24-780600.html,9681,2026-09-10T21:53:00,10.6
,OulfaCasablanca,BFarah,https://ma.afribaba.com/casablanca/farah-oulfa-hbe--775025.html,9685,2026-08-31T11:58:00,21.0
,Casablanca,BNice Lady,https://ma.afribaba.com/casablanca/mn-lor-ol9dam-bb-aji-nathalla-fik-mzn-chez-moi--780255.html,9666,2026-09-10T13:00:00,11.0
,BourgogneCasablanca,PMeriem Alami,https://ma.afribaba.com/casablanca/-fille-seexy-nji-taal-3ndek-a7777--778532.html,9638,2026-09-06T20:39:00,14.6
,Oasis (Casablanca)Casablanca,PFemale spa essential oil massage,https://ma.afribaba.com/casablanca/masseur-masculin-exclusivement-pour-femmes--378317.html,9638,2024-02-06T22:14:00,957.6
,Casablanca,BRihab,https://ma.afribaba.com/casablanca/rihab-bomba-thabal-sexy-et-mignonne--779706.html,9634,2026-09-08T23:03:00,12.5
,Sidi MaâroufCasablanca,BMina,https://ma.afribaba.com/casablanca/finition-top-black-sensuelle-je-te-recois-bebe--773363.html,9642,2026-08-28T01:25:00,24.4
,Casablanca,BFarah,https://ma.afribaba.com/casablanca/sexy-farah-femme-mur--779888.html,9621,2026-09-09T14:45:00,11.9
,Casablanca,Bالخلف و الأمام,https://ma.afribaba.com/casablanca/chaimae-finiton-speciale-vas-y-cheri--775707.html,9588,2026-09-01T16:34:00,19.8
,Casablanca,BRimesexy,https://ma.afribaba.com/casablanca/ilham-la-maturite-bb-ajy-3andi-hbiba--779096.html,9584,2026-09-07T21:24:00,13.6
,Casablanca,BDouae,https://ma.afribaba.com/casablanca/douae-de-22ans-vip-a-bernousi--774948.html,9584,2026-08-31T00:12:00,21.5
,Sidi MaâroufCasablanca,BPleasureStore,https://ma.afribaba.com/casablanca/lina-jeune-chaude--785018.html,9581,2026-09-19T12:30:00,2.0
,Casablanca,BSara,https://ma.afribaba.com/casablanca/sara-finition-speciale--774476.html,9563,2026-08-30T11:52:00,22.0
,Casablanca,Phaytam Benghir,https://ma.afribaba.com/casablanca/marhba-bik-ahbiba-vas-y-appel-moi--563597.html,9558,2026-08-17T23:53:00,34.5
,Oasis (Casablanca)Casablanca,BSoukaina,https://ma.afribaba.com/casablanca/soukaina-jeune-de-24ans-fdari-3mry--785689.html,9592,2026-09-20T14:29:00,0.9
,Casablanca,BNice Lady,https://ma.afribaba.com/casablanca/sara-molat-tarf-la3rid-bb-ji-drb-lmli7-fdari--774539.html,9549,2026-08-30T13:38:00,21.9
,Casablanca,BHiba,https://ma.afribaba.com/casablanca/hiba-de-20ans-deplacement--783738.html,9552,2026-09-16T21:02:00,4.6
,Casablanca,B,https://ma.afribaba.com/casablanca/femme-mur-nathalla-fik--777788.html,9533,2026-09-05T14:59:00,15.9
,Casablanca,BSexy Rime,https://ma.afribaba.com/casablanca/norhan-molat-tarf-bb--772360.html,9531,2026-08-25T22:37:00,26.6
,Oasis (Casablanca)Casablanca,BHiba,https://ma.afribaba.com/casablanca/topescort-hiba-domina-expert-sexy-bigg-ass-plaisir-vgl-aannaal--776944.html,9528,2026-09-03T22:11:00,17.6
,Casablanca,BOumaima,https://ma.afribaba.com/casablanca/oumaima-finition-libghiti--778995.html,9528,2026-09-07T19:01:00,13.7
,Casablanca,BSalut098,https://ma.afribaba.com/casablanca/hbibi-ji-3and-bayda-mon-amour-nthla-fik-bb-755093.html,9508,2026-07-24T16:01:00,58.8
,Casablanca,BSexy Rime,https://ma.afribaba.com/casablanca/rabab-nouvelle-fille-bomba-anl-vgl-deplacement--779190.html,9508,2026-09-07T23:34:00,13.5
,Casablanca,BOulfa Rahma,https://ma.afribaba.com/casablanca/a-oufaa-rahma-je-te-recois--777073.html,9500,2026-09-04T05:32:00,17.3
,Casablanca,BWissal,https://ma.afribaba.com/casablanca/wissal-sexy-bigg-ass-domina-strapon-bd-sm-fetish-vgl-baby-771901.html,9500,2026-08-25T11:03:00,27.0
,Aïn DiabCasablanca,PFarah010,https://ma.afribaba.com/casablanca/huuy-sex-cam-ett-pack--759398.html,9482,2026-07-29T22:43:00,53.6
,Casablanca,BIkram,https://ma.afribaba.com/casablanca/ikram-deplacement-nouvelle-fille-photos-reelles--778087.html,9477,2026-09-05T22:55:00,15.5
,Casablanca,Baya,https://ma.afribaba.com/casablanca/aya-sexy-njibo-meak-kbida--776110.html,9476,2026-09-02T11:25:00,19.0
,Casablanca,BAbir,https://ma.afribaba.com/casablanca/abir-molat-tarf-emry--778560.html,9465,2026-09-06T20:55:00,14.6
,Casablanca,BCharles Douglas,https://ma.afribaba.com/casablanca/deplacement-vip-se-deplace--782866.html,9441,2026-09-15T02:04:00,6.4
,OulfaCasablanca,BOulfa,https://ma.afribaba.com/casablanca/titiza-a-walfa-vasy-bb--778327.html,9430,2026-09-06T15:35:00,14.9
,Oasis (Casablanca)Casablanca,BAya,https://ma.afribaba.com/casablanca/jeune-fille-hubi--775674.html,9429,2026-09-01T14:18:00,19.9
,Casablanca,BAna Sara,https://ma.afribaba.com/casablanca/sghira-ou-zwina-nham9ak-aji-bb-matskhach-biya-ghadi-trtah-m3aya--762790.html,9426,2026-08-08T14:46:00,43.9
,Casablanca,BNessma,https://ma.afribaba.com/casablanca/nessma-petite-de-22ans--781375.html,9421,2026-09-12T10:40:00,9.1
,Casablanca,BNice Lady,https://ma.afribaba.com/casablanca/sexy-ilham-aji-nthala-fik--779318.html,9413,2026-09-08T12:08:00,13.0
,Hay SalamaCasablanca,BSalma,https://ma.afribaba.com/casablanca/hay-adil-tous-types--783538.html,9390,2026-09-16T12:11:00,5.0
,Casablanca,BOulfa,https://ma.afribaba.com/casablanca/zineb-a-walfa-finition-toop--774447.html,9380,2026-08-30T08:05:00,22.2
,Casablanca,BWarda,https://ma.afribaba.com/casablanca/warda-bigg-boobs-kbar-terma-zwina-t3ajbk-kolchi-kayn--773944.html,9372,2026-08-29T12:32:00,23.0
,Casablanca,BSofia,https://ma.afribaba.com/casablanca/sofia-domina-de-luxe-bigg-ass-bigg-boobs-finition-vgl-pro-anfa-775014.html,9372,2026-08-31T11:07:00,21.0
,Casablanca,BHalima,https://ma.afribaba.com/casablanca/halima-19an-zwina-hlowa-bigg-boobs-kbar-bigg-ass-bb--776524.html,9370,2026-09-03T11:34:00,18.0
,Casablanca,BHiba,https://ma.afribaba.com/casablanca/la-mignonne-sexy-et-jeune--774555.html,9355,2026-08-30T13:58:00,21.9
,Casablanca,BSexy Rime,https://ma.afribaba.com/casablanca/hind-votre-escort-bomba-deplacement--781766.html,9349,2026-09-12T23:13:00,8.5
,Casablanca,BManal,https://ma.afribaba.com/casablanca/manal-fresh-girl-19an-coquine-small-top-one-sex-vgl-hard--773553.html,9349,2026-08-28T15:55:00,23.8
,Casablanca,BYoussra,https://ma.afribaba.com/casablanca/youssra-a7la-tille-3omri--775955.html,9342,2026-09-01T22:12:00,19.6
,Casablanca,BSafaa,https://ma.afribaba.com/casablanca/safaa-topescort-luxe-taille-grande-fesse-xxl-vgl-juteuse-anfa-777664.html,9317,2026-09-05T10:33:00,16.1
,Casablanca,BMehdi Ff,https://ma.afribaba.com/casablanca/-rahma-la-maturite-bb-ajy-3andi-hbiba-nthalla-fik--784611.html,9318,2026-09-18T16:54:00,2.8
,OulfaCasablanca,BOulfa,https://ma.afribaba.com/casablanca/titiza-a-walfa-nbar3ak-bb--781931.html,9305,2026-09-13T13:38:00,7.9
,Casablanca,BSexy Rime,https://ma.afribaba.com/casablanca/dounia-taille-ji-nbar3aak-fdari-bb--771630.html,9299,2026-08-24T19:43:00,27.7
,Casablanca,BOumou Palgo,https://ma.afribaba.com/casablanca/-blandine-africaine-sexy-ronde-avec-fesse-et-seins--570767.html,9284,2025-06-29T22:47:00,448.6
,Casablanca,BDream centre Spa,https://ma.afribaba.com/casablanca/-la-queen-de-la-finition-photo-reel--178815.html,9264,2022-05-29T16:36:00,1575.8
,Casablanca,BHouda,https://ma.afribaba.com/casablanca/houda-irresistible-grande-fesse-sexy-tres-douce-vgl-baby-maarif-777757.html,9260,2026-09-05T14:02:00,15.9
,CIL (Casablanca)Casablanca,Bmassage a domicil,https://ma.afribaba.com/casablanca/j-ai-la-peau-douce-et-foncee-les-longs-cheveux-fonces-et-je-suis-gros-131898.html,9245,2023-09-28T01:16:00,1089.4
,Casablanca,BNice Lady,https://ma.afribaba.com/casablanca/sexy-sara-m3ak-bach-tmt3k-bebe-merhba-bik-775596.html,9235,2026-09-01T12:23:00,20.0
,Oasis (Casablanca)Casablanca,BDina,https://ma.afribaba.com/casablanca/dina-titiza-de-reve--773959.html,9224,2026-08-29T13:01:00,23.0
,Casablanca,BAya,https://ma.afribaba.com/casablanca/aya-plaisir-illimite-24h--772339.html,9199,2026-08-25T22:02:00,26.6
,OulfaCasablanca,BKamelia Karamella,https://ma.afribaba.com/casablanca/oulfa-fdari-3mryy--777205.html,9198,2026-09-04T14:08:00,16.9
,Casablanca,BKimita,https://ma.afribaba.com/casablanca/kimita-taille-lhbaal-finition-top--778542.html,9194,2026-09-06T20:35:00,14.6
,Casablanca,BInas,https://ma.afribaba.com/casablanca/inas-de-22ans-jeune-fille--777672.html,9194,2026-09-05T10:39:00,16.1
,Casablanca,BNice Lady,https://ma.afribaba.com/casablanca/najwa-aji-nathalla-24-24-chez-moi--771803.html,9193,2026-08-24T23:54:00,27.5
,Oasis (Casablanca)Casablanca,BOumaima,https://ma.afribaba.com/casablanca/oumaima-aji-n3ichou-bb--777284.html,9189,2026-09-04T16:10:00,16.8
,Casablanca,Bالخلف و الأمام,https://ma.afribaba.com/casablanca/-chubby-girl-a7la-plaisir-aji-daba-bebe--776135.html,9181,2026-09-02T12:38:00,19.0
,Casablanca,BNarjiss,https://ma.afribaba.com/casablanca/narjiss-bonne-taille-deplacement--767414.html,9172,2026-08-16T21:40:00,35.6
,Casablanca,BBouskoura,https://ma.afribaba.com/casablanca/bouskoura-massage-avec-finition--785631.html,9178,2026-09-20T13:04:00,1.0
,Casablanca,BHouda diamo,https://ma.afribaba.com/casablanca/maram-taille-bomba-bon-plaisir-hbe--785292.html,9155,2026-09-19T19:51:00,1.7
,Casablanca,BFatine,https://ma.afribaba.com/casablanca/fatine-bogossa-19an-hlowa-bigg-ass-bigg-boobs-sex--772943.html,9144,2026-08-27T12:02:00,25.0
,BourgogneCasablanca,BSalma,https://ma.afribaba.com/casablanca/sexy-fille-bayda-ki-l7lib-bb-matskhach--781570.html,9131,2026-09-12T17:25:00,8.8
,Casablanca,B,https://ma.afribaba.com/casablanca/ain-sbaa-nbar3ak-habibi--784128.html,9133,2026-09-17T19:04:00,3.7
,Casablanca,BRazzan,https://ma.afribaba.com/casablanca/razzan-sexy-girl-skinny-toop-finition--782738.html,9121,2026-09-14T20:50:00,6.6
,Casablanca,BAna Sara,https://ma.afribaba.com/casablanca/samia-lghozala-bb-nthla-fik-y3jbk-lhal-tmchi-nachat--741358.html,9108,2026-06-28T13:59:00,84.9
,Casablanca,BAin sbaa عين السبع,https://ma.afribaba.com/casablanca/ain-sbaa-petite-de-22ans--779132.html,9113,2026-09-08T07:59:00,13.2
,OulfaCasablanca,BOulfa,https://ma.afribaba.com/casablanca/fdari-oulfa-petite-fille--773960.html,9085,2026-08-29T12:59:00,23.0
,Casablanca,BSara,https://ma.afribaba.com/casablanca/sara-se-deplace-queen-of-love--780132.html,9082,2026-09-09T23:25:00,11.5
,Casablanca,BAinsbaa عين السبع,https://ma.afribaba.com/casablanca/ain-sbaa--780877.html,9076,2026-09-11T13:08:00,10.0
,Oasis (Casablanca)Casablanca,BKawtar,https://ma.afribaba.com/casablanca/kawtar-hot-domina-terma-mliha-bigg-ass-fetish--771179.html,9070,2026-08-23T22:41:00,28.6
,OulfaCasablanca,BPleasureStore,https://ma.afribaba.com/casablanca/escorte-pro-max--785278.html,9080,2026-09-19T19:28:00,1.7
,Casablanca,BHiba,https://ma.afribaba.com/casablanca/hiba-toop-finition-anl-vag-je-recois-3mry--781212.html,9027,2026-09-11T21:47:00,9.6
,Aïn DiabCasablanca,BPaolo Gaime ouver,https://ma.afribaba.com/casablanca/-finicion-696382.html,9004,2026-04-21T21:28:00,152.6
,Casablanca,Bmassage a domicil,https://ma.afribaba.com/casablanca/amber-escorte-amp-amp-amp-masseuse-premium-a-casablanca-maroc-718745.html,8990,2026-05-14T21:14:00,129.6
,Casablanca,BNice Lady,https://ma.afribaba.com/casablanca/ahlam-aji-nathalla-24-24-chez-moi--773865.html,8989,2026-08-29T00:56:00,23.5
,Casablanca,BRitaj,https://ma.afribaba.com/casablanca/ritaj-hot-domina-bigg-boobs-wa3ra-bigg-ass-hlowa-top--783900.html,8987,2026-09-17T12:16:00,4.0
,Casablanca,BAna Sara,https://ma.afribaba.com/casablanca/zin-ou-latay-bb-ghadi-nhablk-ahubi-ghadi-trja3-frhan--748655.html,8974,2026-07-12T13:32:00,70.9
,Casablanca,BMajda,https://ma.afribaba.com/casablanca/se-deplace-majda-de-luxe-deplacement--768019.html,8973,2026-08-18T00:06:00,34.5
,Casablanca,BIbtissam lux,https://ma.afribaba.com/casablanca/dominatrice-pro-nthala-fiik-o-nbar3akk-hbibi-se-deplace--785244.html,9278,2026-09-21T10:36:22.366721,0.1
,Casablanca,BSexy Rime,https://ma.afribaba.com/casablanca/kamelya-bomba-nthala-fek--778158.html,8962,2026-09-06T02:57:00,15.4
,OulfaCasablanca,BOulfa,https://ma.afribaba.com/casablanca/sexy-a-oulfa-nbar3ak-bb--775158.html,8961,2026-08-31T16:18:00,20.8
,Casablanca,BAya,https://ma.afribaba.com/casablanca/aya-de-20ans-maarif--783597.html,8961,2026-09-16T14:42:00,4.9
,Casablanca,BAppartement,https://ma.afribaba.com/casablanca/titizaa-sexy-a-oulfaa-calme-hbe--784434.html,8965,2026-09-18T11:42:00,3.0
,BourgogneCasablanca,PMeriem Alami,https://ma.afribaba.com/casablanca/-fille-sexy-a77-top-escort--777259.html,8955,2026-09-04T16:52:00,16.8
,Casablanca,BSix Seven,https://ma.afribaba.com/casablanca/se-deplace-vip-super-plan-3sall-deplacement-776405.html,8952,2026-09-02T22:17:00,18.6
,Casablanca,BFati,https://ma.afribaba.com/casablanca/fati-sexy-de-23ans--775360.html,8952,2026-08-31T21:09:00,20.6
,CalifornieCasablanca,PGhazi Jocker,https://ma.afribaba.com/casablanca/massage-pour-femmes-tout-age-et-couples-maries-et-non-maries--178173.html,8952,2026-01-19T11:26:00,245.0
,Casablanca,BAya,https://ma.afribaba.com/casablanca/aya-a-ainsbaa--775682.html,8948,2026-09-01T14:30:00,19.9
,Casablanca,BSalma,https://ma.afribaba.com/casablanca/salma-tous-types--771898.html,8945,2026-08-25T11:17:00,27.0
,BelvédèreCasablanca,BHafsa,https://ma.afribaba.com/casablanca/hafsa-de-22ans--779896.html,8939,2026-09-09T14:48:00,11.9
,Casablanca,BMature,https://ma.afribaba.com/casablanca/femme-mur-matchba3ch-mni--785062.html,8919,2026-09-19T13:39:00,1.9
,Oasis (Casablanca)Casablanca,BHasna,https://ma.afribaba.com/casablanca/hasna-escort-domina-sexy-bigg-ass-bigg-boobs--778584.html,8917,2026-09-06T21:52:00,14.6
,OulfaCasablanca,BFatin,https://ma.afribaba.com/casablanca/oulfa-forma-7lowa--784436.html,8917,2026-09-18T11:50:00,3.0
,Casablanca,BRania,https://ma.afribaba.com/casablanca/je-deplace-rania-deplacement--775990.html,8882,2026-09-01T22:59:00,19.5
,Casablanca,BAna Sara,https://ma.afribaba.com/casablanca/bb-ana-skhona-nhablk-hubi-maghdich-tndm-ghadi-trja3-nacht--757029.html,8880,2026-07-28T12:02:00,55.0
,Casablanca,BAppartement,https://ma.afribaba.com/casablanca/-titizaa-de-20ans-nouvelle-a-caasa--777781.html,8879,2026-09-05T14:53:00,15.9
,Casablanca,BHakimi Ali,https://ma.afribaba.com/casablanca/rihab-a7la-tille-3omri-njibo-m3ak-bb--766262.html,8874,2026-08-14T20:11:00,37.7
,Casablanca,BNice Lady,https://ma.afribaba.com/casablanca/-nour-sexy-femme-fdari-hbibi--770325.html,8872,2026-08-22T14:03:00,29.9
,Casablanca,BIsraa,https://ma.afribaba.com/casablanca/israa-titiza-ghezala-19an-sghira-hlowa-bigg-ass-sex--771343.html,8873,2026-08-24T11:38:00,28.0
,Casablanca,P3azwa,https://ma.afribaba.com/casablanca/massage-zagouri-486653.html,8861,2025-01-01T11:42:00,628.0
,Casablanca,BSix Seven,https://ma.afribaba.com/casablanca/-agdal-le-rendez-vous-de-sex-du-luxe-super--776854.html,8857,2026-09-03T20:01:00,17.7
,Hay SalamaCasablanca,BSalwa,https://ma.afribaba.com/casablanca/hay-adil-a7la-finition-bebe--777959.html,8861,2026-09-05T19:20:00,15.7
,Oasis (Casablanca)Casablanca,BRim,https://ma.afribaba.com/casablanca/rim-de-22ans-le-bon-plaisir-mon-amour--777581.html,8850,2026-09-05T00:03:00,16.5
,Casablanca,BSexy Rime,https://ma.afribaba.com/casablanca/siham-bomba-ji-nbar3aak-fdari--772539.html,8846,2026-08-26T12:38:00,26.0
,Casablanca,BHajar,https://ma.afribaba.com/casablanca/jeune-fille--777186.html,8847,2026-09-04T13:47:00,16.9
,OulfaCasablanca,BOulfa,https://ma.afribaba.com/casablanca/je-te-recois-a-oulfa--771872.html,8846,2026-08-25T07:36:00,27.2
,Casablanca,BNice Lady,https://ma.afribaba.com/casablanca/sexy-aya-dispo-24-24-chez-moi-bb-la-classe--774340.html,8838,2026-08-29T23:11:00,22.5
,Casablanca,BMaram,https://ma.afribaba.com/casablanca/maram-taille-bomba-top-finition--776900.html,8836,2026-09-03T20:54:00,17.6
,Casablanca,BSexy Rime,https://ma.afribaba.com/casablanca/nada-de-23ans-se-deplace--776434.html,8828,2026-09-02T23:18:00,18.5
,Oasis (Casablanca)Casablanca,BHiba,https://ma.afribaba.com/casablanca/sexy-dominatrice-hiba-topescort-bigg-ass-plaisir-vgl-annnnal--779614.html,8821,2026-09-08T20:34:00,12.6
,CIL (Casablanca)Casablanca,Pmassage a domicil,https://ma.afribaba.com/casablanca/divine-une-belle-masseuse-professionnelle-aux-mains-douces-c-est-m-127040.html,8817,2023-07-18T00:49:00,1161.5
,Casablanca,BNada,https://ma.afribaba.com/casablanca/nada-gourmande-escort-jolie-bigg-ass-bombe-disp-maarif-vgl-bb-779343.html,8815,2026-09-08T13:05:00,13.0
,BourgogneCasablanca,PLina,https://ma.afribaba.com/casablanca/photos-reel-plaisir-pour-moi-ji-daba-chez-moi--617100.html,8810,2025-10-06T01:40:00,350.4
,CIL (Casablanca)Casablanca,PSoso,https://ma.afribaba.com/casablanca/siham-la-belle-top-finition-skhona--785176.html,8817,2026-09-19T16:20:00,1.8
,Casablanca,BYasmine,https://ma.afribaba.com/casablanca/yasmine-la-taille-sexy--778892.html,8799,2026-09-07T16:20:00,13.8
,Casablanca,BRim,https://ma.afribaba.com/casablanca/nisrin-de-19-ans-top-girl--774610.html,8799,2026-08-30T15:14:00,21.9
,Casablanca,PSandra,https://ma.afribaba.com/casablanca/sanda-la-belle-pour-un-plaisir-interminable-781275.html,8789,2026-09-11T23:54:00,9.5
,Casablanca,BSalut098,https://ma.afribaba.com/casablanca/zwina-ou-n9iya-ghadi-thma9-3liya-bb-ji-nthla-fik-trja3-frhan--773952.html,8782,2026-08-29T13:02:00,23.0
,Casablanca,BMajda,https://ma.afribaba.com/casablanca/majda-a7la-tille-3omri-njibo-m3ak-hb--772763.html,8781,2026-08-26T21:52:00,25.6
,Casablanca,BSexy Rime,https://ma.afribaba.com/casablanca/miral-taille-lhbaal-top-finition--780539.html,8769,2026-09-10T20:37:00,10.6
,Casablanca,BSafae,https://ma.afribaba.com/casablanca/zin-w-la-taille-hbe--773935.html,8752,2026-08-29T11:58:00,23.0
,Casablanca,BRim,https://ma.afribaba.com/casablanca/taille-mannequin-se-deplace--772812.html,8738,2026-08-26T23:02:00,25.5
,Casablanca,BSalut098,https://ma.afribaba.com/casablanca/bayda-ou-zwina-ghadi-thma9-3liya-bb-mghadich-tndam--765000.html,8737,2026-08-12T13:09:00,40.0
,Casablanca,BMalak,https://ma.afribaba.com/casablanca/local-maarif-malak-hot-girl-grand-cul-xxl-sexy-finition-vgl-baby--773928.html,8733,2026-08-29T11:26:00,23.0
,Casablanca,BMaarif بوحدي فدار,https://ma.afribaba.com/casablanca/nora-zin-ou-la-taille-aji-zin-diali-nbar3ak-mature-bb--777663.html,8728,2026-09-05T10:34:00,16.1
,Casablanca,BCharles Douglas,https://ma.afribaba.com/casablanca/ghita-hot-sweet-jdida-f-casa-a-marina-super-plan--783388.html,8702,2026-09-15T23:11:00,5.5
,Casablanca,Bamal,https://ma.afribaba.com/casablanca/femme-sexy-top-finition-770832.html,,,
,Casablanca,BFatin,https://ma.afribaba.com/casablanca/fatin-skinny-taille-mannequin-je-recois-hby--784118.html,8685,2026-09-17T18:41:00,3.7
,Casablanca,BKamelya,https://ma.afribaba.com/casablanca/kamelya-talle-magique--772535.html,,,
,Casablanca,BSouhaila,https://ma.afribaba.com/casablanca/souhaila-bonne-taille-3mry--776001.html,8678,2026-09-01T23:24:00,19.5
,BelvédèreCasablanca,BMosawi,https://ma.afribaba.com/casablanca/la-belle-rem-nouvelle-sur-casablanca-en-finition-de-fou-chez-moi-779076.html,8655,2026-09-07T21:03:00,13.6
,Casablanca,BHakimi Ali,https://ma.afribaba.com/casablanca/houda-bomba--775906.html,8652,2026-09-01T20:40:00,19.6
,Casablanca,BNice Lady,https://ma.afribaba.com/casablanca/3rida-skhona-bb-dispo-24-24--783266.html,8647,2026-09-15T20:10:00,5.7
,Racine (Casablanca)Casablanca,BSpa maarif,https://ma.afribaba.com/casablanca/spa-massage-hammam-nethallaa-fiik-bb--774090.html,8643,2026-08-29T16:32:00,22.8
,Casablanca,BKawtar,https://ma.afribaba.com/casablanca/libghiti-bebe-jeune-fille--776590.html,8630,2026-09-03T13:49:00,17.9
,Casablanca,BCharles Douglas,https://ma.afribaba.com/casablanca/se-deplace-sonili-mrtndmch-plan-de-reve-deplacement--782949.html,8630,2026-09-15T12:04:00,6.0
,Oasis (Casablanca)Casablanca,BYasmine,https://ma.afribaba.com/casablanca/yasmine-je-recois-hbiba--777670.html,8626,2026-09-05T10:37:00,16.1
,Casablanca,BSexy Rime,https://ma.afribaba.com/casablanca/sabah-taille-bomba-top-finition--776732.html,8626,2026-09-03T17:21:00,17.8
,Casablanca,BAna Sara,https://ma.afribaba.com/casablanca/hobi-bayda-ou-zwina-ghadi-nbar3k-mghadich-tndam-3liya-758637.html,8626,2026-07-31T14:25:00,51.9
,Casablanca,BRiham,https://ma.afribaba.com/casablanca/riham-taille-magnifique--776390.html,8622,2026-09-02T21:31:00,18.6
,Casablanca,BFarah dep,https://ma.afribaba.com/casablanca/taille-sexy-se-deplace--785725.html,8618,2026-09-20T15:39:00,0.8
,Casablanca,BNirmine,https://ma.afribaba.com/casablanca/nirmine-finition-zin-ou-la-taille--783682.html,8604,2026-09-16T18:33:00,4.7
,Casablanca,BMariam,https://ma.afribaba.com/casablanca/mariam-endroit-calme--783426.html,8602,2026-09-16T00:17:00,5.5
,Racine (Casablanca)Casablanca,PAya vip,https://ma.afribaba.com/casablanca/-aya-24-curvy-blonde-au-maarif-avec-une-taille-exceptionnelle--775192.html,8594,2026-08-31T17:13:00,20.8
,Casablanca,B,https://ma.afribaba.com/casablanca/les-copines-plan-3-dispo-chez-nous-bb--779192.html,8586,2026-09-07T23:45:00,13.5
,Casablanca,BMature,https://ma.afribaba.com/casablanca/sexy-mature--775169.html,8582,2026-08-31T16:50:00,20.8
,BourgogneCasablanca,BSalut098,https://ma.afribaba.com/casablanca/bb-zwina-n9iya-nthla-fik-ndir-lik-lbghiti-maghdich-tndm--754949.html,8583,2026-07-24T11:57:00,59.0
,Casablanca,BSara,https://ma.afribaba.com/casablanca/sara-se-deplace-queen-of-sex--778645.html,8581,2026-09-06T23:22:00,14.5
,Oasis (Casablanca)Casablanca,BNoha,https://ma.afribaba.com/casablanca/noha--780927.html,8575,2026-09-11T14:13:00,9.9
,Casablanca,BBtissam,https://ma.afribaba.com/casablanca/petite-a-ainsbaa--778361.html,8567,2026-09-06T15:25:00,14.9
,Casablanca,BGhita,https://ma.afribaba.com/casablanca/ghita-taille-sexy-top-finition--767214.html,8560,2026-08-16T15:41:00,35.8
,Casablanca,BJoudiya,https://ma.afribaba.com/casablanca/joudiya-plaisir-illimite-24h--773739.html,8557,2026-08-28T21:13:00,23.6
,CIL (Casablanca)Casablanca,BHanaa,https://ma.afribaba.com/casablanca/je-me-deplace--707229.html,8554,2026-04-16T17:49:00,157.8
,Casablanca,BAppartement,https://ma.afribaba.com/casablanca/-titiza-de-20ans-appart-securise-et-discret--774086.html,8550,2026-08-29T16:15:00,22.8
,Casablanca,BKhansa,https://ma.afribaba.com/casablanca/khansa-domina-strapon-xtra-bigg-ass-chaud-fetish-vgl-aannnal--784193.html,8552,2026-09-17T20:56:00,3.6
,Oasis (Casablanca)Casablanca,BLina,https://ma.afribaba.com/casablanca/lina-titiza-de-24ans-nthalla-fik-kbidtii--777210.html,8540,2026-09-04T14:13:00,16.9
,Casablanca,BRiham,https://ma.afribaba.com/casablanca/ainsbaa-bonne-taille--774430.html,8539,2026-08-30T02:53:00,22.4
,Oasis (Casablanca)Casablanca,BBasma,https://ma.afribaba.com/casablanca/basma-sexy-et-mignonne--778184.html,8537,2026-09-06T09:20:00,15.1
,Casablanca,BAppartement,https://ma.afribaba.com/casablanca/a-oufa-rahma-3andi-fdaar--778737.html,8533,2026-09-07T10:12:00,14.1
,Casablanca,BSara,https://ma.afribaba.com/casablanca/sara-aji-nathalla-fik--781411.html,8521,2026-09-12T12:36:00,9.0
,Casablanca,BAna Sara,https://ma.afribaba.com/casablanca/zwina-ou-n9iya-aji-bb-nthla-fik-ghadi-trja3-frhan--764616.html,8517,2026-08-11T16:44:00,40.8
,Casablanca,BAna Sara,https://ma.afribaba.com/casablanca/warda-zin-ou-latay-bb-nthla-fik-ndir-lik-lbghiti-bb-mghadich-tndm--732547.html,8516,2026-06-10T12:45:00,103.0
,Casablanca,BRimesexy,https://ma.afribaba.com/casablanca/hajar-23ans-deplacement-girl--771855.html,8515,2026-08-25T02:47:00,27.4
,Casablanca,BAna Sara,https://ma.afribaba.com/casablanca/bb-aji-3andi-nthla-fik-ndir-lik-lbghiti-bb-bayda-zwina--746946.html,8512,2026-07-09T12:01:00,74.0
,Casablanca,BDEPLACEMENT,https://ma.afribaba.com/casablanca/petite-fille-se-deplace-baby--783209.html,8520,2026-09-15T19:04:00,5.7
,Casablanca,BSexy Rime,https://ma.afribaba.com/casablanca/je-deplace-kholoud-njik-tal-dar-deplacement--775331.html,8489,2026-08-31T20:28:00,20.6
,Oasis (Casablanca)Casablanca,BYasmin,https://ma.afribaba.com/casablanca/yasmin-domina-bigg-ass-pro-very-sexuel-bb-fetish-vgl-ghandi-775361.html,8485,2026-08-31T21:33:00,20.6
,Casablanca,BHajar,https://ma.afribaba.com/casablanca/hajar-de-20ans-maarif--783291.html,8480,2026-09-15T21:02:00,5.6
,Casablanca,BIkram,https://ma.afribaba.com/casablanca/ikram-jeune-de-24ans--773467.html,8480,2026-08-28T13:25:00,23.9
,Casablanca,BSexy Rime,https://ma.afribaba.com/casablanca/nisrine-taille-sexy-toop-finition--774214.html,8475,2026-08-29T18:49:00,22.7
,Casablanca,BIsrae,https://ma.afribaba.com/casablanca/israe-la-belle-plaisir-sans-limite-mon-amour--774321.html,8473,2026-08-29T21:53:00,22.6
,BourgogneCasablanca,PSalmajemimi,https://ma.afribaba.com/casablanca/packs-et-appels-vedios--674260.html,8470,2026-02-10T23:24:00,222.5
,Racine (Casablanca)Casablanca,BOumou Palgo,https://ma.afribaba.com/casablanca/massage-relaxant-556972.html,8463,2025-06-08T23:55:00,469.5
,Oasis (Casablanca)Casablanca,BHafsa,https://ma.afribaba.com/casablanca/hafsa-de-23ans--775852.html,8463,2026-09-01T19:18:00,19.7
,Casablanca,BSexy Rime,https://ma.afribaba.com/casablanca/asmaa-molat-tarf-bb--775778.html,8463,2026-09-01T17:03:00,19.8
,Casablanca,BNice Lady,https://ma.afribaba.com/casablanca/sexy-nidal-m3ak-bach-tmt3k-bebe-merhba-bik-3endi-778461.html,8460,2026-09-06T18:21:00,14.7
,Casablanca,BSpa,https://ma.afribaba.com/casablanca/spa-massage-et-hammam-vas-y-bb--777786.html,8462,2026-09-05T14:57:00,15.9
,CIL (Casablanca)Casablanca,BAngelo soir,https://ma.afribaba.com/casablanca/-amour-massage-et-finition-783623.html,8471,2026-09-17T16:37:00,3.8
,Casablanca,BNice Lady,https://ma.afribaba.com/casablanca/sexy-farah-tarf-3rid-omzayr-bb-dispo-24-24-776905.html,8447,2026-09-03T20:59:00,17.6
,Casablanca,BMalak,https://ma.afribaba.com/casablanca/malak-se-deplace-chez-toi--773194.html,8444,2026-08-27T19:55:00,24.7
,Casablanca,BJihane,https://ma.afribaba.com/casablanca/jihane-titiza-a-casa-matchba3ch-mni-bb--772778.html,8434,2026-08-26T22:14:00,25.6
,Casablanca,BLaila,https://ma.afribaba.com/casablanca/laila-taille-sexy-top-finition--765290.html,8432,2026-08-12T23:04:00,39.5
,Casablanca,BDeplacement,https://ma.afribaba.com/casablanca/titiza-sexy-se-deplace--775162.html,8430,2026-08-31T17:38:00,20.8
,Casablanca,BNora,https://ma.afribaba.com/casablanca/nora-sexy-girl-fesse-bombe-meilleure-a-essayer-sucette-vgl-anfa-772551.html,8413,2026-08-26T13:13:00,25.9
,CIL (Casablanca)Casablanca,POmar9999,https://ma.afribaba.com/casablanca/massage-pour-les-femmes-les-hommes-et-les-couples-517597.html,8402,2025-04-15T12:58:00,524.0
,OulfaCasablanca,BSamira,https://ma.afribaba.com/casablanca/oulfa-hbe-tres-bonne-taille--780318.html,8404,2026-09-10T14:47:00,10.9
,Casablanca,BRim,https://ma.afribaba.com/casablanca/olaya-de-19-ans-top-girl--783662.html,8394,2026-09-16T17:34:00,4.8
,Casablanca,BSara,https://ma.afribaba.com/casablanca/sexy-sara-big-ass-bebe--779326.html,8393,2026-09-08T12:19:00,13.0
,Casablanca,BSix Seven,https://ma.afribaba.com/casablanca/se-deplace-top-escort-cute-vip-deplacement--776400.html,8392,2026-09-02T22:03:00,18.6
,Casablanca,BNice Lady,https://ma.afribaba.com/casablanca/-aji-nathalla-fik-mzn-chez-moi-dispo-24h-780666.html,8379,2026-09-10T23:06:00,10.5
,Casablanca,BFarawla,https://ma.afribaba.com/casablanca/farawla-plaisir-magique--771400.html,8375,2026-08-24T14:07:00,27.9
,Casablanca,BSara,https://ma.afribaba.com/casablanca/sara-plaisir-de-reve-24h--781559.html,8374,2026-09-12T17:12:00,8.8
,Casablanca,BSexy Rime,https://ma.afribaba.com/casablanca/nour-se-deplace-sexy-njik-tal-dar-deplacement--773641.html,8368,2026-08-28T18:43:00,23.7
,Sidi MaâroufCasablanca,BMina,https://ma.afribaba.com/casablanca/top-coquine-plaisir-100-disponible-apel-moi-vite--773369.html,8378,2026-08-28T01:38:00,24.4
,Casablanca,PKhadija Quennes,https://ma.afribaba.com/casablanca/bnj-les-packs-et-sexcam-685976.html,8358,2026-03-08T20:31:00,196.6
,Casablanca,BNice Lady,https://ma.afribaba.com/casablanca/ikhlas-molat-tarf-la3rid-bb-ji-drb-lmli7-fdari--776626.html,8355,2026-09-03T14:45:00,17.9
,Casablanca,BNice Lady,https://ma.afribaba.com/casablanca/sara-skhona-bb-24-24-783304.html,8346,2026-09-15T21:11:00,5.6
,Aïn DiabCasablanca,PGirls Hot,https://ma.afribaba.com/casablanca/aji-njiboh-cam-abb-ahsan-cam-wpack-endi-735128.html,8344,2026-09-14T11:44:00,7.0
,Casablanca,BKawtar,https://ma.afribaba.com/casablanca/kawtar-a7la-tille-3omri-njibo-m3ak-bb--771204.html,8341,2026-08-23T23:04:00,28.5
,Casablanca,BFadwa,https://ma.afribaba.com/casablanca/bernousi-zin-ou-la-taille--786343.html,8431,2026-09-21T10:42:57.491911,0.1
,Casablanca,BLaila,https://ma.afribaba.com/casablanca/zin-ou-la-taille-tous-types--779139.html,8334,2026-09-08T07:59:00,13.2
,Casablanca,B,https://ma.afribaba.com/casablanca/a7la-finition--774846.html,8330,2026-08-30T21:32:00,21.6
,Casablanca,PNadège,https://ma.afribaba.com/casablanca/nadege-la-chaude-black-africaine-disponible-h24-la-gironde--780087.html,8328,2026-09-13T09:45:00,8.1
,Casablanca,BHiba,https://ma.afribaba.com/casablanca/hiba-la-coquine-sexy-et-jeune--772945.html,8325,2026-08-27T12:07:00,25.0
,Casablanca,BAwatif,https://ma.afribaba.com/casablanca/awatif-deplacement-girl-bb--772766.html,8313,2026-08-26T21:55:00,25.6
,Casablanca,BOumaima,https://ma.afribaba.com/casablanca/vip-de-20ans-a7la-plaisir-petite-fille--772375.html,8313,2026-08-25T23:04:00,26.5
,Casablanca,BSexy Rime,https://ma.afribaba.com/casablanca/razan-de-24ans-skinny-type-girl-sexy--773698.html,8306,2026-08-28T20:11:00,23.7
,Casablanca,BRajaa,https://ma.afribaba.com/casablanca/rajaa-sexy-n3jbk-bigg-boobs-bigg-ass-nbr3k--772959.html,8306,2026-08-27T13:00:00,25.0
,Casablanca,BSara,https://ma.afribaba.com/casablanca/sara-se-deplace-taille-sexy-vip--773255.html,8307,2026-08-27T21:21:00,24.6
,Casablanca,BDouae,https://ma.afribaba.com/casablanca/douae-jeune-de-23ans--777431.html,8291,2026-09-04T20:23:00,16.7
,Casablanca,Bمولات طرف,https://ma.afribaba.com/casablanca/ainsbaa-big-ass-hubi-taille-magnifique--779143.html,8297,2026-09-08T07:59:00,13.2
,Casablanca,BIkram,https://ma.afribaba.com/casablanca/deplace-service-a-domicile--783778.html,8293,2026-09-16T22:20:00,4.6
,Casablanca,BWiam,https://ma.afribaba.com/casablanca/tres-sensuelle-aji-nthalla-fik--773052.html,8262,2026-08-27T15:27:00,24.9
,Casablanca,BSpa,https://ma.afribaba.com/casablanca/spa-massage-et-hammam-pro-viens-mtn--773500.html,8257,2026-08-28T14:28:00,23.9
,Casablanca,BNice Lady,https://ma.afribaba.com/casablanca/sexy-dalal-matchba3ch-mni-24h-778574.html,8232,2026-09-06T21:26:00,14.6
,Casablanca,POmar9999,https://ma.afribaba.com/casablanca/massage-pour-les-femmess--516615.html,8223,2025-04-15T12:50:00,524.0
,Casablanca,BSexy Rime,https://ma.afribaba.com/casablanca/lina-finition-incroyable--777918.html,8218,2026-09-05T17:57:00,15.8
,Casablanca,BSalut098,https://ma.afribaba.com/casablanca/zwina-ou-n9iya-aji-bb-mghadich-tndam--753778.html,8214,2026-07-21T20:27:00,61.6
,Casablanca,BSalima,https://ma.afribaba.com/casablanca/salima-19an-sghira-hlowa-bigg-boobs-kbar-bigg-ass-sex--778209.html,8216,2026-09-06T11:22:00,15.0
,OulfaCasablanca,BOulfa,https://ma.afribaba.com/casablanca/-a-mon-appartement-ouulfa--785517.html,8237,2026-09-20T10:00:00,1.1
,Casablanca,BSexy Rime,https://ma.afribaba.com/casablanca/jihane-de-24ans-se-deplace--778579.html,8208,2026-09-06T21:25:00,14.6
,Casablanca,BAya,https://ma.afribaba.com/casablanca/aya-de-19ans--785676.html,8204,2026-09-20T14:43:00,0.9
,Casablanca,BSexy Rime,https://ma.afribaba.com/casablanca/kameliya-24ans-finition-inoubliable--769899.html,8197,2026-08-21T18:40:00,30.7
,Casablanca,BAna Sara,https://ma.afribaba.com/casablanca/bb-aji-3andi-nthla-fik-trja3-frhaan-kin-zin-ou-latay--741391.html,8189,2026-06-28T14:50:00,84.9
,Casablanca,BSalut098,https://ma.afribaba.com/casablanca/-bb-bghti-zin-ou-latay-bghiti-li-ythla-fik-ji-3andi-bb-ana-ntsna-742884.html,8186,2026-07-04T11:12:00,79.0
,Casablanca,BRim,https://ma.afribaba.com/casablanca/douaa-de-19-ans-top-girl--783660.html,8173,2026-09-16T17:28:00,4.8
,BelvédèreCasablanca,BNoha,https://ma.afribaba.com/casablanca/noha-de-25ans-finition-chez-moi-bb--784012.html,8171,2026-09-17T15:17:00,3.9
,BourgogneCasablanca,BSalut098,https://ma.afribaba.com/casablanca/kbida-bghiti-tabar3-aji-3andi-tl9a-zin-ou-latay--756490.html,8168,2026-07-27T12:32:00,56.0
,Casablanca,BSexy Rime,https://ma.afribaba.com/casablanca/miral-taille-lhbaal-top-finition--776306.html,8157,2026-09-02T18:18:00,18.7
,Oasis (Casablanca)Casablanca,BCeline,https://ma.afribaba.com/casablanca/celine-jeune-fille-bebe--776133.html,8155,2026-09-02T12:22:00,19.0
,Casablanca,BSexy Rime,https://ma.afribaba.com/casablanca/israa-taille-sexy-top-finition--772298.html,8149,2026-08-25T21:05:00,26.6
,CIL (Casablanca)Casablanca,PKrimo Karim,https://ma.afribaba.com/casablanca/briti-tber3i-ana-nji-3andk-hta-ldar-336555.html,8141,2023-12-06T11:49:00,1020.0
,Casablanca,BHiba,https://ma.afribaba.com/casablanca/maarif-vip-de-20ans--784230.html,8142,2026-09-17T22:06:00,3.6
,Casablanca,PAbdel Zaidi,https://ma.afribaba.com/casablanca/-asmae-curvy-thick-blonde-avec-des-photo-aji-nthla-fik-bb--778426.html,8136,2026-09-06T17:23:00,14.8
,Casablanca,B,https://ma.afribaba.com/casablanca/les-copines-plan-3-dispo-chez-nous-bb--777573.html,8133,2026-09-04T23:38:00,16.5
,Oasis (Casablanca)Casablanca,BNajwa,https://ma.afribaba.com/casablanca/najwa-titiza-magnifique--776121.html,8119,2026-09-02T11:55:00,19.0
,Oasis (Casablanca)Casablanca,BSexy Rime,https://ma.afribaba.com/casablanca/-meryem-plaisir-sans-limite-photo-relle--773882.html,8116,2026-08-29T02:21:00,23.4
,Casablanca,BSexy Rime,https://ma.afribaba.com/casablanca/ilaf-sexy-ji-nbar3aak-emry--778722.html,8113,2026-09-07T11:12:00,14.0
,Casablanca,BPlan 3 kayn bb,https://ma.afribaba.com/casablanca/ana-sahbti-dkhal-libghiti-plan-3-dispo--771228.html,8105,2026-08-23T23:56:00,28.5
,OulfaCasablanca,BÉliane,https://ma.afribaba.com/casablanca/eliane-douce-africaine-fontaine-pour-votre-plaisir--785744.html,8103,2026-09-20T16:31:00,0.8
,Casablanca,BNada,https://ma.afribaba.com/casablanca/nada-luxe-girl-charmante-small-bien-tracer-gouter-mon-vgl-sucre--775040.html,8098,2026-08-31T13:49:00,20.9
,Casablanca,BAna Sara,https://ma.afribaba.com/casablanca/hay-bb-zwina-ou-hlwa-maghdich-tndam-gh-aji--710864.html,8099,2026-04-24T23:31:00,149.5
,Casablanca,BKenza,https://ma.afribaba.com/casablanca/kenza-finition-de-reve-24h--776393.html,8092,2026-09-02T21:37:00,18.6
,Casablanca,BAya,https://ma.afribaba.com/casablanca/ainsbaa-aji-daba--775121.html,8091,2026-08-31T16:09:00,20.8
,Oasis (Casablanca)Casablanca,BRiham,https://ma.afribaba.com/casablanca/riham-sensation-inoubliable--775022.html,8076,2026-08-31T11:59:00,21.0
,Casablanca,BNadaa,https://ma.afribaba.com/casablanca/sexy-mature-big-boobs-chez-moi--785566.html,8138,2026-09-20T11:32:00,1.0
,Casablanca,BRoumaisa,https://ma.afribaba.com/casablanca/petite-et-mignonne--776134.html,8065,2026-09-02T12:38:00,19.0
,Casablanca,BSexy,https://ma.afribaba.com/casablanca/mature-de-30--775347.html,8045,2026-08-31T20:50:00,20.6
,Casablanca,BSidi rehal,https://ma.afribaba.com/casablanca/sidi-rehal-tamaris-mima-skhona-fdari--786499.html,8385,2026-09-21T11:18:11.591427,0.0
,Casablanca,BImane,https://ma.afribaba.com/casablanca/imane-titiza-bomba-nbr3k-skhona-bzf-bigg-ass--775046.html,8028,2026-08-31T13:18:00,20.9
,Casablanca,Bilaf,https://ma.afribaba.com/casablanca/meilleur-finition--776842.html,8023,2026-09-03T19:46:00,17.7
,Casablanca,BWissal,https://ma.afribaba.com/casablanca/wissal-beauty-dominatrice-bzazl-kbar-bigg-ass-wa3ra--779816.html,8020,2026-09-09T11:51:00,12.0
,Oasis (Casablanca)Casablanca,BHajar,https://ma.afribaba.com/casablanca/hajar-titiza-de-reve--775080.html,8015,2026-08-31T14:40:00,20.9
,Casablanca,Bsalwa,https://ma.afribaba.com/casablanca/sexy-salwa-dispo-24-24-chez-moi-nbar3k--774251.html,8013,2026-08-29T20:00:00,22.7
,Casablanca,BHiba,https://ma.afribaba.com/casablanca/hiba-se-deplace--772810.html,8008,2026-08-26T23:00:00,25.5
,Casablanca,PMASSEUR TURKISH,https://ma.afribaba.com/casablanca/masseur-turc-specialiste-femmes-amp-amp-couples-687068.html,8008,2026-05-13T14:12:00,130.9
,Casablanca,Bisraa,https://ma.afribaba.com/casablanca/israa-deplacement-sexy-skinny--778660.html,8004,2026-09-07T00:13:00,14.5
,Oasis (Casablanca)Casablanca,BCeline,https://ma.afribaba.com/casablanca/celine-jeune-de-20ans--777782.html,7997,2026-09-05T14:54:00,15.9
,Casablanca,BAna Sara,https://ma.afribaba.com/casablanca/zin-ou-latay-bb-skhona-ghadi-tl9a-dakchi-li-bghiti-bb-nthla-fik--771970.html,7995,2026-08-25T13:08:00,27.0
,Casablanca,BNice Lady,https://ma.afribaba.com/casablanca/sexy-marwa-matchba3ch-mni-24h-783380.html,7992,2026-09-15T22:56:00,5.5
,Casablanca,BAmira,https://ma.afribaba.com/casablanca/amira-strapon-domina-bigg-boobs-kbar-bigg-ass-sex-anfa-773463.html,7991,2026-08-28T13:19:00,23.9
,Casablanca,BNouha,https://ma.afribaba.com/casablanca/nouha-domina-bigg-boobs-kbar-ahla-bigg-ass-sex--776644.html,7982,2026-09-03T15:24:00,17.9
,Casablanca,BHiba,https://ma.afribaba.com/casablanca/la-sirene-sexy-fille--772773.html,7980,2026-08-26T22:14:00,25.6
,Casablanca,BAya,https://ma.afribaba.com/casablanca/aya-molat-tarf-bomba--769582.html,7980,2026-08-21T00:53:00,31.5
,Casablanca,BHouda diamo,https://ma.afribaba.com/casablanca/ahlam-toop-escort-bonne-taille-deplacement--785888.html,7982,2026-09-20T20:33:00,0.6
,Casablanca,BAya,https://ma.afribaba.com/casablanca/vip-de-23ans-matchba3ch-mni--776448.html,7972,2026-09-02T23:49:00,18.5
,Casablanca,BRim,https://ma.afribaba.com/casablanca/majdaa-de-19-ans-top-girl--775338.html,7970,2026-08-31T20:43:00,20.6
,OulfaCasablanca,BAppartement,https://ma.afribaba.com/casablanca/a-walfaa-et-sidi-rahal-hbe--770775.html,,,
,BourgogneCasablanca,BNihad,https://ma.afribaba.com/casablanca/nihad-bonne-taille-deplacement--768574.html,7953,2026-08-18T21:59:00,33.6
,Casablanca,BSoukaina,https://ma.afribaba.com/casablanca/je-me-deplace-baby--779676.html,7949,2026-09-08T22:12:00,12.6
,Casablanca,BSalut098,https://ma.afribaba.com/casablanca/hbibi-nthla-fik-ghadi-y3jbk-lhal-m3aya-trja-frahaaaan--743300.html,7946,2026-07-02T12:26:00,81.0
,Casablanca,BSexy Rime,https://ma.afribaba.com/casablanca/petit-de-23ans-se-deplace-bb--774351.html,7946,2026-08-29T22:38:00,22.6
,Casablanca,BOumaima,https://ma.afribaba.com/casablanca/oumaima-bigg-ass-bombe-la-prefere-adorable-recois-maarif-vgl-776523.html,7943,2026-09-03T11:25:00,18.0
,Casablanca,BAin sbaa عين السبع,https://ma.afribaba.com/casablanca/sexy-a-ainsbaa-ana-sahbti--778875.html,7942,2026-09-07T15:39:00,13.8
,Casablanca,BHayat,https://ma.afribaba.com/casablanca/hayat-deplacement-girl-bomb--777015.html,7941,2026-09-04T00:19:00,17.5
,Casablanca,BSe deplace,https://ma.afribaba.com/casablanca/dominatrice-professionnelle-equipee-deplacement-785283.html,7990,2026-09-19T19:36:00,1.7
,Casablanca,BAna Sara,https://ma.afribaba.com/casablanca/hobi-aji-3andi-bb-aji-nthla-fik-ghadi-trtah-m3aya-zin-ou-latay--765153.html,7941,2026-08-12T18:31:00,39.7
,Casablanca,Bكولشي كاين,https://ma.afribaba.com/casablanca/-titiza-de-20ans-appart-vip-et-discret--775860.html,7934,2026-09-01T19:19:00,19.7
,Casablanca,BLaila,https://ma.afribaba.com/casablanca/laila-bonne-taille-deplacement--774957.html,7932,2026-08-31T00:36:00,21.5
,Casablanca,BSamira,https://ma.afribaba.com/casablanca/samira-sexy-masseuse--782525.html,7929,2026-09-14T15:50:00,6.8
,Casablanca,BRania,https://ma.afribaba.com/casablanca/rania-la-coquine-nthalla-fik--785412.html,7938,2026-09-19T22:58:00,1.5
,Casablanca,BRiham,https://ma.afribaba.com/casablanca/deplacement-chez-toi-bb--774405.html,7913,2026-08-30T01:06:00,22.5
,Casablanca,Bmaya,https://ma.afribaba.com/casablanca/sexy-maya-bayda-ki-l7lib-bb-matskhach--784575.html,7912,2026-09-18T15:43:00,2.8
,Casablanca,BAna Sara,https://ma.afribaba.com/casablanca/salma-zwina-ou-latay-kat7m9-bb-maghdich-tskha-biya-aji-3andi-nthla-fik-772516.html,7910,2026-08-26T11:33:00,26.0
,Casablanca,BMaram Mariama,https://ma.afribaba.com/casablanca/zin-w-la-taille-baby-walfa-zin--777203.html,7913,2026-09-04T14:07:00,16.9
,Casablanca,BSexy Rime,https://ma.afribaba.com/casablanca/yasmine-le-bon-plaisir-fdari-hbibi-vas-y--779015.html,7908,2026-09-07T19:37:00,13.7
,Casablanca,BSexy Rime,https://ma.afribaba.com/casablanca/nirmin-taille-sexy-top-finition--771417.html,7905,2026-08-24T14:34:00,27.9
,Casablanca,Blaila,https://ma.afribaba.com/casablanca/sexy-laila-li-bghiti-hbibi-24h-785423.html,7893,2026-09-19T23:19:00,1.5
,Casablanca,BSouhaila,https://ma.afribaba.com/casablanca/souhaila-taille-sexy-hbe--785424.html,7914,2026-09-19T23:24:00,1.5
,OulfaCasablanca,Badja la miss,https://ma.afribaba.com/casablanca/-chic-finition-disponible-chez-adja-la-miss--772238.html,7872,2026-08-25T19:40:00,26.7
,Casablanca,BOmniya,https://ma.afribaba.com/casablanca/plaisir-magique-se-deplace--779113.html,7871,2026-09-07T22:32:00,13.6
,CIL (Casablanca)Casablanca,PSara,https://ma.afribaba.com/casablanca/sara-la-belle-taille-mignonne--777313.html,7870,2026-09-04T17:06:00,16.8
,Casablanca,BSix Seven,https://ma.afribaba.com/casablanca/se-deplacer-malak-honey-deplacement-sur-mesure--775964.html,7862,2026-09-01T22:29:00,19.6
,Casablanca,BAbir,https://ma.afribaba.com/casablanca/abir-de-22ans-a7la-sensation--778541.html,7862,2026-09-06T20:35:00,14.6
,Casablanca,BAppartement,https://ma.afribaba.com/casablanca/-escorte-de-20ans-bohdi-fdar-appart-calme--779575.html,7859,2026-09-08T19:32:00,12.7
,Aïn DiabCasablanca,BRositaben,https://ma.afribaba.com/casablanca/kandir-les-pack-dyali-skhan-et-sexcam--777180.html,7851,2026-09-08T14:11:00,12.9
,Casablanca,BSexy Rime,https://ma.afribaba.com/casablanca/ilham-finition-inoubliable-hbi--775292.html,7851,2026-08-31T19:40:00,20.7
,Casablanca,BHiba,https://ma.afribaba.com/casablanca/hiba-de-23ans-je-deplace--769577.html,7855,2026-08-21T00:44:00,31.5
,Casablanca,BNice Lady,https://ma.afribaba.com/casablanca/hajar-mature-bb-zin-ou-la-taille-hbiba-marhba-bik-3andi--785527.html,7880,2026-09-20T10:18:00,1.1
,Casablanca,BSexy Rime,https://ma.afribaba.com/casablanca/wiam-24ans-finition-inoubliable--773837.html,7846,2026-08-28T23:32:00,23.5
,Casablanca,BMalak,https://ma.afribaba.com/casablanca/malak-escort-raffine-bigg-ass-double-xxl-local-anfa-sexy-vgl-bb-779367.html,7841,2026-09-08T13:59:00,12.9
,OulfaCasablanca,BSamar,https://ma.afribaba.com/casablanca/samar-vip-a-oulfa--774142.html,7842,2026-08-29T17:22:00,22.8
,Casablanca,BBtissam,https://ma.afribaba.com/casablanca/vip-a-ainsbaa--779931.html,7840,2026-09-09T15:25:00,11.9
,Casablanca,BSexy Rime,https://ma.afribaba.com/casablanca/norhane-molat-tarf-bb--773810.html,7834,2026-08-28T22:36:00,23.6
,Casablanca,BNisrine,https://ma.afribaba.com/casablanca/sara-je-deplace-chez-toi--766877.html,7823,2026-08-15T21:28:00,36.6
,Casablanca,BAna Sara,https://ma.afribaba.com/casablanca/bayda-mon-amour-bb-nbar3ak-tmchi-farhan-bb--761616.html,7825,2026-08-06T14:05:00,45.9
,Casablanca,BNihad,https://ma.afribaba.com/casablanca/nihad-sexy--770841.html,7815,2026-08-23T12:42:00,29.0
,Casablanca,BMaram,https://ma.afribaba.com/casablanca/maram-votre-escort-vous-attend-pour-un-sexe-de-reve--783707.html,7816,2026-09-16T19:45:00,4.7
,Hay SalamaCasablanca,BHajar,https://ma.afribaba.com/casablanca/bournazil-tous-est-permis--779306.html,7819,2026-09-08T11:50:00,13.0
,Casablanca,BSiham,https://ma.afribaba.com/casablanca/siham--772311.html,7812,2026-08-25T21:51:00,26.6
,OulfaCasablanca,BPlaisir Service,https://ma.afribaba.com/casablanca/beau-seins-gros-c-ul-sex-e-vaginale-finition-relaxant-bon-plan-778173.html,7811,2026-09-06T06:33:00,15.2
,OulfaCasablanca,BFati,https://ma.afribaba.com/casablanca/rahma-bonne-taille-hbe--784610.html,7812,2026-09-18T17:19:00,2.8
,Casablanca,BIlham,https://ma.afribaba.com/casablanca/ilham-de-24ans-a7la-plaisir--771670.html,7803,2026-08-24T20:56:00,27.6
,Oasis (Casablanca)Casablanca,BInas,https://ma.afribaba.com/casablanca/-sexy-inas-aji-nbar3ak-habibi-dyali--780874.html,7799,2026-09-11T13:02:00,10.0
,Casablanca,BFati,https://ma.afribaba.com/casablanca/fati-nouvelle-fille-nthala-fik-beby--785100.html,7794,2026-09-19T15:51:00,1.8
,Casablanca,BCharles Douglas,https://ma.afribaba.com/casablanca/se-deplace-super-plan-deplacement--780646.html,7788,2026-09-10T23:01:00,10.5
,Casablanca,BWiam,https://ma.afribaba.com/casablanca/wiam-topescort-adorable-fesse-bien-tracer-penetration-vgl-bb-anfa-774506.html,7787,2026-08-30T12:54:00,22.0
,Casablanca,BFarah,https://ma.afribaba.com/casablanca/farah-de-24ans-sexy-girl--783203.html,7788,2026-09-15T18:52:00,5.7
,Casablanca,BRim,https://ma.afribaba.com/casablanca/rim-se-deplace-petite-et-mignone--772377.html,7787,2026-08-25T23:15:00,26.5
,Casablanca,BOumaima,https://ma.afribaba.com/casablanca/oumaima-sensation-de-reve--775065.html,7784,2026-08-31T13:23:00,20.9
,Casablanca,BHouda diamo,https://ma.afribaba.com/casablanca/hiba-taille-thabal-sexy-et-mignonne--779696.html,7780,2026-09-08T22:36:00,12.6
,Casablanca,BSalut098,https://ma.afribaba.com/casablanca/hbibi-aji-3andi-apparemment-tranquille-nthla-fik-tla9a-rahtek-m3aya--751983.html,7779,2026-07-18T18:44:00,64.7
,Casablanca,BDouaa,https://ma.afribaba.com/casablanca/douaa-finition-speciale-bomba--776214.html,7767,2026-09-02T15:18:00,18.9
,Casablanca,BRania,https://ma.afribaba.com/casablanca/rania-de-23ans-fdari-bb--775891.html,7765,2026-09-01T20:20:00,19.7
,Casablanca,BSexy Rime,https://ma.afribaba.com/casablanca/nihad-la-maturite-hoby-ajy-3andi-hbiba-nthalla-fik--774325.html,7763,2026-08-29T22:09:00,22.6
,Casablanca,BAna Sara,https://ma.afribaba.com/casablanca/kbida-aji-3andi-marhba-nthla-fik-bb-bayda-ou-zwina--754064.html,7760,2026-07-22T14:35:00,60.9
,Casablanca,BHouda diamo,https://ma.afribaba.com/casablanca/nouha-23ans-toop-escort-bonne-taille-deplacement--785866.html,7759,2026-09-20T20:04:00,0.7
,Casablanca,BChaimae,https://ma.afribaba.com/casablanca/chaimae-plaisir-inoubliable--772817.html,7754,2026-08-26T23:09:00,25.5
,Casablanca,BSalma,https://ma.afribaba.com/casablanca/salma-vip-de-20ans-fdari-bb-maarif--771195.html,7751,2026-08-23T22:45:00,28.6
,Casablanca,BIkram,https://ma.afribaba.com/casablanca/chaimae-finition-inoubliable--783541.html,7729,2026-09-16T12:07:00,5.0
,Casablanca,BSexy Rime,https://ma.afribaba.com/casablanca/assil-taille-sexy-top-finition--775755.html,7728,2026-09-01T16:25:00,19.8
,Casablanca,BHouda diamo,https://ma.afribaba.com/casablanca/ritaj-finition-inoubliable-sexy--779665.html,7725,2026-09-08T22:04:00,12.6
,OulfaCasablanca,BOulfa,https://ma.afribaba.com/casablanca/oulfa-baby-titiza-vip-le-bon-plaisir--783578.html,7731,2026-09-16T14:01:00,4.9
,Oasis (Casablanca)Casablanca,BSexuel escort,https://ma.afribaba.com/casablanca/sexuel-small-skinny-girl-tres-mince-a-gouter-vgl-sucette-oasis-775156.html,7720,2026-08-31T16:24:00,20.8
,Casablanca,BNice Lady,https://ma.afribaba.com/casablanca/sara-mature-sexy-femme-fdari-hbibi-786166.html,8247,2026-09-21T11:00:34.699478,0.0
,Casablanca,BSohayla,https://ma.afribaba.com/casablanca/sohayla-la-maturite-ajy-3andi-hbiba-nthalla-fik--772464.html,7716,2026-08-26T05:03:00,26.3
,Casablanca,BNihal,https://ma.afribaba.com/casablanca/nihal-de-22ans-corps-delice--784966.html,7719,2026-09-19T09:57:00,2.1
,Oasis (Casablanca)Casablanca,BInas,https://ma.afribaba.com/casablanca/inas-de-22ans-plaisir-intense--778259.html,7713,2026-09-06T13:14:00,14.9
,Casablanca,BSexy Rime,https://ma.afribaba.com/casablanca/nour-bomb-ji-nbar3aak-fdari-bb--774384.html,7711,2026-08-29T23:57:00,22.5
,Casablanca,BSexy Rime,https://ma.afribaba.com/casablanca/amal-24ans-je-deplace-plaisir-magique-chez-toi--779722.html,7705,2026-09-08T23:43:00,12.5
,Casablanca,BHind,https://ma.afribaba.com/casablanca/hind-escort-bbw-la-star-grand-cul-xxl-bigg-boobs-sexy-vgl-bb--771930.html,7706,2026-08-25T12:23:00,27.0
,Casablanca,BAbir,https://ma.afribaba.com/casablanca/abir-hot-escort-vous-attend-pour-un-sexe-de-reve--778883.html,7700,2026-09-07T15:55:00,13.8
,CIL (Casablanca)Casablanca,BKawtarkokita,https://ma.afribaba.com/casablanca/milf-gros-seins-grosses-fesses-dispo-pr-plan--778721.html,7701,2026-09-07T07:30:00,14.2
,Casablanca,BLa blonde,https://ma.afribaba.com/casablanca/blondine-endroit-calme--779647.html,7695,2026-09-08T21:24:00,12.6
,Casablanca,BCharles Douglas,https://ma.afribaba.com/casablanca/se-deplace-houda-top-escort-deplacement--785396.html,7719,2026-09-19T22:46:00,1.6
,Casablanca,BChaimae,https://ma.afribaba.com/casablanca/chaimae-deplacement-bb--781096.html,7690,2026-09-11T19:19:00,9.7
,Casablanca,BHouda diamo,https://ma.afribaba.com/casablanca/ain-sebaa-sexy-girl-chez-moi--784381.html,7689,2026-09-18T09:07:00,3.1
,Casablanca,BHouda diamo,https://ma.afribaba.com/casablanca/je-deplace-doha-njiik-tal-dar-deplacement--785940.html,7699,2026-09-20T22:05:00,0.6
,Casablanca,BDEPLACEMENT,https://ma.afribaba.com/casablanca/se-deplace-photo-reelle--781102.html,7665,2026-09-11T19:31:00,9.7
,Casablanca,BSiham,https://ma.afribaba.com/casablanca/luxueuse-siham-ahla-terma-bzazl-hlowine-sexuel--778925.html,7665,2026-09-07T17:35:00,13.8
,Casablanca,BRhita,https://ma.afribaba.com/casablanca/rhita-la-coquine-jolie-fille--778254.html,7660,2026-09-06T13:06:00,15.0
,Casablanca,BRim,https://ma.afribaba.com/casablanca/bassma-de-21-ans-top-girl--776392.html,7649,2026-09-02T21:33:00,18.6
,Casablanca,BAna Sara,https://ma.afribaba.com/casablanca/bb-aji-3andi-nbar3ak-nthla-fik-bb-mtskhach-biya-trja3-nacht--753505.html,7649,2026-07-21T14:14:00,61.9
,Casablanca,BSalut098,https://ma.afribaba.com/casablanca/bayda-mon-amour-bb-nthla-fik-mghadich-tndm--771402.html,7644,2026-08-24T14:08:00,27.9
,Casablanca,BInas,https://ma.afribaba.com/casablanca/inas-sensation-de-reve--771796.html,7640,2026-08-24T23:40:00,27.5
,Casablanca,BSexy Rime,https://ma.afribaba.com/casablanca/riham-a7la-tille-3omri-njibo-m3ak-bb--772037.html,7634,2026-08-25T14:35:00,26.9
,Casablanca,BSe deplace تال عندك,https://ma.afribaba.com/casablanca/se-deplace-hbee--778471.html,7630,2026-09-06T18:32:00,14.7
,Casablanca,BChams,https://ma.afribaba.com/casablanca/chams-petite-fille--770990.html,7628,2026-08-23T16:44:00,28.8
,Casablanca,BSalut098,https://ma.afribaba.com/casablanca/hobi-nhablk-ghadi-thma9-3liya-aji-3andi--749071.html,7625,2026-07-13T14:22:00,69.9
,Casablanca,PAïcha,https://ma.afribaba.com/casablanca/aicha-jolie-black-africaine-finition-au-maarif-24-h--774563.html,7622,2026-09-02T14:11:00,18.9
,Oasis (Casablanca)Casablanca,BLina,https://ma.afribaba.com/casablanca/lina-la-blonde-sexy-fille--775145.html,7618,2026-08-31T16:09:00,20.8
,CIL (Casablanca)Casablanca,PLhomme Noir,https://ma.afribaba.com/casablanca/massage-et-finition-pour-les-femmes-les-gay-no-783524.html,7622,2026-09-16T11:28:00,5.0
,CIL (Casablanca)Casablanca,BAna Sara,https://ma.afribaba.com/casablanca/bb-ana-skhona-ou-n9iya-aji-3andi-apparemment-tranquille-bb--705322.html,7604,2026-04-14T18:09:00,159.7
,Oasis (Casablanca)Casablanca,BFatin,https://ma.afribaba.com/casablanca/fatin-a7la-plaisir--776182.html,7596,2026-09-02T14:24:00,18.9
,Casablanca,BLe Roi Du nord,https://ma.afribaba.com/casablanca/-leticia-femme-fontaine-disponible-24-24--779893.html,7591,2026-09-09T14:45:00,11.9
,Casablanca,BNoha,https://ma.afribaba.com/casablanca/noha-le-bon-plaisir-24h--775355.html,7587,2026-08-31T21:04:00,20.6
,Casablanca,BAya,https://ma.afribaba.com/casablanca/aya-kn9tr-bl7lawa-marhba-bik-f-dari-sex--784397.html,7589,2026-09-18T10:31:00,3.1
,Casablanca,BRajoua,https://ma.afribaba.com/casablanca/rajoua-bbw-de-25an-bigg-boobs-xxl-bigg-ass-bb-sexy-vgl-hard-780944.html,7571,2026-09-11T14:50:00,9.9
,Casablanca,BKamelya,https://ma.afribaba.com/casablanca/petit-de-20ans-bomba-sexy-je-recois-beby--783316.html,7566,2026-09-15T21:31:00,5.6
,Casablanca,BLala,https://ma.afribaba.com/casablanca/la-maturite--776781.html,7563,2026-09-03T18:32:00,17.7
,Casablanca,BRimesexy,https://ma.afribaba.com/casablanca/nawal-finition-inoubliable-kbida--775393.html,7558,2026-08-31T22:10:00,20.6
,Casablanca,BNice Lady,https://ma.afribaba.com/casablanca/sexy-marwa-tarf-3rid-omzayr-bb-dispo-24-24-777946.html,7559,2026-09-05T18:53:00,15.7
,Casablanca,BRimesexy,https://ma.afribaba.com/casablanca/ilaf-deplacement-girl-bomb--777627.html,7555,2026-09-05T01:40:00,16.4
,Casablanca,BRim,https://ma.afribaba.com/casablanca/petit-20ans-deplacement-chez-toi--766851.html,7556,2026-08-15T20:54:00,36.6
,Casablanca,BRim,https://ma.afribaba.com/casablanca/marwaa-de-19-ans-top-girl--781235.html,7552,2026-09-11T22:18:00,9.6
,Casablanca,PAppartement,https://ma.afribaba.com/casablanca/-nouvelle-a-casq-j-ai-20ans--781539.html,7549,2026-09-12T16:17:00,8.8
,Casablanca,BAna Sara,https://ma.afribaba.com/casablanca/bb-bghiti-tmta3-ou-thas-bih-aji-3andi-ghadi-thma9-3liya--745520.html,7546,2026-07-06T13:19:00,76.9
,Oasis (Casablanca)Casablanca,BKhansa,https://ma.afribaba.com/casablanca/khansa-sexy-dominatrice-extra-bigg-ass-sex-vgl-aannaal-fetish-778046.html,7550,2026-09-05T21:24:00,15.6
,Casablanca,BHouda diamo,https://ma.afribaba.com/casablanca/je-deplace-riham-njik-ta-l-dar-deplacement--785877.html,7544,2026-09-20T20:24:00,0.7
,Casablanca,BSafaa,https://ma.afribaba.com/casablanca/petit-de-22ans-se-deplace--772798.html,7540,2026-08-26T22:41:00,25.6
,Casablanca,BLina,https://ma.afribaba.com/casablanca/lina-deplacement-nouvelle-fille-photos-reelles--778090.html,7525,2026-09-05T22:58:00,15.5
,Casablanca,BSalma,https://ma.afribaba.com/casablanca/salma-deplacement--777962.html,7517,2026-09-05T19:20:00,15.7
,Casablanca,BFati,https://ma.afribaba.com/casablanca/fati-hlowa-dalou3a-bigg-ass-bigg-boobs-finition-men-9odam-lor--777260.html,7516,2026-09-04T15:32:00,16.9
,Casablanca,B,https://ma.afribaba.com/casablanca/petite-de-23ans-matchba3ch-bb--783583.html,7518,2026-09-16T14:00:00,4.9
,Casablanca,BMalak,https://ma.afribaba.com/casablanca/malak-petite-et-mignonne--776336.html,7515,2026-09-02T19:29:00,18.7
,Casablanca,BJulia,https://ma.afribaba.com/casablanca/julia--786315.html,7861,2026-09-21T11:04:49.119742,0.0
,Casablanca,BRimesexy,https://ma.afribaba.com/casablanca/yassmin-23ans-deplacement-bomba-chez-toi--780684.html,7509,2026-09-10T23:32:00,10.5
,BourgogneCasablanca,BSalut098,https://ma.afribaba.com/casablanca/molat-sder-lhnin-bb-maghdich-tndm-ghadi-trja3-frhan--750682.html,7504,2026-07-16T13:41:00,66.9
,Casablanca,BWiam,https://ma.afribaba.com/casablanca/wiam-finition-inoubliable-sexy--775885.html,7499,2026-09-01T20:03:00,19.7
,Casablanca,BChez vous,https://ma.afribaba.com/casablanca/chez-vous-nji-tal-3andk--784565.html,7502,2026-09-18T15:24:00,2.9
,Casablanca,BAmal,https://ma.afribaba.com/casablanca/amal-23ans-je-deplace-plaisir-magique-chez-toi--780129.html,7499,2026-09-09T23:18:00,11.5
,Oasis (Casablanca)Casablanca,BSakina,https://ma.afribaba.com/casablanca/sakina-escort-21an-taille-small-a-mordre-sexy-vgl-devant-oasis-775163.html,7486,2026-08-31T16:31:00,20.8
,Casablanca,BSalma,https://ma.afribaba.com/casablanca/en-ville-a7la-plaisir--783915.html,7481,2026-09-17T12:42:00,4.0
,Casablanca,BNour,https://ma.afribaba.com/casablanca/nour-a7la-taille-bomba-njibo-m3ak--774591.html,7474,2026-08-30T14:56:00,21.9
,Casablanca,BRiham,https://ma.afribaba.com/casablanca/riham-deplacement-girl-sexy--769049.html,7473,2026-08-20T00:11:00,32.5
,Casablanca,BAya,https://ma.afribaba.com/casablanca/deplacement-sexy-fille-bon-service-baby--781015.html,7472,2026-09-11T16:42:00,9.8
,Casablanca,BMery,https://ma.afribaba.com/casablanca/mery-23ans-se-deplace-chez-toi-plaisir-intense--783788.html,7471,2026-09-16T22:53:00,4.5
,BourgogneCasablanca,BAna Sara,https://ma.afribaba.com/casablanca/kbida-marhba-bik-ji-3andi-nthla-fik-ghadi-thma9-3liya--752311.html,7470,2026-07-19T13:32:00,63.9
,Hay SalamaCasablanca,BOumaima,https://ma.afribaba.com/casablanca/bournazil-le-bon-plaisir-hbe--779921.html,7466,2026-09-09T15:11:00,11.9
,Casablanca,BLaila,https://ma.afribaba.com/casablanca/vip-a-ainsbaa--779645.html,7464,2026-09-08T21:24:00,12.6
,Casablanca,B,https://ma.afribaba.com/casablanca/blondine-a7la-plaisir-viens-mtn-en-ville--772744.html,7458,2026-08-26T20:59:00,25.6
,Casablanca,BSexy Rime,https://ma.afribaba.com/casablanca/se-deplace-ilaf-de-luxe-deplacement--774950.html,7457,2026-08-31T00:19:00,21.5
,Casablanca,BSe deplace تال عندك,https://ma.afribaba.com/casablanca/tal-3andek-huuby-je-deplace--774894.html,7456,2026-08-30T22:28:00,21.6
,Casablanca,BSPA,https://ma.afribaba.com/casablanca/massage-et-hammam-le-bien-etre-bebe--765085.html,7452,2026-08-13T15:29:00,38.9
,Casablanca,BSexy Rime,https://ma.afribaba.com/casablanca/majdoulin-se-deplace-chez-toi--776482.html,7451,2026-09-03T03:03:00,18.4
,Casablanca,BRim,https://ma.afribaba.com/casablanca/saara-de-19-ans-top-girl--774619.html,7446,2026-08-30T15:26:00,21.9
,Casablanca,BAna Sara,https://ma.afribaba.com/casablanca/lhlib-bb-bghit-tmat3-rask-aji-3andi-bb-ana--754985.html,7442,2026-07-24T13:06:00,59.0
,Casablanca,BPlan 3 dispo,https://ma.afribaba.com/casablanca/ain-sbaa-ana-sahbti-vasy-bb--777192.html,7443,2026-09-04T13:49:00,16.9
,Casablanca,BYasmine,https://ma.afribaba.com/casablanca/yasmine-se-deplace--777980.html,7435,2026-09-05T20:26:00,15.6
,Casablanca,B,https://ma.afribaba.com/casablanca/vip-de-22ans-maarif-bb-local-discret--783791.html,7420,2026-09-17T00:20:00,4.5
,Casablanca,BLyna,https://ma.afribaba.com/casablanca/lyna-24ans-deplacement-girl-toop-escort--778572.html,7416,2026-09-06T21:18:00,14.6
,Casablanca,BAmira,https://ma.afribaba.com/casablanca/amira-sexy-beaute-attirante-jolie-fesse-a-mordre-fetish-vgl-sexy--783996.html,7415,2026-09-17T14:59:00,3.9
,OulfaCasablanca,BPlaisir Service,https://ma.afribaba.com/casablanca/satisfaction-garantie-finition-juteuse-massage-magique--772490.html,7414,2026-08-26T09:50:00,26.1
,Casablanca,BMaha,https://ma.afribaba.com/casablanca/maha-de-23ans-ain-sbaa--777968.html,7411,2026-09-05T19:19:00,15.7
,OulfaCasablanca,BLaila,https://ma.afribaba.com/casablanca/laila-sexy-a-oulfa--780858.html,7408,2026-09-11T12:47:00,10.0
,Casablanca,BAya,https://ma.afribaba.com/casablanca/se-deplace-votre-escort-taille-sexy-deplacement--769045.html,7407,2026-08-20T00:05:00,32.5
,Casablanca,BKoloo 3afak,https://ma.afribaba.com/casablanca/appart-calme-sexy--775152.html,7406,2026-08-31T16:09:00,20.8
,Casablanca,BHouda diamo,https://ma.afribaba.com/casablanca/je-deplace-hiba-njiik-tal-dar-deplacement--784182.html,7411,2026-09-17T20:43:00,3.6
,Casablanca,BRihana,https://ma.afribaba.com/casablanca/-rihana-sexy-blonde--763606.html,7403,2026-08-10T06:17:00,42.2
,Oasis (Casablanca)Casablanca,BSouhaila,https://ma.afribaba.com/casablanca/souhaila-plaisir-illimite-je-te-recois-babe--779799.html,7401,2026-09-09T10:52:00,12.0
,Casablanca,BAna Sara,https://ma.afribaba.com/casablanca/bb-marhba-ji-3andi-nthla-fik-zwina-ou-latay-maghdich-tndm--777299.html,7400,2026-09-04T16:38:00,16.8
,Casablanca,BLaila,https://ma.afribaba.com/casablanca/laila-se-deplace--774862.html,7398,2026-08-30T22:17:00,21.6
,Casablanca,BAppartement,https://ma.afribaba.com/casablanca/a-oufaa-et-sidi-rahal-je-te-recois--774446.html,7396,2026-08-30T08:01:00,22.2
,Hay SalamaCasablanca,BSara,https://ma.afribaba.com/casablanca/bournazil-aji-nbar3ak-kbidti--780779.html,7393,2026-09-11T10:12:00,10.1
,Casablanca,BSanae,https://ma.afribaba.com/casablanca/sanae-deplacement-a-casa--779022.html,7394,2026-09-07T19:56:00,13.7
,Casablanca,BSe deplace تال عندك,https://ma.afribaba.com/casablanca/se-deeeplace-lhoob--775144.html,7390,2026-08-31T15:55:00,20.8
,BourgogneCasablanca,PMeriem Alami,https://ma.afribaba.com/casablanca/-maria-a77-top-escort--785194.html,7397,2026-09-19T19:11:00,1.7
,Casablanca,BKing Ann,https://ma.afribaba.com/casablanca/rihan-de-23-ans-sexy-chaude-bon-taille-cherie-casablanca--769956.html,7370,2026-08-21T19:35:00,30.7
,Casablanca,BSe deplace تال عندك,https://ma.afribaba.com/casablanca/se-deplace-zin-dyali-3andaak--786286.html,7786,2026-09-21T11:21:01.030959,0.0
,Casablanca,BSexy Rime,https://ma.afribaba.com/casablanca/jannat-toop-escort-vous-attend-pour-un-sexe-de-reve--775881.html,7371,2026-09-01T19:49:00,19.7
,Casablanca,BNice Lady,https://ma.afribaba.com/casablanca/-aji-hbiba-nabr3ak-mature-30--780790.html,7369,2026-09-11T10:46:00,10.1
,Casablanca,BHiba,https://ma.afribaba.com/casablanca/je-me-deplace-jolie-fille--775611.html,7362,2026-09-01T20:52:00,19.6
,Casablanca,BVip,https://ma.afribaba.com/casablanca/top-finition-chez-moi--784870.html,7360,2026-09-18T23:17:00,2.5
,Casablanca,BRiham,https://ma.afribaba.com/casablanca/riham-sensation-thablik--776363.html,7357,2026-09-02T20:48:00,18.6
,BourgogneCasablanca,BBeautiful Sensation,https://ma.afribaba.com/casablanca/wissal-plaisir-sans-limite-fdari-kbidti--765994.html,7353,2026-08-14T13:55:00,37.9
,Casablanca,BSpa,https://ma.afribaba.com/casablanca/bon-spa-massage-et-hammam-viens-mtn--781522.html,7339,2026-09-12T15:30:00,8.9
,Casablanca,BIkram,https://ma.afribaba.com/casablanca/petite-de-20ans-fdari-maarif--778055.html,7338,2026-09-05T21:43:00,15.6
,Casablanca,BLamiaa,https://ma.afribaba.com/casablanca/lamiaa-mature-de-32ans--777352.html,7318,2026-09-04T18:38:00,16.7
,Casablanca,BCharles Douglas,https://ma.afribaba.com/casablanca/se-deplace-echappee-belles-art-du-raffinement-deplacement--777560.html,7315,2026-09-04T23:08:00,16.5
,Casablanca,BSexy Rime,https://ma.afribaba.com/casablanca/nissrin-23ans-a7la-plaisir-jeune-fille-chez-moi--776202.html,7313,2026-09-02T15:03:00,18.9
,Casablanca,BSahar,https://ma.afribaba.com/casablanca/sahar-finition-inoubliable-toop-escort--776667.html,7308,2026-09-03T15:36:00,17.9
,Casablanca,BRim,https://ma.afribaba.com/casablanca/marwa-de-19-ans-top-girl--780986.html,7295,2026-09-11T15:40:00,9.8
,Casablanca,BRiham,https://ma.afribaba.com/casablanca/titiza-a-casa--778651.html,7291,2026-09-06T23:48:00,14.5
,Oasis (Casablanca)Casablanca,BSalut098,https://ma.afribaba.com/casablanca/bayda-mon-amour-bb-aji-3andi-nthla-fik-bb--783547.html,7292,2026-09-16T12:26:00,5.0
,Casablanca,BAhlam,https://ma.afribaba.com/casablanca/ahlam-belle-fille-fesse-bombe-beau-seins-a-sucer-sex-vgl-maarif-775633.html,7287,2026-09-01T13:28:00,19.9
,Casablanca,BAna Sara,https://ma.afribaba.com/casablanca/bb-ghadi-nbar3ak-nthla-fik-ji-3andi-bb-maghdich-tndm-tmchi-nacht--760849.html,7282,2026-08-04T22:10:00,47.6
,Casablanca,BDouae,https://ma.afribaba.com/casablanca/douae-de-23ans-vas-y-bebe--771431.html,7276,2026-08-24T14:58:00,27.9
,Casablanca,BDina,https://ma.afribaba.com/casablanca/se-deplace-dina-prive-amp-amp-select-deplacement--776411.html,7270,2026-09-02T22:07:00,18.6
,Casablanca,BSarita,https://ma.afribaba.com/casablanca/sarita-top-bigg-boobs-kbar-n3jbk-ghezala-mssisa--772651.html,7269,2026-08-26T18:13:00,25.7
,Casablanca,BRim,https://ma.afribaba.com/casablanca/riham-de-21-ans-top-girl--785215.html,7268,2026-09-19T17:18:00,1.8
,Casablanca,BRiham,https://ma.afribaba.com/casablanca/je-me-deplace-bon-plaisir-hbe--778784.html,7265,2026-09-07T12:56:00,14.0
,Casablanca,BSexy Rime,https://ma.afribaba.com/casablanca/nawal-finition-inoubliable-bb--774852.html,7259,2026-08-30T21:47:00,21.6
,Casablanca,BNice Lady,https://ma.afribaba.com/casablanca/sexy-file-nbar3ak-bebe--773950.html,7258,2026-08-29T12:36:00,23.0
,Casablanca,BNice Lady,https://ma.afribaba.com/casablanca/nidal-sexy-mature-femme-nathalla-fik-bb--779307.html,7253,2026-09-08T11:50:00,13.0
,OulfaCasablanca,BAppartement,https://ma.afribaba.com/casablanca/titiza-tooop-waalfa--776688.html,7254,2026-09-03T16:07:00,17.8
,Casablanca,BSPA,https://ma.afribaba.com/casablanca/le-bon-spa-titiza-sexy-massage-et-hammam--772966.html,7248,2026-08-27T13:06:00,25.0
,Casablanca,BAna Sara,https://ma.afribaba.com/casablanca/zin-ou-latay-kolchi-bb-fiya-zwin-ghafi-thma9-3liya-trja3-nacht--755545.html,7244,2026-07-25T14:44:00,57.9
,Casablanca,BInas,https://ma.afribaba.com/casablanca/inas-de-20ans-maarif--781207.html,7243,2026-09-11T21:46:00,9.6
,Casablanca,BWissal,https://ma.afribaba.com/casablanca/wissal-petite-et-mignonne--772561.html,7236,2026-08-26T13:35:00,25.9
,Casablanca,BFatin,https://ma.afribaba.com/casablanca/la-mignonne-le-bon-plaisir--779305.html,7238,2026-09-08T11:47:00,13.0
,Casablanca,BRositaben,https://ma.afribaba.com/casablanca/appel-video-pack-doz-telegram-nthla-fik--722236.html,7234,2026-05-29T00:49:00,115.5
,Casablanca,BJihane,https://ma.afribaba.com/casablanca/jihane-beauty-domina-top-bzazl-kbar-bigg-ass-mlih-sex--778226.html,7219,2026-09-06T12:11:00,15.0
,Casablanca,BSexy Rime,https://ma.afribaba.com/casablanca/douaa-plaisir-intense-je-recois--777696.html,7219,2026-09-05T12:09:00,16.0
,Casablanca,BSpa,https://ma.afribaba.com/casablanca/spa-titiza-sexy-massage-et-hammam--775562.html,7215,2026-09-01T10:35:00,20.1
,Racine (Casablanca)Casablanca,PAbdel Zaidi,https://ma.afribaba.com/casablanca/-najwa-curvy-thick-blonde-taille-photo-au-maarif--774624.html,7195,2026-08-30T15:35:00,21.9
,Casablanca,BHouda,https://ma.afribaba.com/casablanca/houda-bbw-24an-la-star-bigg-ass-xxl-sexy-vgl-intense-anfa-775721.html,7191,2026-09-01T15:29:00,19.9
,Oasis (Casablanca)Casablanca,BFadwa,https://ma.afribaba.com/casablanca/fadwa-titiza-a-oasis--785053.html,7189,2026-09-19T13:52:00,1.9
,Casablanca,BRania,https://ma.afribaba.com/casablanca/rania-luxe-domina-top-bzazl-kbar-bigg-ass-wa3ra-sexy--785004.html,7188,2026-09-19T12:15:00,2.0
,Casablanca,BHiba,https://ma.afribaba.com/casablanca/hiba-de-23ans-nthalla-fik-baby--773768.html,7183,2026-08-28T21:42:00,23.6
,Casablanca,BDave,https://ma.afribaba.com/casablanca/je-suis-dave-un-beau-gosse-gay-africain-versatile-vient-bb--774531.html,7169,2026-08-30T13:22:00,21.9
,Casablanca,BSexy Rime,https://ma.afribaba.com/casablanca/dalal-22ans-hot-escort-vous-attend-pour-un-sexe-de-reve--780116.html,7162,2026-09-09T22:48:00,11.6
,Casablanca,BLina,https://ma.afribaba.com/casablanca/mature--778515.html,7161,2026-09-06T20:02:00,14.7
,Casablanca,BBébé,https://ma.afribaba.com/casablanca/-soni-hbiba-lil-wnhar-785699.html,7176,2026-09-20T14:45:00,0.9
,Racine (Casablanca)Casablanca,BZanouba,https://ma.afribaba.com/casablanca/zineeeb-sexy-girl-je-me-deplace--773242.html,7147,2026-08-27T21:11:00,24.6
,Casablanca,BRim,https://ma.afribaba.com/casablanca/nassma-de-21-ans-top-girl--775246.html,7139,2026-08-31T18:37:00,20.7
,Casablanca,BRoumaisa,https://ma.afribaba.com/casablanca/local-discret-maarif-bb-vip-de-22ans--785755.html,7146,2026-09-20T16:50:00,0.8
,Sidi MaâroufCasablanca,BPlaisir Service,https://ma.afribaba.com/casablanca/belle-masseuse-black-dispo-h24-finition-top-se-xe-qualite--779183.html,7136,2026-09-07T23:26:00,13.5
,OulfaCasablanca,BPlaisir Service,https://ma.afribaba.com/casablanca/photo-100-reels-massage-chaufinition--775128.html,7127,2026-08-31T15:33:00,20.9
,Casablanca,BRim,https://ma.afribaba.com/casablanca/maria-de-21-ans-top-girl--781512.html,7119,2026-09-12T15:15:00,8.9
,CIL (Casablanca)Casablanca,BAna Sara,https://ma.afribaba.com/casablanca/slt-bb-22aji-3andi-apparemment-calme-khod-rahtek-bb-bayda-ou-zwina--711164.html,7109,2026-04-25T16:56:00,148.8
,Casablanca,BRime,https://ma.afribaba.com/casablanca/rime-23ans-plaisir-de-reve-bonne-taille-3mry--776209.html,7101,2026-09-02T15:09:00,18.9
,Casablanca,BNora,https://ma.afribaba.com/casablanca/nora-beauty-girl-bigg-ass-bombe-sex-maarif-771065.html,7095,2026-08-23T19:11:00,28.7
,Casablanca,BSalut098,https://ma.afribaba.com/casablanca/zwina-ou-n9iya-ghadi-trtah-bzaf-m3aya-trja3-frhan--752361.html,7094,2026-07-19T14:43:00,63.9
,Casablanca,BSexy Rime,https://ma.afribaba.com/casablanca/-nour-hot-escort-vous-attend-pour-un-sexe-de-reve--773893.html,7082,2026-08-29T05:00:00,23.3
,Casablanca,BHajar,https://ma.afribaba.com/casablanca/bernousi-bon-plaisir-hbe--785586.html,7118,2026-09-20T12:07:00,1.0
,Oasis (Casablanca)Casablanca,BKamelya,https://ma.afribaba.com/casablanca/-corps-delice-gout-de-miel-vas-y-hbe--778992.html,7081,2026-09-07T18:58:00,13.7
,Casablanca,BMalak,https://ma.afribaba.com/casablanca/malak-3andi-fdaari-zwen--785707.html,7098,2026-09-20T14:59:00,0.9
,Casablanca,BAppartement,https://ma.afribaba.com/casablanca/-titizaa-huby-de-20ans-appart-calme--783193.html,7066,2026-09-15T20:01:00,5.7
,Casablanca,BAna Sara,https://ma.afribaba.com/casablanca/zin-ou-latay-bb-ghadi-trtah-bzaf-m3ya-ghadi-trtah-nachat-bb--778757.html,7065,2026-09-07T12:16:00,14.0
,Casablanca,BMehdi Ff,https://ma.afribaba.com/casablanca/nirmine-corps-de-miel-calm--785149.html,7075,2026-09-21T11:04:17.737702,0.0
,Casablanca,BRiham,https://ma.afribaba.com/casablanca/riham-taille-sexy-vip--777925.html,7056,2026-09-05T18:07:00,15.7
,Oasis (Casablanca)Casablanca,BSiham,https://ma.afribaba.com/casablanca/siham-sensation-thablik-aji-nthala-fik--777130.html,7056,2026-09-04T12:14:00,17.0
,Casablanca,BSoltana,https://ma.afribaba.com/casablanca/soltana-de-24ans-deplacement--785407.html,7087,2026-09-19T22:55:00,1.5
,Casablanca,BHouda diamo,https://ma.afribaba.com/casablanca/zineb-deplacement-finition-de-reve-chez-toi--784288.html,7055,2026-09-17T23:08:00,3.5
,Casablanca,BSe deplace,https://ma.afribaba.com/casablanca/je-me-deplace-bb-chez-toi--783715.html,7055,2026-09-16T20:07:00,4.7
,Casablanca,BChaimae,https://ma.afribaba.com/casablanca/zin-ou-la-taille--784442.html,7052,2026-09-18T11:54:00,3.0
,Oasis (Casablanca)Casablanca,BAhlam,https://ma.afribaba.com/casablanca/ahlam-sexy-masseuse--778746.html,7050,2026-09-07T11:43:00,14.0
,Casablanca,BRabab,https://ma.afribaba.com/casablanca/rabab-de-23ans-se-deplace-chez-toi--784851.html,7034,2026-09-18T22:44:00,2.6
,Casablanca,BNadaa,https://ma.afribaba.com/casablanca/mature-raffine-chez-moi--785524.html,7097,2026-09-20T10:10:00,1.1
,Casablanca,BAna Sara,https://ma.afribaba.com/casablanca/bb-bghiti-zin-ou-latay-ji-3andi-nthla-fik-matskhach-biya--740956.html,7024,2026-06-27T15:37:00,85.8
,Casablanca,BJihane,https://ma.afribaba.com/casablanca/hay-adil-tous-est-permis--781890.html,7022,2026-09-13T12:37:00,8.0
,Casablanca,BOulfa,https://ma.afribaba.com/casablanca/a-oulfa-erahma-3andi-fdari--780799.html,7022,2026-09-11T11:25:00,10.0
,Casablanca,BNice Lady,https://ma.afribaba.com/casablanca/sexy-de-25ans-3rida-o-skhona-bb-24-24-785958.html,7027,2026-09-20T22:27:00,0.6
,Casablanca,BAmira,https://ma.afribaba.com/casablanca/amira-escort-bigg-ass-bombe-kayna-a-casa-blowj0b--772544.html,7017,2026-08-26T13:18:00,25.9
,Casablanca,BNirmine,https://ma.afribaba.com/casablanca/nirmine-finition-inoubliable-sexy--768059.html,7018,2026-08-18T00:44:00,34.5
,Casablanca,BRim,https://ma.afribaba.com/casablanca/chaams-de-19-ans-top-girl--776235.html,7015,2026-09-02T15:58:00,18.8
,Casablanca,BSara,https://ma.afribaba.com/casablanca/la-belle-sara-se-deplacer-sur-casablanca-finition-de-fou--758390.html,7014,2026-07-30T22:24:00,52.6
,Casablanca,BMaya Khalifa,https://ma.afribaba.com/casablanca/meryem-je-me-deplace-pour-une-finition-vip-24-24h-785884.html,7005,2026-09-20T20:24:00,0.7
,Casablanca,PHakim80,https://ma.afribaba.com/casablanca/--552772.html,6998,2025-05-18T10:37:00,491.1
,Casablanca,BNice Lady,https://ma.afribaba.com/casablanca/sexy-mona-nthala-fik-bb-njoboh-bjoj--775734.html,6992,2026-09-01T15:51:00,19.8
,Casablanca,BSexy Rime,https://ma.afribaba.com/casablanca/wiam-se-deplace-votre-escort-bomb-deplacement--771723.html,6993,2026-08-24T22:08:00,27.6
,Casablanca,BSexy Rime,https://ma.afribaba.com/casablanca/hala-23ans-se-deplace--776581.html,6988,2026-09-03T13:32:00,17.9
,Casablanca,BSalma,https://ma.afribaba.com/casablanca/salma-plaisir-complet--769755.html,6987,2026-08-21T14:45:00,30.9
,Casablanca,BAna Sara,https://ma.afribaba.com/casablanca/zin-ou-latay-bb-aji-3andi-maghdich-tskha-biya-bb-nthla-fik--756209.html,6983,2026-07-26T18:57:00,56.7
,Casablanca,BAude,https://ma.afribaba.com/casablanca/belle-masseuse-black-recoit-h24-7jr-7-781737.html,6984,2026-09-12T22:22:00,8.6
,Casablanca,BManal,https://ma.afribaba.com/casablanca/belle-manal-sexy-propre-taille-delicieuse-mannequin-sex-vgl-baby--776120.html,6972,2026-09-02T11:57:00,19.0
,CIL (Casablanca)Casablanca,PHotSexeLady,https://ma.afribaba.com/casablanca/sagar-momy-massage-661137.html,6963,2026-05-12T13:44:00,131.9
,Casablanca,BSofia,https://ma.afribaba.com/casablanca/sofia-se-deplace-chez-toi-bb--784702.html,6963,2026-09-18T19:18:00,2.7
,Oasis (Casablanca)Casablanca,BSofia,https://ma.afribaba.com/casablanca/sofia-maitresse-domina-sexy-bigg-ass-bigg-boobs-fetish-vgl-bb--775986.html,6962,2026-09-01T22:54:00,19.5
,Casablanca,BAya,https://ma.afribaba.com/casablanca/aya-a-ainsbaa-fdari-3mry--780764.html,6961,2026-09-11T09:12:00,10.1
,Casablanca,BAppartement,https://ma.afribaba.com/casablanca/se-deplaaace-3ndk-hbe--774075.html,6957,2026-08-29T15:57:00,22.8
,Casablanca,BFarawla,https://ma.afribaba.com/casablanca/farawla-de-22ans-ain-sbaa--785350.html,6979,2026-09-20T01:34:00,1.4
,Casablanca,BNour,https://ma.afribaba.com/casablanca/nour-deplacement--778727.html,6941,2026-09-07T08:50:00,14.1
,Casablanca,BHakimi Ali,https://ma.afribaba.com/casablanca/rime-toop-escort-vous-attend-bb-pour-un-sexe-de-reve--768617.html,6936,2026-08-18T23:12:00,33.5
,Casablanca,BAna Sara,https://ma.afribaba.com/casablanca/hbibi-marhba-bik-aji-3andi-nthla-fik-rahtek-m3aya-ghadi-y3jbk-lhal--762764.html,6926,2026-08-08T14:03:00,43.9
,Oasis (Casablanca)Casablanca,BLaila,https://ma.afribaba.com/casablanca/a7la-sensation-chubby-girl-plaisir-yhablk--784557.html,6926,2026-09-18T15:13:00,2.9
,Casablanca,BSexy Rime,https://ma.afribaba.com/casablanca/-norhan-hot-escort-vous-attend-pour-un-sexe-de-reve--775519.html,6922,2026-09-01T03:09:00,20.4
,Casablanca,BGhita,https://ma.afribaba.com/casablanca/ghita-small-bien-tracer-belle-fesse-de-folie-amour-sex-vgl-anfa-771963.html,6919,2026-08-25T13:06:00,27.0
,Casablanca,BSix Seven,https://ma.afribaba.com/casablanca/-se-deplace-experience-vip-deplacemnt-rapide--775322.html,6917,2026-08-31T22:02:00,20.6
,Casablanca,BAna Sara,https://ma.afribaba.com/casablanca/zin-ou-latay-bb-ghadi-nhablk-ji-bb-nthla-fik--753438.html,6913,2026-07-21T12:17:00,62.0
,Casablanca,BRim,https://ma.afribaba.com/casablanca/majeda-de-21-ans-top-girl--785763.html,6918,2026-09-20T17:05:00,0.8
,Casablanca,BKouloud,https://ma.afribaba.com/casablanca/khouloud-taille-thama9-top-finition--778153.html,6911,2026-09-06T02:16:00,15.4
,Casablanca,BRitaj,https://ma.afribaba.com/casablanca/ritaj-de-22ans-skinny-girl--785248.html,6916,2026-09-19T18:34:00,1.7
,Casablanca,BPhoto réelle,https://ma.afribaba.com/casablanca/skinny-girl-deplacement--785834.html,6917,2026-09-20T19:38:00,0.7
,Casablanca,BSexy,https://ma.afribaba.com/casablanca/la-coquine-se-deplace--775704.html,6900,2026-09-01T15:21:00,19.9
,Casablanca,BRomaysa,https://ma.afribaba.com/casablanca/romaysa-finition-inoubliable-bomba--772849.html,6895,2026-08-27T00:22:00,25.5
,Oasis (Casablanca)Casablanca,BHiba,https://ma.afribaba.com/casablanca/hiba-la-coquine--777099.html,6883,2026-09-04T10:08:00,17.1
,Casablanca,BSexy Rime,https://ma.afribaba.com/casablanca/norhayla-se-deplace-chez-toi--775206.html,6883,2026-08-31T17:36:00,20.8
,Oasis (Casablanca)Casablanca,BSouhaila,https://ma.afribaba.com/casablanca/souhaila-plaisir-inoubliable--783921.html,6884,2026-09-17T13:00:00,4.0
,Casablanca,BWiam,https://ma.afribaba.com/casablanca/wiam-je-deplace-girl-bomba--777960.html,6878,2026-09-05T19:09:00,15.7
,Casablanca,BRimesexy,https://ma.afribaba.com/casablanca/riham-24ans-deplacement-girl-bomb--775440.html,6873,2026-08-31T23:21:00,20.5
,Casablanca,BHakimi Ali,https://ma.afribaba.com/casablanca/nour-ji-nbar3aak-fdari-hoby--769983.html,6867,2026-08-21T20:18:00,30.7
,Les Roches NoiresCasablanca,BMosawi,https://ma.afribaba.com/casablanca/top-escorte-sara-finition-de-luxe-chez-moi-chere-appelle-moi--784027.html,6868,2026-09-17T15:46:00,3.8
,OulfaCasablanca,BFatin,https://ma.afribaba.com/casablanca/fatin-a7la-plaisir-oulfa--779312.html,6859,2026-09-08T12:03:00,13.0
,BelvédèreCasablanca,PKhadija Quennes,https://ma.afribaba.com/casablanca/bnj-disponible-pour-les-packs-et-sexcam--685359.html,6855,2026-03-02T22:40:00,202.6
,Casablanca,BMassage Casablanca,https://ma.afribaba.com/casablanca/deplacement-h24-escorte-tres-ravissante--783902.html,6857,2026-09-17T11:55:00,4.0
,Casablanca,BRim,https://ma.afribaba.com/casablanca/raania-de-19-ans-top-girl--774614.html,6850,2026-08-30T15:21:00,21.9
,Casablanca,BKinG Ouver,https://ma.afribaba.com/casablanca/-finicion-sexy-784835.html,6851,2026-09-18T22:18:00,2.6
,Casablanca,BSexy Rime,https://ma.afribaba.com/casablanca/doha-24ans-deplacement-girl-beby--779234.html,6842,2026-09-08T01:17:00,13.4
,Casablanca,PSe deplace تال عندك,https://ma.afribaba.com/casablanca/se-deeeplace-hbiba-chez-vous--773610.html,6845,2026-08-28T17:22:00,23.8
,Casablanca,BNajlae,https://ma.afribaba.com/casablanca/najlae-se-deplace-toop-escort-boomba-deplacement--776312.html,6840,2026-09-02T18:31:00,18.7
,Casablanca,BAna Sara,https://ma.afribaba.com/casablanca/bb-ji-3andi-nhablk-zwina-ou-n9iya-nthla-fik-hbi--709538.html,6839,2026-04-22T12:10:00,152.0
,Casablanca,BHiba,https://ma.afribaba.com/casablanca/je-me-deplace-hiba-njik-ta-l-dar-deplacement--771216.html,6835,2026-08-23T23:38:00,28.5
,Casablanca,BSara u Hiba,https://ma.afribaba.com/casablanca/njiw-3endk-bogossa-titiza-sex-forma-7lawa-njibuh-bjuj--785038.html,6839,2026-09-19T12:58:00,2.0
,Casablanca,BSpa,https://ma.afribaba.com/casablanca/spa-maarif-massage-hammam-pro-photo-reelle--779408.html,6833,2026-09-08T14:41:00,12.9
,OulfaCasablanca,BPlaisir Service,https://ma.afribaba.com/casablanca/sexy-taille-fine-massage-corps-a-corps-finition-se-xe-vaginale-772493.html,6830,2026-08-26T09:57:00,26.1
,Casablanca,BAna Sara,https://ma.afribaba.com/casablanca/zin-ou-latay-bb-nthla-fik-ghadi-thma9-3liya-bayda-ou-zwina-i-749778.html,6829,2026-07-14T15:27:00,68.9
,Casablanca,BKenza,https://ma.afribaba.com/casablanca/se-deplace-titiza-a-casa--774058.html,6827,2026-08-29T15:37:00,22.8
,Casablanca,BHayat,https://ma.afribaba.com/casablanca/hayat-mature-de30-aji-nbar3ak-bb-f-dari-bb-783918.html,6825,2026-09-17T12:47:00,4.0
,Casablanca,BHind,https://ma.afribaba.com/casablanca/une-fille-top-je-me-depllace-service-de-reve-bon-plan-24-24-779229.html,6825,2026-09-08T01:08:00,13.5
,Casablanca,BSexy Rime,https://ma.afribaba.com/casablanca/doha-bonne-taille-deplacement--770115.html,6822,2026-08-21T23:55:00,30.5
,Casablanca,BIlham,https://ma.afribaba.com/casablanca/ilham-sexy-de-24ans-viens-mtn-bb--773724.html,6822,2026-08-28T20:44:00,23.6
,Casablanca,BAppartement,https://ma.afribaba.com/casablanca/a-walfaa-hbee--785127.html,6827,2026-09-19T14:38:00,1.9
,Casablanca,BAna Sara,https://ma.afribaba.com/casablanca/zin-ou-latay-sghira-ou-zwina-bb-ghadi-trtah-m3aya--776098.html,6819,2026-09-02T11:39:00,19.0
,Casablanca,BSexy Rime,https://ma.afribaba.com/casablanca/oumaima-a7la-tille-3omri-njibo-m3ak-bb--771090.html,6817,2026-08-23T19:44:00,28.7
,Casablanca,BDeplacement,https://ma.afribaba.com/casablanca/la-mignonne-deplacement--782240.html,6813,2026-09-13T22:32:00,7.6
,Casablanca,BIlham,https://ma.afribaba.com/casablanca/ilham-zin-ou-la-taille-jeune-de-24ans--779635.html,6813,2026-09-08T21:03:00,12.6
,OulfaCasablanca,BNathan2014,https://ma.afribaba.com/casablanca/khadija-jolie-black-finition-a-domicile-h24-oulfa--774311.html,6814,2026-08-29T21:37:00,22.6
,Casablanca,BWiam,https://ma.afribaba.com/casablanca/wiam-jeune-masseuse--778325.html,6804,2026-09-06T14:41:00,14.9
,Casablanca,BCharles Douglas,https://ma.afribaba.com/casablanca/se-deplacer-sexy-girl-deplacement--779636.html,6800,2026-09-08T21:37:00,12.6
,Casablanca,BRim,https://ma.afribaba.com/casablanca/sarae-de-19-ans-top-girl--775279.html,6800,2026-08-31T19:18:00,20.7
,Casablanca,BHouda diamo,https://ma.afribaba.com/casablanca/jana-taille-thabal-finition-inoubliable--784209.html,6786,2026-09-17T21:53:00,3.6
,Casablanca,BSara se deplace,https://ma.afribaba.com/casablanca/sara-se-deplaace-bb-3ndak-a-casa-et-environt--779637.html,6782,2026-09-08T21:07:00,12.6
,Racine (Casablanca)Casablanca,BKing Ann,https://ma.afribaba.com/casablanca/leila-ghezala-sexy-7lowa-bon-taille-cherie-casablanca--787091.html,7163,2026-09-21T10:39:39.291046,0.1
,Oasis (Casablanca)Casablanca,BRania,https://ma.afribaba.com/casablanca/rania-irresistible-small-girl-skinny-mince-sexuel-disp-oasis-vgl-771459.html,6778,2026-08-24T15:41:00,27.8
,Casablanca,BSexy Rime,https://ma.afribaba.com/casablanca/je-deplace-sara-njik-ta-l-dar-deplacement--771625.html,6778,2026-08-24T19:37:00,27.7
,Casablanca,BMalak,https://ma.afribaba.com/casablanca/petite-et-mignonne-vas-y-bb--783587.html,6789,2026-09-16T14:07:00,4.9
,Casablanca,BNice Lady,https://ma.afribaba.com/casablanca/sexy-liala-belle-sensation--777971.html,6776,2026-09-05T21:24:00,15.6
,Casablanca,BAya,https://ma.afribaba.com/casablanca/aya-bomba--772145.html,6775,2026-08-25T17:01:00,26.8
,Casablanca,BKing Ann,https://ma.afribaba.com/casablanca/nawal-bougossa-la-taille-bomba-sexy-hlouw-casablanca--786527.html,7144,2026-09-21T11:09:41.127350,0.0
,Casablanca,BSalut098,https://ma.afribaba.com/casablanca/salut-hbibi-marhba-bik-3and-zin-ou-byad-mohim-tkhorj-frhan--707865.html,6757,2026-04-19T15:43:00,154.8
,OulfaCasablanca,BPlaisir Service,https://ma.afribaba.com/casablanca/big-ass-s-exe-tres-sucre-vient-deguster-bon-c-ul-finition--770768.html,,,
,Casablanca,BRimesexy,https://ma.afribaba.com/casablanca/je-deplace-nour-njik-ta-l-dar-deplacement--774354.html,6751,2026-08-29T22:42:00,22.6
,Oasis (Casablanca)Casablanca,BInas,https://ma.afribaba.com/casablanca/inas-de-22ans-corps-delice--779822.html,6743,2026-09-09T11:51:00,12.0
,OulfaCasablanca,BOulfa,https://ma.afribaba.com/casablanca/oulfa-finition-speciale--785711.html,6765,2026-09-20T15:17:00,0.9
,Casablanca,BAhlam,https://ma.afribaba.com/casablanca/ahlam-sexy-ji-nbar3aak-fdari-bb--768196.html,6737,2026-08-18T12:57:00,34.0
,Casablanca,BSarah,https://ma.afribaba.com/casablanca/sarah-taille-bomba-deplacement--784681.html,6735,2026-09-18T18:48:00,2.7
,OulfaCasablanca,Pnguessan parfait kouame,https://ma.afribaba.com/casablanca/passif-black-sex-fun-779323.html,6729,2026-09-18T22:25:00,2.6
,Casablanca,BSexy Rime,https://ma.afribaba.com/casablanca/nasima-bomba-ji-nbar3aak-fdari--774196.html,6723,2026-08-29T18:26:00,22.7
,Casablanca,BRim,https://ma.afribaba.com/casablanca/mariaa-de-19-ans-top-girl--785229.html,6721,2026-09-19T17:33:00,1.8
,Casablanca,BNora,https://ma.afribaba.com/casablanca/nora-je-deplace-bbbb-nji-tal-andk-24-h-happy-780490.html,6707,2026-09-10T19:24:00,10.7
,Casablanca,Binass,https://ma.afribaba.com/casablanca/inass-molat-tarf-fdary-emry--776797.html,6705,2026-09-03T18:56:00,17.7
,Casablanca,BRiham,https://ma.afribaba.com/casablanca/-rahma-la-maturite-bomb-ajy-3andi-hbiba-nthalla-fik--769387.html,6705,2026-08-20T19:10:00,31.7
,Casablanca,BHouda diamo,https://ma.afribaba.com/casablanca/amal-30ans--780487.html,6703,2026-09-10T19:34:00,10.7
,Casablanca,BAhlam,https://ma.afribaba.com/casablanca/ahlam-sensation-thablik--776779.html,6702,2026-09-03T18:27:00,17.7
,Casablanca,BMassage Casablanca,https://ma.afribaba.com/casablanca/deplacement-nji-3andk-escorte-ravissante-24h-24h--785690.html,6729,2026-09-20T14:26:00,0.9
,Casablanca,BUnbeknownnn,https://ma.afribaba.com/casablanca/sara-se-deplace-escort-vip-hobi--771726.html,6702,2026-08-24T22:06:00,27.6
,Casablanca,BMery,https://ma.afribaba.com/casablanca/mery-toop-escort-vous-attend-pour-un-sexe-de-reve--783287.html,6693,2026-09-15T20:48:00,5.6
,Casablanca,PDoudouna Dina,https://ma.afribaba.com/casablanca/finitioon-inooubliablie-service-viip-boon-plan-bebe-24h-24h-783813.html,6691,2026-09-16T23:56:00,4.5
,Casablanca,BSexy Rime,https://ma.afribaba.com/casablanca/nirmin-22ans-taille-sexy-top--775456.html,6688,2026-09-01T00:11:00,20.5
,Casablanca,BNarjiss,https://ma.afribaba.com/casablanca/narjiss-deplace-chez-toi--769026.html,6682,2026-08-19T23:08:00,32.5
,Casablanca,BSexy Rime,https://ma.afribaba.com/casablanca/ranim-se-deplace-votre-escort-girl-deplacement--775368.html,6676,2026-08-31T21:27:00,20.6
,Casablanca,BZineb,https://ma.afribaba.com/casablanca/a-domicile-bienvenue-chez-bbb-anaal-v-g-l-24-h--782247.html,6658,2026-09-13T22:40:00,7.6
,BourgogneCasablanca,Britaj,https://ma.afribaba.com/casablanca/sexy-ritaj-m3ak-bach-tmt3k-bebe-merhba-bik-3endi-777226.html,6656,2026-09-04T14:40:00,16.9
,Casablanca,BCharlest,https://ma.afribaba.com/casablanca/se-deplacer-sexy-girl-hot-vip-escort-deplacement--779167.html,6656,2026-09-07T23:42:00,13.5
,Casablanca,BSexy Rime,https://ma.afribaba.com/casablanca/soltana-24ans-deplacement-girl--770074.html,6653,2026-08-21T22:42:00,30.6
,Casablanca,BKawtar,https://ma.afribaba.com/casablanca/kawtar-domina-wa3ra-nthala-fik-ahla-terma-m9ada-sexy--785305.html,6658,2026-09-19T20:25:00,1.6
,Casablanca,BLamiaa,https://ma.afribaba.com/casablanca/lamiaa-deplacement--782186.html,6648,2026-09-13T21:21:00,7.6
,OulfaCasablanca,BOulfa,https://ma.afribaba.com/casablanca/oulfa-fdari-mon-amour--775665.html,6644,2026-09-01T14:05:00,19.9
,Casablanca,BNour,https://ma.afribaba.com/casablanca/nour-bomba-finition-inoubliable--778851.html,6639,2026-09-07T15:03:00,13.9
,Casablanca,BChaimae,https://ma.afribaba.com/casablanca/chaimae-ahla-domina-bigg-boobs-i3jbok-bigg-ass-wa3ra--786647.html,6996,2026-09-21T11:19:49.813349,0.0
,Casablanca,BSexy Rime,https://ma.afribaba.com/casablanca/majda-a7la-tille-hbibi-njibo-m3ak-beby--780704.html,6636,2026-09-11T00:04:00,10.5
,Casablanca,BYousra,https://ma.afribaba.com/casablanca/yousra-jeune-de-24ans--771069.html,6618,2026-08-23T19:06:00,28.7
,Casablanca,BMery,https://ma.afribaba.com/casablanca/mery-coquine-escort-extra-bigg-ass-de-folie-blwjb-vgl-bb-maarif-779857.html,6617,2026-09-09T13:32:00,11.9
,Casablanca,BSexy,https://ma.afribaba.com/casablanca/a7la-plaisir-forma-7lowa--770890.html,6604,2026-08-23T14:10:00,28.9
,Casablanca,BSexy Rime,https://ma.afribaba.com/casablanca/nihad-se-deplace-toop-escort-deplacement--771614.html,6603,2026-08-24T19:25:00,27.7
,Casablanca,BAppartement,https://ma.afribaba.com/casablanca/a-oulfa-rahmaa-3and-fdaari--784362.html,6602,2026-09-18T04:19:00,3.3
,BourgogneCasablanca,BSexy Rime,https://ma.afribaba.com/casablanca/nour-24ans-je-deplace-chez-toi--771162.html,6598,2026-08-23T21:46:00,28.6
,Casablanca,BSalma,https://ma.afribaba.com/casablanca/salma-le-bon-plaisir-hbe--783972.html,6602,2026-09-17T14:08:00,3.9
,OulfaCasablanca,BSalma,https://ma.afribaba.com/casablanca/la-maturite-aji-nathalla-fik-mzn-oulfa--775066.html,6595,2026-08-31T13:26:00,20.9
,Casablanca,BYousra,https://ma.afribaba.com/casablanca/yousra-sexy-girl-terma-mliha-m9ada-nbr3k-kolchi-kayn--775069.html,6588,2026-08-31T13:34:00,20.9
,Casablanca,BKenza,https://ma.afribaba.com/casablanca/kenza-taille-sexy-bomba-top-finition--769970.html,6588,2026-08-21T19:55:00,30.7
,Casablanca,BSexy Rime,https://ma.afribaba.com/casablanca/-ana-w-shbti-plan-a3-un-sexe-de-reve--770134.html,6587,2026-08-22T00:19:00,30.5
,Casablanca,BSoukaina,https://ma.afribaba.com/casablanca/soukaina-plaisir-illimite--780239.html,6586,2026-09-10T12:27:00,11.0
,Oasis (Casablanca)Casablanca,B,https://ma.afribaba.com/casablanca/titiza-a-casa-sexy-masseuse--781413.html,6581,2026-09-12T12:41:00,9.0
,Oasis (Casablanca)Casablanca,BSexy,https://ma.afribaba.com/casablanca/titiza-a-casa-sexy-fille--778272.html,6579,2026-09-06T13:46:00,14.9
,Casablanca,BAna Sara,https://ma.afribaba.com/casablanca/zin-ou-latay-bb-mghadich-tndm-trja3-frhaaaaan--770840.html,,,
,Casablanca,BMajdoulin,https://ma.afribaba.com/casablanca/majdoulin-je-deplace-tal-endk--776849.html,6575,2026-09-03T19:56:00,17.7
,Casablanca,BHouda diamo,https://ma.afribaba.com/casablanca/riham-24ans-je-deplace-chez-toi-plaisir-magique--784283.html,6572,2026-09-17T23:05:00,3.5
,CIL (Casablanca)Casablanca,BManal,https://ma.afribaba.com/casablanca/manal-skinny-girl-luxueuse-the-best-sex-vgl-bb-beausejour-783328.html,6574,2026-09-15T21:54:00,5.6
,Casablanca,BNour,https://ma.afribaba.com/casablanca/nour-de-22ans--780062.html,6567,2026-09-09T21:11:00,11.6
,Casablanca,BAna Sara,https://ma.afribaba.com/casablanca/zin-ou-latay-bb-dakchi-li-kat9lb-3lih-n9a-ou-zin-mghadich-tndm-bb--770804.html,,,
,Casablanca,BRim sexy,https://ma.afribaba.com/casablanca/rim-sexy-chez-moi--777251.html,6558,2026-09-04T15:11:00,16.9
,Casablanca,BMaarif,https://ma.afribaba.com/casablanca/fdari-maarif-petite-de-20ans--780450.html,6557,2026-09-10T19:01:00,10.7
,Casablanca,BNoha,https://ma.afribaba.com/casablanca/nouhaila-plaisir-intense-peau-de-lait-cheri--776870.html,6552,2026-09-03T20:18:00,17.7
,OulfaCasablanca,Bkhady,https://ma.afribaba.com/casablanca/kadi-jolie-black-finition-a-domicile-h24-oulfa-azhar--775351.html,6548,2026-08-31T21:01:00,20.6
,Casablanca,BSexy Rime,https://ma.afribaba.com/casablanca/laila-22ans-taille-sexy-top-finition--774606.html,6540,2026-08-30T15:12:00,21.9
,OulfaCasablanca,BPlaisir Service,https://ma.afribaba.com/casablanca/bon-seins-massage-corps-a-corps-finition-domicile--770769.html,,,
,Casablanca,BJannat,https://ma.afribaba.com/casablanca/jannat-sexy-a-ainsbaa--783254.html,6537,2026-09-15T19:57:00,5.7
,Casablanca,BJannat,https://ma.afribaba.com/casablanca/jannat-petite-et-mignonne--779498.html,6533,2026-09-08T17:28:00,12.8
,Casablanca,B,https://ma.afribaba.com/casablanca/la-sirene-jeune-fille-3mry--776416.html,6533,2026-09-02T22:28:00,18.6
,Casablanca,BSe deplace,https://ma.afribaba.com/casablanca/tal-3andek-bebe-chez-toi--772628.html,6535,2026-08-26T17:50:00,25.8
,Casablanca,BHakimi Ali,https://ma.afribaba.com/casablanca/-hot-escort-vous-attend-pour-un-sexe-de-reve--766433.html,6532,2026-08-15T00:47:00,37.5
,Casablanca,BHala,https://ma.afribaba.com/casablanca/hala-de-24ans-la-maturite--780403.html,6532,2026-09-10T16:52:00,10.8
,Casablanca,BMaria,https://ma.afribaba.com/casablanca/maria-belle-escort-bigg-ass-xxl-coquine-chaude-sexy-vgl-anfa-784474.html,6528,2026-09-18T13:08:00,3.0
,Casablanca,BAna Sara,https://ma.afribaba.com/casablanca/kbida-diali-ana-belle-fille-sexy-ji-nthla-fik--706889.html,6525,2026-04-17T17:21:00,156.8
,Casablanca,BSexy Rime,https://ma.afribaba.com/casablanca/vip-a-maarif--770346.html,6524,2026-08-22T14:40:00,29.9
,Casablanca,BSara,https://ma.afribaba.com/casablanca/titiza-sexu-deplacement--785460.html,6542,2026-09-20T00:39:00,1.5
,Casablanca,BNour,https://ma.afribaba.com/casablanca/je-me-deplace-sexy-girl-njik-ta-l-dar-deplacement--768494.html,6512,2026-08-18T20:25:00,33.6
,Casablanca,BRimesexy,https://ma.afribaba.com/casablanca/je-deplace-nirmin-njik-tal-dar-deplacement--771261.html,6511,2026-08-24T01:07:00,28.5
,Casablanca,BAya,https://ma.afribaba.com/casablanca/aya-se-deplace--778990.html,6507,2026-09-07T19:08:00,13.7
,Casablanca,BSalut098,https://ma.afribaba.com/casablanca/sba3-dyali-marhba-bik-bb-nthla-fik-ghadi-trja3-frhan--751256.html,6503,2026-07-17T13:07:00,66.0
,Casablanca,BAppartement,https://ma.afribaba.com/casablanca/jeune-fille-de-23ans-bohdi--779884.html,6497,2026-09-09T14:25:00,11.9
,Casablanca,BAudrey,https://ma.afribaba.com/casablanca/la-belle-audrey-charmante-et-sexy-a-la-ch-tte-mouille--776171.html,6496,2026-09-02T13:54:00,18.9
,Casablanca,BAna Sara,https://ma.afribaba.com/casablanca/lamia-bb-aji-3andi-nbar3ak-kbida-trja3-frhan--745544.html,6491,2026-07-06T14:03:00,76.9
,Casablanca,BSexy Rime,https://ma.afribaba.com/casablanca/maysa-taille-sexy-top-finition--776627.html,6490,2026-09-03T15:24:00,17.9
,Casablanca,BSawsan,https://ma.afribaba.com/casablanca/sawsan-la-coquine--778469.html,6489,2026-09-06T18:27:00,14.7
,Casablanca,BSe deplace تال عندك,https://ma.afribaba.com/casablanca/je-me-deplace-bb-chez-vous--781649.html,6475,2026-09-12T20:16:00,8.7
,Casablanca,BSara,https://ma.afribaba.com/casablanca/vip-de-24ans-marhba-bik-bb--770853.html,6474,2026-08-23T13:09:00,29.0
,Casablanca,BHouda diamo,https://ma.afribaba.com/casablanca/maram-bomba-plaisir-magique-je-recois-beby--786380.html,6557,2026-09-21T10:35:04.588336,0.1
,Casablanca,BSalut098,https://ma.afribaba.com/casablanca/bayda-mon-amour-bb-ji-3andi-nthla-fik-rahtek-m3aya--764556.html,6472,2026-08-11T15:11:00,40.9
,CalifornieCasablanca,PNada Sexy,https://ma.afribaba.com/casablanca/nada-bienvenue-bb-chez-moi-nathala-fik-bb-666327.html,6472,2026-01-17T20:23:00,246.7
,Casablanca,BSofia,https://ma.afribaba.com/casablanca/sofia-se-deplace--776969.html,6470,2026-09-03T22:31:00,17.6
,Casablanca,BSPA,https://ma.afribaba.com/casablanca/spa-titiza-massage-amp-amp-hammam-pro--785014.html,6472,2026-09-19T12:21:00,2.0
,Casablanca,BNajoua,https://ma.afribaba.com/casablanca/najoua-escort-24an-sexuel-taille-dial-lhbal-zwina-kayn--773989.html,6466,2026-08-29T14:09:00,22.9
,BelvédèreCasablanca,BAdil,https://ma.afribaba.com/casablanca/massage-plaisir-et-plus-encore--609919.html,6463,2025-11-14T19:01:00,310.7
,Casablanca,BMiral,https://ma.afribaba.com/casablanca/miral-je-te-recois-baby--783212.html,6464,2026-09-15T19:06:00,5.7
,Casablanca,BDEPLACEMENT,https://ma.afribaba.com/casablanca/corps-de-miel-taille-magnifique-cheri--779509.html,6457,2026-09-08T18:45:00,12.7
,Casablanca,BHouda diamo,https://ma.afribaba.com/casablanca/doha-de-25ans-bomba--784635.html,6456,2026-09-18T17:26:00,2.8
,Casablanca,BSara,https://ma.afribaba.com/casablanca/je-deplace-bomba-njik-tal-dar-deplacement-bb--779089.html,6452,2026-09-07T21:15:00,13.6
,Casablanca,BNoue,https://ma.afribaba.com/casablanca/nour--785072.html,6455,2026-09-19T13:49:00,1.9
,Casablanca,BSalut098,https://ma.afribaba.com/casablanca/zwina-ou-sghira-ms-n7am9k-fi-feach-aji-bb-matndmch--720900.html,6446,2026-05-15T10:28:00,129.1
,CIL (Casablanca)Casablanca,BArme 1616,https://ma.afribaba.com/casablanca/sexy-masseuse-fontaine-disponible-a-farah-salam-778333.html,6451,2026-09-06T14:49:00,14.9
,Casablanca,BSix Seven,https://ma.afribaba.com/casablanca/se-deplacer-dina-sexy-vip-deplacement--775949.html,6440,2026-09-01T21:48:00,19.6
,Casablanca,BSalut098,https://ma.afribaba.com/casablanca/zin-ou-latay-bb-ji-3andi-nthla-fik-bb-nbar3ak--757065.html,6439,2026-07-28T13:13:00,54.9
,Casablanca,PSoliane,https://ma.afribaba.com/casablanca/-la-meilleure-chaude-passif-jolie-sex-cam-aussi-772532.html,,,
,Casablanca,BNoha,https://ma.afribaba.com/casablanca/noha-je-deplace-la-taille-bomba-apl-vit-bbb--781516.html,6437,2026-09-12T15:20:00,8.9
,Casablanca,BLina,https://ma.afribaba.com/casablanca/lina-the-best-small-girl-je-me-deplace-casa-massage-784666.html,6668,2026-09-21T11:24:09.581492,0.0
,CIL (Casablanca)Casablanca,BAna Sara,https://ma.afribaba.com/casablanca/bnota-sghira-ou-zwina-maghdich-tndm-bb-app-tranquille-bb--707829.html,6435,2026-04-19T14:47:00,154.9
,Casablanca,BCharles Douglas,https://ma.afribaba.com/casablanca/se-deplacer-lux-top-escorte-deplacement-778558.html,6433,2026-09-06T21:14:00,14.6
,Casablanca,BYasmin,https://ma.afribaba.com/casablanca/yasmin-small-baby-jolie-petit-cul-delicieux-finition-vgl-maarif-783497.html,6421,2026-09-16T10:49:00,5.0
,Casablanca,BAna Sara,https://ma.afribaba.com/casablanca/bayda-zwina-ghadi-thma9-3liya-bb-mghadich-tndam--785056.html,6423,2026-09-19T13:33:00,1.9
,Casablanca,BSix Seven,https://ma.afribaba.com/casablanca/se-deplacer-escort-belles-art-plan-deplacement--776486.html,6414,2026-09-03T03:13:00,18.4
,Casablanca,B,https://ma.afribaba.com/casablanca/basma-jeune-de-22ans--785691.html,6423,2026-09-20T14:27:00,0.9
,Casablanca,BSexy Rime,https://ma.afribaba.com/casablanca/sohayla-sexy--782222.html,6402,2026-09-13T22:32:00,7.6
,Casablanca,BSe deplace تال عندك,https://ma.afribaba.com/casablanca/se-deplace-hbiba-tal-3andk--777208.html,6398,2026-09-04T14:11:00,16.9
,Casablanca,PDoudouna Dina,https://ma.afribaba.com/casablanca/finition-inooubliabliie-je-me-depllacce-chez-vous-24h-24h--775961.html,6396,2026-09-01T22:08:00,19.6
,Casablanca,BSexy Rime,https://ma.afribaba.com/casablanca/warda-sexy-finition-inoubliable--772791.html,6395,2026-08-26T22:39:00,25.6
,Casablanca,BSofia,https://ma.afribaba.com/casablanca/sofia-a7la-plaisir-24h--785360.html,6400,2026-09-19T21:45:00,1.6
,Oasis (Casablanca)Casablanca,BLina,https://ma.afribaba.com/casablanca/lina-de-23ans-a7la-plaisir--776141.html,6391,2026-09-02T12:37:00,19.0
,Casablanca,BNadaa,https://ma.afribaba.com/casablanca/sensation-de-reve-nthla-fik-chez-moi--786091.html,6647,2026-09-21T11:03:51.523511,0.0
,BourgogneCasablanca,BSPA,https://ma.afribaba.com/casablanca/massage-et-hammam-royal-le-bien-etre-bb--765082.html,6386,2026-08-12T16:18:00,39.8
,Casablanca,BAna Sara,https://ma.afribaba.com/casablanca/sara-titiza-zin-ou-latay-bb-dakchi-li-y3jbk-trja3-frhan--744947.html,6387,2026-07-05T11:45:00,78.0
,BelvédèreCasablanca,BMireille Seri,https://ma.afribaba.com/casablanca/-viens-profitez-de-mon-jolie-corps--773782.html,6383,2026-08-28T21:52:00,23.6
,Oasis (Casablanca)Casablanca,BMiral,https://ma.afribaba.com/casablanca/miral-de-23ans-jeune-fille--776123.html,6381,2026-09-02T11:55:00,19.0
,Casablanca,BMalak,https://ma.afribaba.com/casablanca/malak-deplacement-chez-toi--776835.html,6373,2026-09-03T19:39:00,17.7
,Casablanca,BSexy Rime,https://ma.afribaba.com/casablanca/se-deplace-toop-escort-sexyy-deplacement--772520.html,6372,2026-08-26T11:54:00,26.0
,Casablanca,BRimesexy,https://ma.afribaba.com/casablanca/dounia-finition-inoubliable--772047.html,6376,2026-08-25T14:37:00,26.9
,Casablanca,BSalwa,https://ma.afribaba.com/casablanca/salwa-sexy-hot-girl-deriya-ghezala-small-top-anfa-778778.html,6373,2026-09-07T12:45:00,14.0
,BourgogneCasablanca,PDora pro,https://ma.afribaba.com/casablanca/-top-finition-black-excite-incroyable-au-lit-dispo-h24--781145.html,6372,2026-09-11T20:20:00,9.7
,Casablanca,Bwalaa,https://ma.afribaba.com/casablanca/walaa-bomba-ji-nbar3aak-fdari-bb--781075.html,6370,2026-09-11T18:39:00,9.7
,Casablanca,BMalak,https://ma.afribaba.com/casablanca/malak-bomba-girl-se-deplace--783804.html,6365,2026-09-16T23:28:00,4.5
,BourgogneCasablanca,Briham,https://ma.afribaba.com/casablanca/sexy-riham-m3ak-bach-tmt3k-bebe-bourgogne-784588.html,6361,2026-09-18T16:04:00,2.8
,Casablanca,BChaimaa,https://ma.afribaba.com/casablanca/chaimaa-taille-thabal-sexy-et-mignonne--779080.html,6349,2026-09-07T21:05:00,13.6
,Casablanca,BHiba,https://ma.afribaba.com/casablanca/hiba-de-24ans-se-deplace--770986.html,6346,2026-08-23T16:36:00,28.8
,Casablanca,BCharles Douglas,https://ma.afribaba.com/casablanca/se-deplace-samia-le-lux-vip-deplacement--780148.html,6341,2026-09-10T01:14:00,11.4
,Casablanca,BAzhar,https://ma.afribaba.com/casablanca/2-fille-barnoussi-azhar-hot-escort-ass-wow--786064.html,6639,2026-09-21T11:27:17.974663,0.0
,Oasis (Casablanca)Casablanca,BRiham,https://ma.afribaba.com/casablanca/riham-sensation-de-reve-oasis-baby--772538.html,,,
,Casablanca,BHouda diamo,https://ma.afribaba.com/casablanca/inass-de-24ans-bomba--780631.html,6335,2026-09-10T23:08:00,10.5
,Casablanca,BNice Lady,https://ma.afribaba.com/casablanca/-riham-fille-sexy-appartememnt--770252.html,6335,2026-08-22T12:22:00,30.0
,Casablanca,PSe deplace تال عندك,https://ma.afribaba.com/casablanca/se-deplace-tal-3andek-zen--782601.html,6335,2026-09-14T17:38:00,6.8
,OulfaCasablanca,Bnoreplyservice19,https://ma.afribaba.com/casablanca/-maya-la-boom-disponible--784036.html,,,
,OulfaCasablanca,BPlaisir Service,https://ma.afribaba.com/casablanca/massage-finition-s-exe-tout-position-vaginale-tres-chau--779029.html,6329,2026-09-07T19:53:00,13.7
,Oasis (Casablanca)Casablanca,BAlmas,https://ma.afribaba.com/casablanca/almas-sensation-thablik-jeune-fille--778749.html,6328,2026-09-07T11:54:00,14.0
,Casablanca,BHajar Déplacement,https://ma.afribaba.com/casablanca/j-amp-039-arrive-a-votre-local-blanche-hajar-deplacement-777537.html,6328,2026-09-04T22:31:00,16.6
,Casablanca,BJihane,https://ma.afribaba.com/casablanca/domination-fetish-baby-jihane-sexy-bigg-ass-bigg-boobs-vgl-hard-774871.html,6328,2026-08-30T22:11:00,21.6
,Casablanca,BHouda diamo,https://ma.afribaba.com/casablanca/ilaaf-taille-mannequin-je-recois-beby--784087.html,6330,2026-09-17T17:39:00,3.8
,Casablanca,BHakimi Ali,https://ma.afribaba.com/casablanca/riham-tille-3omri-njibo-m3ak--768063.html,6323,2026-08-18T00:52:00,34.5
,Casablanca,PJanate,https://ma.afribaba.com/casablanca/-ahlam-sexy-et-mignonne-plaisir-sans-limite-t-780628.html,6321,2026-09-10T22:29:00,10.6
,Casablanca,BAhlam,https://ma.afribaba.com/casablanca/ahlam-ji-nbar3aak-fdari-hbe--775878.html,6318,2026-09-01T19:46:00,19.7
,Casablanca,BHouda diamo,https://ma.afribaba.com/casablanca/ilham-la-blonde-chez-moi-bomba--783699.html,6314,2026-09-16T19:33:00,4.7
,Casablanca,BMalak,https://ma.afribaba.com/casablanca/malak-se-deplace-kbida-chez-toi--774777.html,6312,2026-08-30T20:15:00,21.7
,Oasis (Casablanca)Casablanca,BSalut098,https://ma.afribaba.com/casablanca/zin-ou-latay-ou-bayda-marhba-bik-nthla-fik-ghadi-thma9-3liya--783500.html,6310,2026-09-16T10:51:00,5.0
,Casablanca,BDo3ae,https://ma.afribaba.com/casablanca/mn-lor-ol9dam-bb-nthala-fik-kbida-chez-moi--780809.html,6310,2026-09-11T11:30:00,10.0
,Casablanca,BLyna,https://ma.afribaba.com/casablanca/lyna-taille-thabal-deplacement--781147.html,6304,2026-09-11T20:24:00,9.7
,Casablanca,BSexy Rime,https://ma.afribaba.com/casablanca/centre-de-spa-massage-hammam-nthalla-fik--770848.html,6305,2026-08-23T13:00:00,29.0
,Casablanca,BSalut098,https://ma.afribaba.com/casablanca/bb-matrdadch-soni-lita-nbra3k-bb-zin-ou-latay--736032.html,6292,2026-06-17T22:18:00,95.6
,Casablanca,Bisraa,https://ma.afribaba.com/casablanca/israa-deplacement-girl--775750.html,6285,2026-09-01T16:20:00,19.8
,Casablanca,BMiral,https://ma.afribaba.com/casablanca/miral-de-22ans-deplacement--787007.html,6600,2026-09-21T10:42:24.456045,0.1
,Casablanca,BEspace De relax,https://ma.afribaba.com/casablanca/top-fiille-taille-sexy-marhba-bik--769235.html,6269,2026-08-20T14:36:00,31.9
,Casablanca,BAmal,https://ma.afribaba.com/casablanca/amal-a7la-tille-3omri-njibo-m3ak--776876.html,6265,2026-09-03T20:22:00,17.7
,Casablanca,BSexy Rime,https://ma.afribaba.com/casablanca/-aya-plaisir-sans-limite-photo-reellle--772985.html,6265,2026-08-27T13:47:00,24.9
,Casablanca,BAna Sara,https://ma.afribaba.com/casablanca/zin-ou-latay-bb-nthla-fik-tkherj-nachat-mghadich-tndam-b--781466.html,6259,2026-09-12T13:58:00,8.9
,Casablanca,BSalut098,https://ma.afribaba.com/casablanca/bayda-ou-zwina-ghadi-nhablk-ahubi-aji-3andi--786059.html,6521,2026-09-21T10:51:24.856162,0.0
,Casablanca,BNada,https://ma.afribaba.com/casablanca/nada-toop-escort-vous-attend-pour-un-sexe-de-reve--769096.html,6254,2026-08-20T04:52:00,32.3
,BourgogneCasablanca,BOumou Palgo,https://ma.afribaba.com/casablanca/ronde-sexy-557851.html,6252,2025-06-06T21:35:00,471.6
,Casablanca,BSara,https://ma.afribaba.com/casablanca/sara-se-deplace-sexy-girl-baby--776941.html,6247,2026-09-03T21:59:00,17.6
,Casablanca,BRoumaisa,https://ma.afribaba.com/casablanca/maarif-endroit-chic-vip-de-19ans--784450.html,6247,2026-09-18T12:06:00,3.0
,Casablanca,BRomaysa,https://ma.afribaba.com/casablanca/romaysa-fresh-jeune-19an-bigg-ass-bigg-boobs-wa3rine--785593.html,6259,2026-09-20T12:23:00,1.0
,Casablanca,BAinsbaa عين السبع,https://ma.afribaba.com/casablanca/ain-sbaa-fdari-3mry--785844.html,6258,2026-09-20T19:38:00,0.7
,Casablanca,BJoudia Massage,https://ma.afribaba.com/casablanca/marwa-bomba-top-finition-tacharouk-777978.html,6238,2026-09-02T20:24:00,18.7
,Casablanca,B,https://ma.afribaba.com/casablanca/la-creme-finition-inoubliable-chez-moi--781257.html,6227,2026-09-11T22:56:00,9.5
,Casablanca,BHiba,https://ma.afribaba.com/casablanca/hiba-aji-nathalla-fik--786075.html,6488,2026-09-21T10:21:28.403815,0.1
,Casablanca,BSalma,https://ma.afribaba.com/casablanca/salma-zin-ou-la-taille--779486.html,6226,2026-09-08T17:26:00,12.8
,Casablanca,BQamar,https://ma.afribaba.com/casablanca/qamar-escort-blond-taille-formidable-relation-vgl-ghandi-773695.html,6227,2026-08-28T20:03:00,23.7
,Casablanca,BSexy Rime,https://ma.afribaba.com/casablanca/zineb-20ans-sexy-girl-je-me-deplace--778620.html,6218,2026-09-06T22:30:00,14.6
,Casablanca,BIlaf,https://ma.afribaba.com/casablanca/ranim-se-deplace-finition-de-luxe-deplacement--775462.html,6215,2026-09-01T00:35:00,20.5
,Casablanca,BBeautiful Sensation,https://ma.afribaba.com/casablanca/finition-top-de-reve-exceptionnel--766150.html,6210,2026-08-14T17:32:00,37.8
,Casablanca,BChaimae,https://ma.afribaba.com/casablanca/chaimae-deplacement-finition-de-reve-chez-toi--783377.html,6201,2026-09-15T22:51:00,5.5
,Casablanca,BLeila,https://ma.afribaba.com/casablanca/leila-hot-girl-terma-wa3ra-m9ada-n3ajbk-fkolchi--779336.html,6192,2026-09-08T12:58:00,13.0
,Oasis (Casablanca)Casablanca,BSalma,https://ma.afribaba.com/casablanca/salma--785625.html,6192,2026-09-20T13:08:00,1.0
,Casablanca,BAna wsahbti,https://ma.afribaba.com/casablanca/plan-a3-deplacement--777582.html,6184,2026-09-04T23:53:00,16.5
,Casablanca,BAna Sara,https://ma.afribaba.com/casablanca/kbida-dyali-t3la-3andi-ndir-lik-ahsan-finition--745702.html,6184,2026-07-06T17:53:00,76.8
,Casablanca,BJoudia Massage,https://ma.afribaba.com/casablanca/maroua-sexy-oulfa-785604.html,6194,2026-09-21T08:26:31.179164,0.1
,Casablanca,BHiba,https://ma.afribaba.com/casablanca/hiba-de-23ans-fintion-sensuelle--779110.html,6177,2026-09-07T21:37:00,13.6
,Casablanca,BSara,https://ma.afribaba.com/casablanca/blondine-finition-inoubliable--771654.html,6176,2026-08-24T20:08:00,27.7
,Casablanca,BSara,https://ma.afribaba.com/casablanca/sara-se-deplace-escortt-vip-baby--774835.html,6172,2026-08-30T21:27:00,21.6
,Casablanca,BNadaa,https://ma.afribaba.com/casablanca/meilleure-finition-reel-se-deplace--785085.html,6174,2026-09-19T14:03:00,1.9
,CIL (Casablanca)Casablanca,PHeeey,https://ma.afribaba.com/casablanca/massage-femme-617598.html,6161,2025-10-10T14:00:00,345.9
,Casablanca,BKali Massage,https://ma.afribaba.com/casablanca/-cute-lamiae-deplacement-call-me--773749.html,6159,2026-08-28T21:18:00,23.6
,OulfaCasablanca,BMature oulfa,https://ma.afribaba.com/casablanca/oulfa-plaisir-yhabliik--782509.html,6166,2026-09-14T17:03:00,6.8
,Casablanca,BNisrin,https://ma.afribaba.com/casablanca/petit-de-21-deplacement-girl-sexy--778642.html,6154,2026-09-06T23:33:00,14.5
,Casablanca,BRime,https://ma.afribaba.com/casablanca/je-deplace-rim-njik-tal-dar-deplacement--773799.html,6148,2026-08-28T22:16:00,23.6
,Casablanca,BSix Seven,https://ma.afribaba.com/casablanca/se-deplace-nji-3endek-cute-vip-plan-deplacement--777416.html,6144,2026-09-04T20:02:00,16.7
,Casablanca,BHajar,https://ma.afribaba.com/casablanca/hajar-sexy-agreable-bigg-ass-bigg-boobs-meilleure-vgl-annanal--771934.html,6145,2026-08-25T12:11:00,27.0
,Casablanca,BHouda diamo,https://ma.afribaba.com/casablanca/hadel-taille-mannequin-je-recois-beby--780525.html,6142,2026-09-10T20:09:00,10.7
,Casablanca,BCharles Douglas,https://ma.afribaba.com/casablanca/se-deplace-hiba-super-plan-deplacement-vip-784789.html,6140,2026-09-18T21:28:00,2.6
,Casablanca,BHiba,https://ma.afribaba.com/casablanca/hiba-de-23ans-petite-masseuse--781209.html,6138,2026-09-11T21:46:00,9.6
,Casablanca,BSe deplace تال عندك,https://ma.afribaba.com/casablanca/sara-se-deplaace-chez-vous-3ndk-a-casa--784655.html,6139,2026-09-18T18:02:00,2.7
,Oasis (Casablanca)Casablanca,BSanaa,https://ma.afribaba.com/casablanca/sanaa-luxe-raffine-coquine-jolie-fesse-small-disp-oasis-vgl-bb-772600.html,6137,2026-08-26T16:11:00,25.8
,Casablanca,BFatine,https://ma.afribaba.com/casablanca/se-deplace-nthala-fk-njik-tal-dar-deplacement--769923.html,6134,2026-08-21T19:03:00,30.7
,Les Roches NoiresCasablanca,PMoussa55,https://ma.afribaba.com/casablanca/la-belle-sara-top-escorte-finition-de-fou-chez-moi--785805.html,6180,2026-09-20T18:33:00,0.7
,Casablanca,BSanaa,https://ma.afribaba.com/casablanca/sanaa-beauty-hot-girl-bigg-ass-mlih-nthala-fike-top--778885.html,6130,2026-09-07T16:15:00,13.8
,Casablanca,BSexy Rime,https://ma.afribaba.com/casablanca/-doha-plaisir-sans-limite-photo-reellle--774928.html,6129,2026-08-30T23:48:00,21.5
,BourgogneCasablanca,BLOVE,https://ma.afribaba.com/casablanca/aji-daba-abb-titiza-7alwa-njibouh-bjouj-akbida--785617.html,6155,2026-09-20T12:54:00,1.0
,Casablanca,BHakimi Ali,https://ma.afribaba.com/casablanca/rihana-se-deplace-chez-toi--769052.html,6126,2026-08-20T00:16:00,32.5
,Oasis (Casablanca)Casablanca,BSalma,https://ma.afribaba.com/casablanca/salma-fresh-jeune-genereuse-mannequin-extra-finition-vgl-oasis-782374.html,6125,2026-09-14T10:56:00,7.0
,Casablanca,BLina,https://ma.afribaba.com/casablanca/la-maturite-le-bon-plaisir--781152.html,6122,2026-09-11T21:47:00,9.6
,Casablanca,BRihabe,https://ma.afribaba.com/casablanca/rihabe-se-deplace-chez-toi--770973.html,6117,2026-08-23T16:28:00,28.8
,CIL (Casablanca)Casablanca,BPlaisir Service,https://ma.afribaba.com/casablanca/vient-deguster-chaud-an-al-finition-sex-e-top-plaisir-an-l--775664.html,6115,2026-09-01T14:05:00,19.9
,Oasis (Casablanca)Casablanca,BKamelya,https://ma.afribaba.com/casablanca/kamelya-titiza-a-casa-plaisir-garanti--770849.html,6113,2026-08-23T13:08:00,29.0
,Casablanca,BHouda diamo,https://ma.afribaba.com/casablanca/ranim-taille-thabal-sexy-et-mignonne--783848.html,6114,2026-09-17T03:32:00,4.4
,Casablanca,BSexy Rime,https://ma.afribaba.com/casablanca/riham-deplacement-girl-bomb--774880.html,6113,2026-08-30T22:17:00,21.6
,Oasis (Casablanca)Casablanca,BLina,https://ma.afribaba.com/casablanca/local-discret-sexy-et-mignonne-chez-moi--783978.html,6118,2026-09-17T14:16:00,3.9
,Casablanca,BRim,https://ma.afribaba.com/casablanca/hanae-de-21-ans-top-girl--777270.html,6100,2026-09-04T15:43:00,16.8
,Oasis (Casablanca)Casablanca,BFadwa,https://ma.afribaba.com/casablanca/skinny-type-le-bon-plaisir-local-oasis--778837.html,6091,2026-09-07T15:06:00,13.9
,Casablanca,BAlice,https://ma.afribaba.com/casablanca/alice-toop-lhbal-bomba--777382.html,6091,2026-09-04T19:06:00,16.7
,Casablanca,BNorhan,https://ma.afribaba.com/casablanca/-norhan-plaisir-sans-limite-taille-sexy-bb--769531.html,6090,2026-08-20T23:07:00,31.5
,Oasis (Casablanca)Casablanca,BNajwa,https://ma.afribaba.com/casablanca/bonne-taille-fdari-3mry--778074.html,6089,2026-09-05T22:20:00,15.6
,Casablanca,BInes,https://ma.afribaba.com/casablanca/se-deplacer-toop-escorte-sexy-deplacement--778138.html,6087,2026-09-06T01:13:00,15.4
,Casablanca,BHouda diamo,https://ma.afribaba.com/casablanca/nirmine-plaisir-sans-limite-toop-finiton-je-recois--779674.html,6084,2026-09-08T22:21:00,12.6
,Casablanca,BSalut098,https://ma.afribaba.com/casablanca/kbida-marhba-bik-ji-nthla-fik-ghadi-y3jbk-lhal--750331.html,6084,2026-07-15T15:33:00,67.9
,Casablanca,BKenza,https://ma.afribaba.com/casablanca/titiza-a-casa-se-deplace-chez-toi-mon-amour--778844.html,6084,2026-09-07T17:33:00,13.8
,Casablanca,PAyoub Sadraoui,https://ma.afribaba.com/casablanca/malak-lfarawla-sexy-w9ita-a-domicile-chez-moi-778137.html,6079,2026-09-06T03:58:00,15.3
,Casablanca,BSexy Rime,https://ma.afribaba.com/casablanca/niema-je-recois-chez-moi--776818.html,6078,2026-09-03T19:17:00,17.7
,Casablanca,BRim,https://ma.afribaba.com/casablanca/dina-de-19-ans-top-girl--784549.html,6078,2026-09-18T14:56:00,2.9
,OulfaCasablanca,BPlaisir Service,https://ma.afribaba.com/casablanca/-plaisir-illimite-prestation-incroyable-hot-finition-h24--778808.html,6060,2026-09-07T13:36:00,13.9
,Racine (Casablanca)Casablanca,BDEPLACEMENT,https://ma.afribaba.com/casablanca/deplacement-sexy-girl-chez-toi-hbe--784496.html,6058,2026-09-18T13:28:00,2.9
,Casablanca,BMassage a domicile,https://ma.afribaba.com/casablanca/finition-seance-fetiche-plaisir-incomparable--752292.html,6055,2026-07-19T12:44:00,64.0
,Casablanca,BRajoua,https://ma.afribaba.com/casablanca/rajoua-25an-adorable-sexy-grand-cul-bigg-boobs-xxl-amour-vgl-bb-783989.html,6056,2026-09-17T14:49:00,3.9
,Casablanca,BHiba,https://ma.afribaba.com/casablanca/je-deplace-hiba-njik-tal-dar-deplacement--777617.html,6042,2026-09-05T01:23:00,16.4
,Casablanca,BMalika,https://ma.afribaba.com/casablanca/-malika-very-new-escort-girl-sexy-bien-excite--784021.html,6035,2026-09-17T15:35:00,3.9
,Casablanca,BDina,https://ma.afribaba.com/casablanca/blondasse-peau-de-lait-fdari-3mry--781173.html,6031,2026-09-11T21:11:00,9.6
,Casablanca,BRim,https://ma.afribaba.com/casablanca/hiba-de-19-ans-top-girl--778899.html,6031,2026-09-07T16:24:00,13.8
,Casablanca,BSe deplace تال عندك,https://ma.afribaba.com/casablanca/se-deplace-baby-tal-3ndaak--778868.html,6030,2026-09-07T15:25:00,13.9
,Casablanca,BSara,https://ma.afribaba.com/casablanca/sarah-de-23ans-bomb-girl-je-me-deplace--785315.html,6010,2026-09-19T20:26:00,1.6
,Casablanca,BAppartement,https://ma.afribaba.com/casablanca/zineb-a-walfa-finition-vip--784364.html,6011,2026-09-18T04:19:00,3.3
,Casablanca,BHouda diamo,https://ma.afribaba.com/casablanca/je-deplace-aya-njik-tal-dar-deplacement--781254.html,5999,2026-09-11T22:52:00,9.5
,BelvédèreCasablanca,PClaudia pro,https://ma.afribaba.com/casablanca/-top-massage-chatte-mouille-plaisir-illimite-h24--774595.html,5997,2026-08-30T14:57:00,21.9
,BourgogneCasablanca,BEspace De relax,https://ma.afribaba.com/casablanca/bella-top-finition-aprtm--768237.html,5991,2026-08-18T13:43:00,33.9
,Casablanca,BHind,https://ma.afribaba.com/casablanca/une-fille-top-j-me-d-pllace-ervi-e-de-reve-24-24-777533.html,5990,2026-09-04T22:22:00,16.6
,Casablanca,BSexy Rime,https://ma.afribaba.com/casablanca/riham-la-maturite-bb-toop-escort--777491.html,5990,2026-09-04T21:24:00,16.6
,Casablanca,BLilia,https://ma.afribaba.com/casablanca/deplacement-sexy-escorte-vip-se-deplacer--781814.html,5982,2026-09-13T01:15:00,8.4
,Casablanca,Bsmartdeal,https://ma.afribaba.com/casablanca/-tooop-service-chez-moi-nathala-fik-784779.html,5983,2026-09-18T21:13:00,2.6
,Casablanca,Bmassage a domicil,https://ma.afribaba.com/casablanca/decouvrez-chloe-une-nouvelle-presence-elegante-et-belle-a-casablanca-765566.html,5978,2026-08-13T17:01:00,38.8
,Casablanca,BBtissam,https://ma.afribaba.com/casablanca/titiza-ainsbaa--780879.html,5975,2026-09-11T13:08:00,10.0
,Casablanca,BSalut098,https://ma.afribaba.com/casablanca/zwina-ou-n9iya-bghiti-rahtek-m3aya-ghadi-thma9-3liya--784501.html,5977,2026-09-18T13:34:00,2.9
,Casablanca,BSexy Rime,https://ma.afribaba.com/casablanca/aya-deplacement-girl--771181.html,5967,2026-08-23T22:21:00,28.6
,Casablanca,BAppartement,https://ma.afribaba.com/casablanca/titiza-toop-waalfaa--785131.html,5960,2026-09-19T14:44:00,1.9
,Casablanca,BJannat,https://ma.afribaba.com/casablanca/a7la-tille-3omri-njibo-m3ak-bb--768375.html,5959,2026-08-18T17:17:00,33.8
,Casablanca,BSexy Rime,https://ma.afribaba.com/casablanca/ilaf-se-deplace--774237.html,5957,2026-08-29T19:35:00,22.7
,BourgogneCasablanca,BNice Lady,https://ma.afribaba.com/casablanca/salma-de-25ans-vip-a-bourgoun--775171.html,5955,2026-08-31T16:37:00,20.8
,Casablanca,BHouda diamo,https://ma.afribaba.com/casablanca/hanaa-la-blonde-chez-moi-kbida--785041.html,5961,2026-09-19T13:08:00,2.0
,Casablanca,BSexy Rime,https://ma.afribaba.com/casablanca/dina-plaisir-sans-limite-photo-reelle-bomba--775404.html,5953,2026-08-31T22:35:00,20.6
,Casablanca,BNice Lady,https://ma.afribaba.com/casablanca/lina-3rida-kanhbal-aji-kantsnak-bb--775777.html,5949,2026-09-01T17:01:00,19.8
,OulfaCasablanca,B𝓧𝟓𝓖𝓘𝓡𝓛,https://ma.afribaba.com/casablanca/belle-fille-a7laaa-plaisir-et-finition-bb-chez-moi--770843.html,,,
,Casablanca,BRim,https://ma.afribaba.com/casablanca/fadwa-de-19-ans-top-girl--776834.html,5935,2026-09-03T19:39:00,17.7
,Racine (Casablanca)Casablanca,BPalmer Fahd,https://ma.afribaba.com/casablanca/qamar-ghezala-la-taille-bomba-cherie-tres-mignnone--766414.html,5933,2026-08-15T00:08:00,37.5
,Casablanca,BSexy Rime,https://ma.afribaba.com/casablanca/khansaa-ji-nbar3aak-fdari-bb--775221.html,5931,2026-08-31T18:06:00,20.7
,Casablanca,BSe deplace تال عندك,https://ma.afribaba.com/casablanca/sara-se-deplaace-zin-3ndak-bb-a-casa--783226.html,5929,2026-09-15T21:25:00,5.6
,Casablanca,BHadel,https://ma.afribaba.com/casablanca/hadel-bonne-taille-deplacement--776403.html,5928,2026-09-02T21:56:00,18.6
,Casablanca,BKawtar,https://ma.afribaba.com/casablanca/la-blonde-taille-sexy-chez-moi-24h-787097.html,5977,2026-09-21T10:49:55.719846,0.0
,Casablanca,BLili,https://ma.afribaba.com/casablanca/lili-la3rida-sexy-njibo-m3ak-bb--780827.html,5924,2026-09-11T11:59:00,10.0
,Casablanca,BDream centre Spa,https://ma.afribaba.com/casablanca/-promotion-d-ouverture-new-spa--191431.html,5921,2022-05-07T11:48:00,1598.0
,Casablanca,PNATACHA PRO,https://ma.afribaba.com/casablanca/-belle-chatte-propre-extreme-orgasme-j-adore-la-b-aise-bb--773936.html,5915,2026-08-29T12:00:00,23.0
,Casablanca,BYasmin,https://ma.afribaba.com/casablanca/yasmin-escort-sexy-skhona-n3jbk-terma-hlowa-finition--784679.html,5914,2026-09-18T19:11:00,2.7
,Oasis (Casablanca)Casablanca,BAya,https://ma.afribaba.com/casablanca/aya-big-ass-tarf-mlih-kbir-bzazl-zwinine-oasis-783635.html,5909,2026-09-16T16:06:00,4.8
,Casablanca,BSouad,https://ma.afribaba.com/casablanca/je-me-deplace-souad-njiik-tal-dar-deplacement--780530.html,5907,2026-09-10T20:22:00,10.7
,Casablanca,BMehdi Ff,https://ma.afribaba.com/casablanca/dina-finition-incroyable-vip-a-ain-sebaa--784645.html,5909,2026-09-18T17:36:00,2.8
,Casablanca,BHouda diamo,https://ma.afribaba.com/casablanca/najlaa-je-deplace-kbida--780470.html,5904,2026-09-10T18:55:00,10.7
,CIL (Casablanca)Casablanca,PIkram,https://ma.afribaba.com/casablanca/ikram-la-coquine-tous-finitions-hbibi-naarr-785587.html,5943,2026-09-20T12:12:00,1.0
,Casablanca,BRim,https://ma.afribaba.com/casablanca/boutaina-de-21-ans-top-girl--778809.html,5895,2026-09-07T13:36:00,13.9
,Casablanca,BSe deplace تال عندك,https://ma.afribaba.com/casablanca/majda-se-deplace-hbe-3andk-a-casa-et-environt--778039.html,5893,2026-09-05T21:08:00,15.6
,Casablanca,BBlondine,https://ma.afribaba.com/casablanca/blondine-cute-girl-je-te-recois-bb-24h-785385.html,5895,2026-09-19T22:23:00,1.6
,Casablanca,BYasmine,https://ma.afribaba.com/casablanca/yasmine-de-23ans-deplacement--784740.html,5896,2026-09-18T20:48:00,2.6
,BourgogneCasablanca,PMira pro,https://ma.afribaba.com/casablanca/-big-ass-ebene-excite-plaisir-illimite-trop-envie--785391.html,5883,2026-09-19T22:33:00,1.6
,Casablanca,BSexy Rime,https://ma.afribaba.com/casablanca/aya-deplace-toop-escort-sexy-deplacement--778634.html,5873,2026-09-06T22:59:00,14.5
,Casablanca,BRim,https://ma.afribaba.com/casablanca/safaa-de-19-ans-top-girl--777271.html,5871,2026-09-04T15:44:00,16.8
,Casablanca,BMaha,https://ma.afribaba.com/casablanca/maha-sensation-de-reve-vas-y-bebe--774061.html,5869,2026-08-29T15:42:00,22.8
,Casablanca,BSexy Rime,https://ma.afribaba.com/casablanca/rajaa-se-deplace-kbida--777398.html,5862,2026-09-04T19:45:00,16.7
,Casablanca,BNice Lady,https://ma.afribaba.com/casablanca/laila-fille-sexy-dispo-24-24--782824.html,5846,2026-09-14T22:57:00,6.5
,Casablanca,BHouda diamo,https://ma.afribaba.com/casablanca/-rahma-la-maturite-bomba-ajy-3andi-kbida-nthalla-fik--785595.html,5864,2026-09-20T12:35:00,1.0
,Casablanca,BIkram,https://ma.afribaba.com/casablanca/deplacement-nouvelle-fille--779014.html,5841,2026-09-07T19:37:00,13.7
,Casablanca,BRimesexy,https://ma.afribaba.com/casablanca/nihad-se-deplace-chez-toi--778479.html,5839,2026-09-06T18:48:00,14.7
,Casablanca,BSafa2,https://ma.afribaba.com/casablanca/sexy-safae-a-bourgogne-nthala-fik-bb--780965.html,5837,2026-09-11T15:11:00,9.9
,OulfaCasablanca,BPlaisir Service,https://ma.afribaba.com/casablanca/gros-c-ul-beau-seins-finition-chaud-massage-corps--774439.html,5836,2026-08-30T05:40:00,22.3
,Casablanca,BGrace Divine,https://ma.afribaba.com/casablanca/je-suis-miss-lolo-j-amp-039-ai-fait-massage-a-chaud--677598.html,5832,2026-02-09T17:53:00,223.8
,Casablanca,BHouda diamo,https://ma.afribaba.com/casablanca/zineb-de-20ans-sexy-girl-je-me-deplace--783730.html,5829,2026-09-16T20:42:00,4.6
,OulfaCasablanca,Baïcha,https://ma.afribaba.com/casablanca/-massage-complet-parfaite-finition-chez-aicha-h24--780794.html,5831,2026-09-11T11:02:00,10.0
,BourgogneCasablanca,PMeriem Alami,https://ma.afribaba.com/casablanca/-a77777-top-escort--786993.html,6127,2026-09-21T11:21:04.688217,0.0
,Casablanca,BHind,https://ma.afribaba.com/casablanca/hind-topescort-bigg-ass-bigg-boobs-wa3rine-finition--776118.html,5823,2026-09-02T12:20:00,19.0
,Casablanca,BDina,https://ma.afribaba.com/casablanca/dina-deplacement-tal-endk-emry--776831.html,5822,2026-09-03T19:33:00,17.7
,Casablanca,BNadaa,https://ma.afribaba.com/casablanca/se-deplace-nthla-fik-bb-vip-reel--785803.html,5831,2026-09-20T18:26:00,0.7
,Casablanca,BUniversal,https://ma.afribaba.com/casablanca/clhoe-sensible-et-propre-a-maarif-j--785951.html,5858,2026-09-21T00:40:05.292235,0.5
,Casablanca,BSpa,https://ma.afribaba.com/casablanca/spa-massage-et-hammam-bon-service--776597.html,5816,2026-09-03T13:59:00,17.9
,Casablanca,BBlondasse,https://ma.afribaba.com/casablanca/blondasse-sexy-et-coquine--774339.html,5812,2026-08-29T22:28:00,22.6
,OulfaCasablanca,BPlaisir Service,https://ma.afribaba.com/casablanca/big-ass-finition-masseuse-plaisir-intense-vient-jouir--784954.html,5801,2026-09-19T07:03:00,2.2
,Casablanca,BAna Sara,https://ma.afribaba.com/casablanca/zin-ou-latay-bb-marhba-nthla-fik-maghdich-tndm-trja3-frhan--775110.html,5797,2026-08-31T14:54:00,20.9
,OulfaCasablanca,BOulfa,https://ma.afribaba.com/casablanca/je-recois-zin-a-oulfa--779269.html,5796,2026-09-08T08:43:00,13.1
,Casablanca,BAna Sara,https://ma.afribaba.com/casablanca/kbida-matrdadch-ana-zwina-na3jbk-fi-kolchi-tji-ka3i-traja3-farhan--732882.html,5792,2026-06-11T11:04:00,102.0
,Casablanca,BHouda diamo,https://ma.afribaba.com/casablanca/sahar-finition-inoubliable-chez-moi-bb--781321.html,5790,2026-09-12T01:31:00,9.4
,Casablanca,BFadwa,https://ma.afribaba.com/casablanca/fadwa-hot-girl-sexy-fesse-bombe-bien-tracer-baby-vgl-hard-783191.html,5789,2026-09-15T18:43:00,5.7
,Casablanca,BSe deplace تال عندك,https://ma.afribaba.com/casablanca/se-deeplace-bb-chez-toi--782194.html,5788,2026-09-13T21:31:00,7.6
,Racine (Casablanca)Casablanca,PAbdel Zaidi,https://ma.afribaba.com/casablanca/-alae-la-sexy-aji-njiboh-bjouj-ahbeba-photo--778416.html,5787,2026-09-06T17:08:00,14.8
,OulfaCasablanca,BPlaisir Service,https://ma.afribaba.com/casablanca/sexy-skinny-top-massage-finition-tres-excite--775056.html,5788,2026-08-31T13:08:00,21.0
,Aïn DiabCasablanca,PMR SSS,https://ma.afribaba.com/casablanca/doz-l-prv-l-telegram-ahbi-njiboh-bjouj-rah-zmlt-elik-783998.html,5782,2026-09-17T14:59:00,3.9
,Casablanca,BRajoua,https://ma.afribaba.com/casablanca/escort-rajoua-25an-grand-cul-gourmand-bigg-boobs-xxl-amour-vgl--785638.html,5771,2026-09-20T14:02:00,0.9
,Casablanca,BAna Sara,https://ma.afribaba.com/casablanca/bb-nthla-fik-ghada-nhablk-matskhach-bb-trja3-frhan--747568.html,5763,2026-07-10T14:29:00,72.9
,Casablanca,BNice Lady,https://ma.afribaba.com/casablanca/sexy-mature-m3ak-bach-tmt3k-bebe-merhba-bik-780834.html,5763,2026-09-11T12:13:00,10.0
,Casablanca,BNada,https://ma.afribaba.com/casablanca/se-deplace-bb-nouvelle-fille--785695.html,5764,2026-09-20T14:38:00,0.9
,Casablanca,BSexy Rime,https://ma.afribaba.com/casablanca/dina-taille-lhbal-deplacement--777254.html,5759,2026-09-04T15:13:00,16.9
,Oasis (Casablanca)Casablanca,BFadwa,https://ma.afribaba.com/casablanca/fadwa-ahsen-deriya-grande-taille-bzazl-terma-kbira--784486.html,5765,2026-09-18T13:14:00,2.9
,Casablanca,BSexy girl,https://ma.afribaba.com/casablanca/sexy-girl-cute-n9ya-nhablk-bzazl-kbar-big-ass--778234.html,5756,2026-09-06T12:01:00,15.0
,BourgogneCasablanca,BHakimi Ali,https://ma.afribaba.com/casablanca/rawan-finition-inoubliable-bomba--769926.html,5755,2026-08-21T19:08:00,30.7
,BourgogneCasablanca,BSalut098,https://ma.afribaba.com/casablanca/kbida-marhba-bik-nthla-fik-maghdich-tndm--758055.html,5755,2026-07-30T13:31:00,52.9
,Casablanca,BKing Ann,https://ma.afribaba.com/casablanca/leila-jeune-fille-service-vip-tres-mignnone-casablanca--785855.html,5769,2026-09-20T19:51:00,0.7
,OulfaCasablanca,BPlaisir Service,https://ma.afribaba.com/casablanca/jolie-coquine-photo100-naturel-massage-full-finition-h24-772468.html,5752,2026-08-26T05:47:00,26.3
,Casablanca,BRim,https://ma.afribaba.com/casablanca/rim-de-20ans-fdari-maarif--779552.html,5749,2026-09-08T18:58:00,12.7
,Aïn DiabCasablanca,PGirls Hot,https://ma.afribaba.com/casablanca/telegram-salouma01-lpack-wsexcam-aji-njiboh-bjoj-ahbiba-appel--738833.html,5741,2026-08-31T13:23:00,20.9
,Casablanca,Bsmartdeal,https://ma.afribaba.com/casablanca/-marhba-bb-zwina-n3ajbak-o-nathala-fik--780422.html,5739,2026-09-10T17:26:00,10.8
,Casablanca,BLaila,https://ma.afribaba.com/casablanca/la-maturite-aji-nathalla-fik-mzn-chez-moi--777699.html,5738,2026-09-05T12:13:00,16.0
,Casablanca,BJoudia Massage,https://ma.afribaba.com/casablanca/souad-mature-deplacer-ahla-fini--783823.html,5732,2026-09-17T01:15:00,4.4
,Casablanca,BRoumaisa,https://ma.afribaba.com/casablanca/roumaisa-petite-de-22ans-maarif-bb--783252.html,5732,2026-09-15T19:53:00,5.7
,Casablanca,PFatoucha,https://ma.afribaba.com/casablanca/fatoucha-jolie-black-africaine-finition-au-maarif-24-h--774582.html,5731,2026-09-02T14:44:00,18.9
,Casablanca,BSara,https://ma.afribaba.com/casablanca/sara-zin-ou-la-taille--777558.html,5728,2026-09-05T00:16:00,16.5
,Casablanca,BNice Lady,https://ma.afribaba.com/casablanca/souka-fille-sexy-appartememnt--775745.html,5728,2026-09-01T16:13:00,19.8
,OulfaCasablanca,Pصبرين تشلحيت,https://ma.afribaba.com/casablanca/--786712.html,6056,2026-09-21T11:17:16.533528,0.0
,Casablanca,BNice Lady,https://ma.afribaba.com/casablanca/alya-sexy-finition-inoubliable--771197.html,5725,2026-08-23T22:46:00,28.6
,Casablanca,BFarah,https://ma.afribaba.com/casablanca/farah-sexuel-bigg-ass-bzazl-hlowine-nbr3k-skhona--781417.html,5724,2026-09-12T12:52:00,9.0
,Casablanca,BSara,https://ma.afribaba.com/casablanca/sara-se-deplace-sexy-queen--784140.html,5719,2026-09-17T19:25:00,3.7
,Casablanca,PYass guapa,https://ma.afribaba.com/casablanca/dominatrice-foot-fetish-amp-amp-more-yass-la-tigresse--785584.html,5726,2026-09-20T12:04:00,1.0
,Casablanca,BOumaima,https://ma.afribaba.com/casablanca/je-me-deplace-jeune-et-sexy--776997.html,5716,2026-09-03T23:20:00,17.5
,Casablanca,BWijdane,https://ma.afribaba.com/casablanca/wijdane-a7la-plaisir-kbida--772772.html,5713,2026-08-26T22:09:00,25.6
,Casablanca,BSpa,https://ma.afribaba.com/casablanca/hajar-recois-dans-spa-massage-hammam--774495.html,5713,2026-08-30T12:34:00,22.0
,Casablanca,BHiba,https://ma.afribaba.com/casablanca/une-fi-l-toop-je-me-deepllace-servii-e-vip-24h-24h-784188.html,5714,2026-09-17T20:46:00,3.6
,Oasis (Casablanca)Casablanca,BMaram,https://ma.afribaba.com/casablanca/maram-ronde-escort-belle-blonde-taille-sexuel-relation-vgl-ghandi-778475.html,5707,2026-09-06T18:37:00,14.7
,Casablanca,PClara pro,https://ma.afribaba.com/casablanca/-une-bonne-b-aise-vous-attends-black-excite-trop-envie--776240.html,5698,2026-09-02T16:06:00,18.8
,Casablanca,BMarwa,https://ma.afribaba.com/casablanca/marwa-bomba-plaisir-magique-je-recois-kbida--779890.html,5697,2026-09-09T14:36:00,11.9
,Casablanca,BWarda,https://ma.afribaba.com/casablanca/warda-nouvelle-fille-nthala-fik-beby--781485.html,5696,2026-09-12T14:39:00,8.9
,Oasis (Casablanca)Casablanca,BAmal,https://ma.afribaba.com/casablanca/amal-escort-bzazl-kbar-ahla-terma-skhona-kolchi-kayn--785562.html,5724,2026-09-20T11:27:00,1.0
,Casablanca,BMaha,https://ma.afribaba.com/casablanca/maha-de-23ans-a7la-plaisir--786312.html,5968,2026-09-21T11:11:20.176516,0.0
,Casablanca,BRimesexy,https://ma.afribaba.com/casablanca/douaa-24ans-je-deplace-chez-toi-plaisir-magique--780680.html,5682,2026-09-10T23:30:00,10.5
,CIL (Casablanca)Casablanca,BPlaisir Service,https://ma.afribaba.com/casablanca/finition-an-al-massage-vaginale-black-chaud-an-l-top--775273.html,5677,2026-09-05T16:55:00,15.8
,Casablanca,BLaila,https://ma.afribaba.com/casablanca/laila-toop-escort-vous-attend-un-sexe-de-reve--776908.html,5675,2026-09-03T20:59:00,17.6
,Casablanca,BHakimi Ali,https://ma.afribaba.com/casablanca/nihal-finition-inoubliable--769319.html,5674,2026-08-20T17:03:00,31.8
,Casablanca,BAppartement,https://ma.afribaba.com/casablanca/appart-vip-oulfa-hbiba--784023.html,5682,2026-09-18T04:19:00,3.3
,Casablanca,BSexy Rime,https://ma.afribaba.com/casablanca/se-deplace-aya-de-luxe-deplacement--770485.html,5670,2026-08-22T17:43:00,29.8
,Casablanca,BMariam,https://ma.afribaba.com/casablanca/mariam-fintion-sensuelle--784238.html,5669,2026-09-17T22:08:00,3.6
,Casablanca,BLina,https://ma.afribaba.com/casablanca/se-deplace-votre-escort-sexy-deplacement--773309.html,5660,2026-08-27T23:00:00,24.5
,Casablanca,BMassage a domicile,https://ma.afribaba.com/casablanca/sexy-jeune-escorte-douce-et-tres-belle-a-domicile--740409.html,5657,2026-06-26T14:18:00,86.9
,OulfaCasablanca,BPlaisir Service,https://ma.afribaba.com/casablanca/massage-corps-a-corps-finition-baizz-chaud--773152.html,5653,2026-08-27T18:47:00,24.7
,OulfaCasablanca,BPlaisir Service,https://ma.afribaba.com/casablanca/belle-toto-delicieux-finition-au-service-vip-massage-douce--772019.html,5642,2026-08-25T14:06:00,26.9
,Casablanca,BHind,https://ma.afribaba.com/casablanca/-n-fille-toop-s-rvice-de-r-v-tres-s-xy-24h-24h-771561.html,5638,2026-08-24T17:53:00,27.8
,Casablanca,Bريم,https://ma.afribaba.com/casablanca/-rim-big-bombe-deplacements-a-casablanca--786549.html,5927,2026-09-21T10:38:24.532155,0.1
,Casablanca,BMalak,https://ma.afribaba.com/casablanca/malaak-se-deplace-hubi--784797.html,5628,2026-09-18T21:32:00,2.6
,BourgogneCasablanca,BBeautiful Sensation,https://ma.afribaba.com/casablanca/sexy-aji-3andi-hbiba-nathalla-fik-ou-nbar3ak--767144.html,5621,2026-08-16T13:57:00,35.9
,Casablanca,BDÉPLACEMENT,https://ma.afribaba.com/casablanca/erotic-s-xy-adorable-sensuelle-ce-deplace--785819.html,5642,2026-09-20T19:58:00,0.7
,Casablanca,BSalut098,https://ma.afribaba.com/casablanca/kbida-je-3andi-apparemment-tranquille-nthla-fik-ana-zwina-ou-laty--706820.html,5618,2026-04-17T15:52:00,156.8
,BourgogneCasablanca,BEspace De relax,https://ma.afribaba.com/casablanca/-houda-sexy-girl-recois-fdar--786172.html,5689,2026-09-21T11:37:25.656608,0.0
,Aïn DiabCasablanca,PPaolo Gaime ouver,https://ma.afribaba.com/casablanca/massage-satisfaisant-finition-688424.html,5606,2026-03-08T22:49:00,196.5
,OulfaCasablanca,PNadia Sey,https://ma.afribaba.com/casablanca/mireille-jeune-masseuse-africaine-mielleuse-sexy-finition-784815.html,5602,2026-09-18T21:54:00,2.6
,Casablanca,BMalak,https://ma.afribaba.com/casablanca/malak-taille-sexy-deplacement--778519.html,5599,2026-09-06T20:03:00,14.7
,Casablanca,BSara,https://ma.afribaba.com/casablanca/ahy-bb-bghiti-trtah-ji-3andi-nhablk-bi-zini-ou-n9awti--710435.html,5596,2026-04-24T12:28:00,150.0
,Casablanca,BAppartement,https://ma.afribaba.com/casablanca/escorte-calme-chez-moii--774319.html,5594,2026-08-29T21:45:00,22.6
,Casablanca,BDalal,https://ma.afribaba.com/casablanca/se-deplacer-escorte-honey-sexy-deplacement--779240.html,5585,2026-09-08T01:54:00,13.4
,Casablanca,BMajda,https://ma.afribaba.com/casablanca/-majda-vous-attend-pour-un-sexe-de-reve--768010.html,5583,2026-08-17T23:17:00,34.5
,Casablanca,BFarah,https://ma.afribaba.com/casablanca/farah-plaisir-de-reve--781529.html,5579,2026-09-12T15:48:00,8.8
,Casablanca,BRim,https://ma.afribaba.com/casablanca/dalal-de-19-ans-top-girl--780977.html,5577,2026-09-11T15:27:00,9.9
,OulfaCasablanca,BDelajoie Maison,https://ma.afribaba.com/casablanca/jessica-nouvelle-masseuse-professionnelle-disponible--782461.html,5583,2026-09-14T18:48:00,6.7
,Casablanca,BAna Sara,https://ma.afribaba.com/casablanca/kbida-marhba-bik-nthla-fik-ndir-lik-lbghiti-bb-mghadich-tndam--744364.html,5567,2026-07-04T13:02:00,79.0
,Casablanca,BHakimi Ali,https://ma.afribaba.com/casablanca/spa-massage-hammam-pro-nthalla-fiik--768217.html,5568,2026-08-18T13:25:00,33.9
,Casablanca,BFRANCOIS,https://ma.afribaba.com/casablanca/lilie-la-chaude-black-africaine-disponible-h24-sur-oulfa-777330.html,5568,2026-09-04T17:39:00,16.8
,Casablanca,BSix Seven,https://ma.afribaba.com/casablanca/deplacement-vip-exclusive-se-deplace--777006.html,5561,2026-09-03T23:37:00,17.5
,Casablanca,BCharles Douglas,https://ma.afribaba.com/casablanca/deplacement-service-vip-nji-3ndk-se-deplace--784820.html,5558,2026-09-18T22:00:00,2.6
,Oasis (Casablanca)Casablanca,BKawtar,https://ma.afribaba.com/casablanca/kawtar-formidable-skinny-girl-tres-mince-la-meilleure-sex-vgl-oasis-780943.html,5556,2026-09-11T14:35:00,9.9
,Casablanca,BSara,https://ma.afribaba.com/casablanca/sara-se-deplace-bbb-titeza-vip-top-nji-tal-andk--785066.html,5550,2026-09-19T13:40:00,1.9
,Casablanca,BHouda diamo,https://ma.afribaba.com/casablanca/sanae-la-mignonne-se-deplace--783258.html,5544,2026-09-15T20:27:00,5.6
,Casablanca,BHouda,https://ma.afribaba.com/casablanca/deplacement-super-plan-service-vip-nji-3ndk--783285.html,5542,2026-09-15T21:38:00,5.6
,Casablanca,BIlham,https://ma.afribaba.com/casablanca/ilham-de-24ans-chubby-girl--775879.html,5541,2026-09-01T20:20:00,19.7
,BourgogneCasablanca,Bdalal,https://ma.afribaba.com/casablanca/sexy-dalal-chez-moi-nbar3k-bebe-matskhach--777248.html,5530,2026-09-04T15:10:00,16.9
,Oasis (Casablanca)Casablanca,BRania,https://ma.afribaba.com/casablanca/rania-petite-et-mignonne-bb-local-disret--778212.html,5526,2026-09-06T11:07:00,15.0
,Racine (Casablanca)Casablanca,PClassy girl,https://ma.afribaba.com/casablanca/escort-dominatrice-foot-fetish-l-art-de-la-domination--772908.html,5525,2026-08-27T05:59:00,25.3
,Casablanca,Bhoney,https://ma.afribaba.com/casablanca/-ahlam-sexy-deplacements-a-casablanca--786556.html,5916,2026-09-21T10:40:32.378140,0.1
,Casablanca,BSexy Rime,https://ma.afribaba.com/casablanca/je-deplace-bomba-sexy-njik-tal-dar-deplacement--772372.html,5520,2026-08-25T23:00:00,26.5
,Casablanca,BHouda diamo,https://ma.afribaba.com/casablanca/ihssan-24ans-se-deplace-hby--782541.html,5517,2026-09-14T16:06:00,6.8
,Oasis (Casablanca)Casablanca,BSiham,https://ma.afribaba.com/casablanca/-amal-la-coquine-aji-nbar3ak-habibi-dyali--778098.html,5512,2026-09-06T10:28:00,15.1
,Casablanca,BSara,https://ma.afribaba.com/casablanca/sara-se-deplace-votre-escort-bomb-deplacement--774967.html,5510,2026-08-31T01:14:00,21.4
,Oasis (Casablanca)Casablanca,BOumaima,https://ma.afribaba.com/casablanca/oumaima-chubby-girl-a7la-plaisir--785600.html,5550,2026-09-20T12:31:00,1.0
,Racine (Casablanca)Casablanca,BSafaa,https://ma.afribaba.com/casablanca/safaa-22ans-taille-sexy--779518.html,5506,2026-09-08T17:54:00,12.8
,Casablanca,BGoûter pour un amour tres,https://ma.afribaba.com/casablanca/-je-me-deplace-chez-black--780917.html,5514,2026-09-20T11:23:00,1.0
,Casablanca,BLa blonde se deplace,https://ma.afribaba.com/casablanca/loubna-se-deeplace-chez-toi-huby--781547.html,5501,2026-09-12T16:26:00,8.8
,Casablanca,BWiam,https://ma.afribaba.com/casablanca/wiam-se-deplace--780974.html,5499,2026-09-11T15:21:00,9.9
,Casablanca,BRiham,https://ma.afribaba.com/casablanca/riham-girl-ji-nbar3aak-fdari-hbe--778658.html,5499,2026-09-07T00:04:00,14.5
,Casablanca,BSe deplace تال عندك,https://ma.afribaba.com/casablanca/-je-me-deplace-tal-3andak--775932.html,5496,2026-09-01T22:47:00,19.6
,Casablanca,BHanaa,https://ma.afribaba.com/casablanca/hanaa-taille-ji-nbar3aak-fdari-bb--770759.html,5494,2026-08-23T03:17:00,29.4
,Casablanca,PSaadsaadd,https://ma.afribaba.com/casablanca/marhba-hobi-sifti-lia-nthela-fik-mzyan--584715.html,5486,2025-08-27T00:56:00,390.5
,Casablanca,Bnchakroun,https://ma.afribaba.com/casablanca/jolie-fille-a7la-finition--786368.html,5812,2026-09-21T10:39:35.663299,0.1
,Casablanca,BJoudia Massage,https://ma.afribaba.com/casablanca/souhaila-titiza-deplacer-a7la-fini--786501.html,5733,2026-09-21T11:08:36.544470,0.0
,Casablanca,BAna Sara,https://ma.afribaba.com/casablanca/bayda-mon-amour-bb-aji-3andi-nthla-fik-maghdich-tndm--781454.html,5482,2026-09-12T13:37:00,8.9
,Casablanca,BHouda diamo,https://ma.afribaba.com/casablanca/petit-de-21ans-je-deplace-kbida--785949.html,5487,2026-09-20T22:15:00,0.6
,Casablanca,BSexy Rime,https://ma.afribaba.com/casablanca/wissal-taille-thabal-sexy-mignonne--781722.html,5479,2026-09-12T22:00:00,8.6
,Casablanca,BYasmine,https://ma.afribaba.com/casablanca/titiza-de-23ans-se-deplace--785896.html,5474,2026-09-20T21:18:00,0.6
,Casablanca,BNada,https://ma.afribaba.com/casablanca/nada-deplacement-girl-bomba--769514.html,5471,2026-08-20T22:24:00,31.6
,Casablanca,BRime,https://ma.afribaba.com/casablanca/-hot-escort-rime-vous-attend-pour-un-sexe-de-reve--768368.html,5468,2026-08-18T16:56:00,33.8
,Casablanca,BCharles Douglas,https://ma.afribaba.com/casablanca/deplacement-cute-se-deplace-vip-784908.html,5488,2026-09-19T00:24:00,2.5
,Casablanca,Bnour,https://ma.afribaba.com/casablanca/-ritaje-sexy-et-mignonne-plaisir-sans-limite-t-783706.html,5465,2026-09-16T20:02:00,4.7
,Casablanca,BRimesexy,https://ma.afribaba.com/casablanca/-rahma-la-maturite-ajy-3andi-hbiba-nthalla-fik-emry--779413.html,5465,2026-09-08T14:45:00,12.9
,Casablanca,BRiham,https://ma.afribaba.com/casablanca/je-deplace-riham-njik-ta-l-dar-deplacement--774772.html,5461,2026-08-30T20:10:00,21.7
,Casablanca,BNice Lady,https://ma.afribaba.com/casablanca/siham-molat-tarf-forma-7lowa--786696.html,5770,2026-09-21T11:23:40.556427,0.0
,Casablanca,BMarwa,https://ma.afribaba.com/casablanca/marwa-ghezala-nhablk-ahla-terma-wa3ra-skhona-bzf--780855.html,5454,2026-09-11T12:50:00,10.0
,Casablanca,BNarjiss,https://ma.afribaba.com/casablanca/je-deplace-narjiss-njiik-tal-dar-deplacement--783935.html,5456,2026-09-17T13:08:00,4.0
,Casablanca,Bibtisam,https://ma.afribaba.com/casablanca/-titiza-bomba-dispo-24h-24--780694.html,5452,2026-09-10T23:46:00,10.5
,OulfaCasablanca,BKelly,https://ma.afribaba.com/casablanca/kelly-sexy-black-tres-belle-et-douce-casablanca--780970.html,5449,2026-09-11T15:15:00,9.9
,Casablanca,BAin sbaa عين السبع,https://ma.afribaba.com/casablanca/ain-sbaa-finition-magique--784447.html,5446,2026-09-18T12:06:00,3.0
,Casablanca,BRime,https://ma.afribaba.com/casablanca/se-deplace-rime-njik-tal-endk-deplacement--769574.html,5438,2026-08-21T00:38:00,31.5
,Casablanca,BHakimi Ali,https://ma.afribaba.com/casablanca/hanaa-sexy-vip-a-domicile--768542.html,5440,2026-08-18T21:13:00,33.6
,Casablanca,BSpa,https://ma.afribaba.com/casablanca/spa-titiza-sexy-massage-amp-amp-hammam--784465.html,5439,2026-09-18T12:37:00,3.0
,Casablanca,BIkram,https://ma.afribaba.com/casablanca/ikram-de-24ans-deplacement--777529.html,5438,2026-09-04T22:19:00,16.6
,Casablanca,BHouda diamo,https://ma.afribaba.com/casablanca/khawla-deplacement-finition-de-reve-chez-toi--783982.html,5438,2026-09-17T14:19:00,3.9
,Casablanca,BSexy Rime,https://ma.afribaba.com/casablanca/oumaima-taille-thabal-sexy-mignonne--779247.html,5436,2026-09-08T02:17:00,13.4
,Oasis (Casablanca)Casablanca,BWiam,https://ma.afribaba.com/casablanca/wiam-plaisir-intense-vas-y-bb--784519.html,5430,2026-09-18T14:33:00,2.9
,Casablanca,BYasmine,https://ma.afribaba.com/casablanca/yasmine-sensation-de-reve--780768.html,5411,2026-09-11T09:37:00,10.1
,OulfaCasablanca,BPlaisir Service,https://ma.afribaba.com/casablanca/sexy-escorte-black-finition-juteuse-sexe-excite-blow-job--772813.html,5407,2026-08-26T23:04:00,25.5
,OulfaCasablanca,BBLUE DIAMOND,https://ma.afribaba.com/casablanca/-sexy-massage-intense-b-a-i-s-e-position-chatte-serre--786266.html,5716,2026-09-21T10:29:45.446206,0.1
,Casablanca,BHouda diamo,https://ma.afribaba.com/casablanca/dina-votre-escort-luxe-deplacement--782193.html,5405,2026-09-13T21:32:00,7.6
,Casablanca,BHakimi Ali,https://ma.afribaba.com/casablanca/spa-maarif-massage-hammam-nthalla-fik--769782.html,5400,2026-08-21T15:55:00,30.8
,Casablanca,Bsmartdeal,https://ma.afribaba.com/casablanca/escort-taille-magnifique-bien-fait-appart-casa--780398.html,5392,2026-09-10T16:43:00,10.8
,Casablanca,BIkram,https://ma.afribaba.com/casablanca/ikram-la-coquine-se-deplace--770931.html,5389,2026-08-23T18:10:00,28.7
,Casablanca,BKawtar,https://ma.afribaba.com/casablanca/kawtar-girl-sexy-top-finition--763528.html,5388,2026-08-09T18:56:00,42.7
,Casablanca,BMalak,https://ma.afribaba.com/casablanca/malak-escort-sexy-grand-cul-xxl-top-finition-vgl-sucette-anfa-786156.html,5484,2026-09-21T10:34:46.007440,0.1
,Casablanca,BKevin,https://ma.afribaba.com/casablanca/je-suis-kevin-un-beau-gosse-gay-africain-versatile-vient-b--784319.html,5384,2026-09-18T00:15:00,3.5
,Casablanca,BAna wsahbti,https://ma.afribaba.com/casablanca/ana-wsahbti-deplacement-plan-a3-chez-toi--785682.html,5385,2026-09-20T14:18:00,0.9
,Casablanca,BLe Roi Du nord,https://ma.afribaba.com/casablanca/-blondel-piment-de-luxe-disponible-24-24--774317.html,5377,2026-08-29T22:36:00,22.6
,Casablanca,BJoudia Massage,https://ma.afribaba.com/casablanca/sofia-se-deplace-chez-toi-an-l-et-v-g-dis-24h-787084.html,5653,2026-09-21T10:39:47.936701,0.1
,Casablanca,BMassage Casablanca,https://ma.afribaba.com/casablanca/dominatrice-avec-materiels-vous-recoit-fetiche--785680.html,5372,2026-09-20T14:16:00,0.9
,Casablanca,BHakimi Ali,https://ma.afribaba.com/casablanca/kenza-taille-sexy-toop-finition--770836.html,5363,2026-08-23T12:41:00,29.0
,Casablanca,BSpa maarif,https://ma.afribaba.com/casablanca/spa-maarif-massage-et-hammam-nethallaa-fiik--775712.html,5362,2026-09-01T15:14:00,19.9
,Casablanca,BNada Vip,https://ma.afribaba.com/casablanca/nada-bomba-chez-moi-24h--787085.html,5920,2026-09-21T10:33:49.013872,0.1
,Casablanca,BJannat,https://ma.afribaba.com/casablanca/jannat-plaisir-de-reve-je-recois-chez-moi--775164.html,5354,2026-08-31T16:26:00,20.8
,Casablanca,BSalut098,https://ma.afribaba.com/casablanca/bb-ana-nthla-fik-ghadi-trtah-m3aya-trja3-farhaan--742427.html,5345,2026-06-30T14:09:00,82.9
,Oasis (Casablanca)Casablanca,BAmira,https://ma.afribaba.com/casablanca/amira-escort-raffine-mannequin-adorable-vgl-sucre-oasis-775167.html,5339,2026-08-31T16:39:00,20.8
,CIL (Casablanca)Casablanca,POli,https://ma.afribaba.com/casablanca/nouveau-black-act-pass-trans--765937.html,5394,2026-09-19T00:23:00,2.5
,Casablanca,BInas,https://ma.afribaba.com/casablanca/inas-zin-ou-la-taille--786683.html,5669,2026-09-21T11:34:49.997101,0.0
,Oasis (Casablanca)Casablanca,BQamar,https://ma.afribaba.com/casablanca/sexy-curvy-blond-qamar-ta-fille-prefere-vgl-bb-ghandi-776843.html,5336,2026-09-03T19:53:00,17.7
,OulfaCasablanca,BPlaisir Service,https://ma.afribaba.com/casablanca/meilleur-baisseuse-finition-sensuel-massage-corps-a-corps--779004.html,5332,2026-09-07T19:17:00,13.7
,Casablanca,BSexy Rime,https://ma.afribaba.com/casablanca/spa-massage-royal-relaxation-total-hammam-prv--777769.html,5332,2026-09-05T14:34:00,15.9
,Casablanca,BSexy Rime,https://ma.afribaba.com/casablanca/nour-taille-bomb-top-finition--771552.html,5324,2026-08-24T17:53:00,27.8
,Casablanca,BKawtar,https://ma.afribaba.com/casablanca/deplacement-sexy-girl--784196.html,5326,2026-09-17T20:56:00,3.6
,Casablanca,BRania,https://ma.afribaba.com/casablanca/rania-fdari-habibi-dyali--778313.html,5317,2026-09-06T14:31:00,14.9
,Casablanca,BSara,https://ma.afribaba.com/casablanca/sara-luxury-escort-hot-fesse-bombe-splendide-sucette-vgl-bb--775130.html,5314,2026-08-31T15:37:00,20.8
,BelvédèreCasablanca,PMimi la chaudass,https://ma.afribaba.com/casablanca/-la-bombas-fashon-sexy--773526.html,5313,2026-08-28T15:07:00,23.9
,Racine (Casablanca)Casablanca,BSpa,https://ma.afribaba.com/casablanca/spa-maarif-massage-roy-hammam-nthalla-fik--775035.html,5311,2026-08-31T12:25:00,21.0
,OulfaCasablanca,Bbebi,https://ma.afribaba.com/casablanca/finition-de-qualite-disponible-h24-chez-bebi--778192.html,5289,2026-09-06T10:06:00,15.1
,Casablanca,BMajdouline,https://ma.afribaba.com/casablanca/majdouline-finition-speciale--778320.html,5280,2026-09-06T15:15:00,14.9
,Casablanca,BMireille Seri,https://ma.afribaba.com/casablanca/-bb-viens-commencer-ta-semaine-entre-mes-grosses-fesses--772956.html,5278,2026-08-27T12:44:00,25.0
,Casablanca,BHajar,https://ma.afribaba.com/casablanca/hajar-finition-inoubliable-emry--776887.html,5278,2026-09-03T20:38:00,17.6
,OulfaCasablanca,BPlaisir Service,https://ma.afribaba.com/casablanca/finition-tres-chaud-super-excite-a-massage-plaisir-773897.html,5278,2026-08-29T05:22:00,23.3
,BourgogneCasablanca,BIbtissam,https://ma.afribaba.com/casablanca/sexy-forma-matchba3ch-mni-bb-fdari--779452.html,5273,2026-09-08T15:55:00,12.8
,Casablanca,BAnna,https://ma.afribaba.com/casablanca/anna-la-bombe-du-massage-hop-finition-bien-mouille--772642.html,5274,2026-08-26T17:40:00,25.8
,Casablanca,BCharles Douglas,https://ma.afribaba.com/casablanca/se-deplace-malak-sweet-le-lux-deplacement-vip--778079.html,5265,2026-09-05T22:58:00,15.5
,Casablanca,PAppelidentifiant8,https://ma.afribaba.com/casablanca/sandrine-la-chaude-black-africaine-disponible-h24-sur-casablanca-785348.html,5261,2026-09-19T21:26:00,1.6
,OulfaCasablanca,Bsamira,https://ma.afribaba.com/casablanca/-finition-inoubliable-chez-samira-charmante-black-disponible-h24-785850.html,5258,2026-09-20T19:45:00,0.7
,Casablanca,BAppartement,https://ma.afribaba.com/casablanca/endroit-chic-top-finition--786976.html,5650,2026-09-21T11:26:56.646689,0.0
,OulfaCasablanca,Bkadi,https://ma.afribaba.com/casablanca/-kadi-masseuse-sexy-avec-finition-h24-oulfa-azhar--772337.html,5252,2026-08-25T21:59:00,26.6
,Casablanca,BCharles Douglas,https://ma.afribaba.com/casablanca/deplacement-honey-girl-se-deplace--785401.html,5259,2026-09-19T22:54:00,1.5
,Casablanca,BSexy Rime,https://ma.afribaba.com/casablanca/chaimaa-votre-escort-luxe-deplacement--780029.html,5244,2026-09-09T19:25:00,11.7
,Casablanca,BKholoud,https://ma.afribaba.com/casablanca/kholoud-nouvelle-fille-nthala-fik-beby--784044.html,5239,2026-09-17T16:12:00,3.8
,Casablanca,BMeriem,https://ma.afribaba.com/casablanca/la-belle-meriem-taille-de-reve-fesse-splendide-bombe-amour-vgl-bb--773510.html,5237,2026-08-28T14:51:00,23.9
,Casablanca,BMiral,https://ma.afribaba.com/casablanca/miral-sexy-blonde-mignonne--769168.html,5236,2026-08-20T12:32:00,32.0
,Casablanca,BFarah,https://ma.afribaba.com/casablanca/farah-deplacement-girl-bomba--768639.html,5236,2026-08-18T23:54:00,33.5
,BourgogneCasablanca,BRelax World,https://ma.afribaba.com/casablanca/titiza-top-finition-770929.html,5221,2026-08-23T15:07:00,28.9
,Casablanca,BAya,https://ma.afribaba.com/casablanca/titiza-a-casa-deplacement--777575.html,5218,2026-09-04T23:41:00,16.5
,Casablanca,BLina,https://ma.afribaba.com/casablanca/blondine-deplacement--786275.html,5480,2026-09-21T11:23:00.218100,0.0
,Casablanca,BAna Sara,https://ma.afribaba.com/casablanca/bb-bghiti-li-thla-fik-ji-3andi-nthla-fik-trja3-nacht-zin-ou-latay-bb--779795.html,5209,2026-09-09T10:10:00,12.1
,CIL (Casablanca)Casablanca,BPlaisir Service,https://ma.afribaba.com/casablanca/photo-naturel-finition-an-al-massage-tonic-an-l--771483.html,5212,2026-08-24T16:19:00,27.8
,Casablanca,BAna Sara,https://ma.afribaba.com/casablanca/bghiti-zin-ou-latay-obayda-aji-3andi-ana-nthla-fik--786150.html,5477,2026-09-21T11:36:01.361326,0.0
,BourgogneCasablanca,BLe meilleur ici,https://ma.afribaba.com/casablanca/se-deplace-magnifique-plan-vip-deplacement--785779.html,5207,2026-09-20T17:47:00,0.8
,Casablanca,BHind,https://ma.afribaba.com/casablanca/mature-femme-mur--786750.html,5528,2026-09-21T11:02:01.974731,0.0
,Casablanca,BCharles Douglas,https://ma.afribaba.com/casablanca/domination-soumis-et-fetiche-reel-et-virtuelle-disponible-785159.html,5202,2026-09-19T16:21:00,1.8
,Casablanca,BNada,https://ma.afribaba.com/casablanca/nada-sexy-hlowa-skhona-bzf-bigg-ass-amour--771947.html,5193,2026-08-25T12:29:00,27.0
,Casablanca,PSe deplace تال عندك,https://ma.afribaba.com/casablanca/je-me-deplaaace-hbi-tal-3andk--780369.html,5189,2026-09-10T17:18:00,10.8
,Casablanca,PCarolie Carolina,https://ma.afribaba.com/casablanca/sofia-bienvenues-plaisir-sans-limite-top-finition--780862.html,5182,2026-09-11T12:50:00,10.0
,Casablanca,BImane,https://ma.afribaba.com/casablanca/imane-topescort-sexuel-n3ajbek-bigg-ass-bombe-skhona--785021.html,5178,2026-09-19T12:32:00,2.0
,Casablanca,BRim,https://ma.afribaba.com/casablanca/khaoula-de-21-ans-top-girl--779530.html,5171,2026-09-08T18:15:00,12.7
,Casablanca,BEn ville,https://ma.afribaba.com/casablanca/centre-ville-titiizaa--775947.html,5170,2026-09-01T22:47:00,19.6
,Casablanca,BGrace Divine,https://ma.afribaba.com/casablanca/jolie-photo-naturelle-je-fais-le-deplacement-vip--680460.html,5166,2026-02-14T23:21:00,218.5
,Casablanca,BDina,https://ma.afribaba.com/casablanca/dina-la-blonde-se-deplace--782528.html,5172,2026-09-14T16:36:00,6.8
,OulfaCasablanca,BAmina massage,https://ma.afribaba.com/casablanca/justin-chaud-girl-afro-dispo-h24-massage-a-domicille--784975.html,5165,2026-09-19T10:54:00,2.0
,Casablanca,BHouda diamo,https://ma.afribaba.com/casablanca/aya-votre-escort-bonne-taille-deplacement--785615.html,5163,2026-09-20T13:14:00,0.9
,Casablanca,BMalika,https://ma.afribaba.com/casablanca/-sexy-malika-chaude-hop-finition-bien-excite--773824.html,5158,2026-08-28T22:56:00,23.5
,Casablanca,BDEPLACEMENT,https://ma.afribaba.com/casablanca/deplacement-chez-toi--786267.html,5200,2026-09-21T11:04:05.825566,0.0
,Hay SalamaCasablanca,BJannat,https://ma.afribaba.com/casablanca/tacharouk-sexy-jannat--786673.html,5472,2026-09-21T10:53:06.303743,0.0
,Casablanca,BSexy Rime,https://ma.afribaba.com/casablanca/nawal-se-deplace--775274.html,5144,2026-08-31T19:17:00,20.7
,OulfaCasablanca,BPlaisir Service,https://ma.afribaba.com/casablanca/finition-massage-top-plaisir-infini-prestation-qualite--780060.html,5142,2026-09-09T21:09:00,11.6
,Casablanca,PAICHA  PRO,https://ma.afribaba.com/casablanca/-chatte-chaude-ebene-excite-plaisir-illimite-gironde--785421.html,5151,2026-09-19T23:13:00,1.5
,Casablanca,BFati,https://ma.afribaba.com/casablanca/fati-ghezala-nthala-fik-tarma-bzazl-kbar-zwinine-kayn--786692.html,5226,2026-09-21T11:34:07.070073,0.0
,Casablanca,BHouda diamo,https://ma.afribaba.com/casablanca/ain-sebaa-taille-bomba-finition-incroyable--786035.html,5313,2026-09-21T09:18:07.722562,0.1
,Casablanca,BMaha,https://ma.afribaba.com/casablanca/maha-de-22ans-plaisir-intense--771377.html,5129,2026-08-24T13:04:00,28.0
,Casablanca,BKarla,https://ma.afribaba.com/casablanca/karla-belle-black-chaude-hop-finition-h24--781200.html,5129,2026-09-11T21:36:00,9.6
,Casablanca,BHiba,https://ma.afribaba.com/casablanca/deplacement-chez-toi-baby--785347.html,5129,2026-09-19T21:22:00,1.6
,Casablanca,PPoupètte,https://ma.afribaba.com/casablanca/une-sensation-forte-et-inoubliable-sur-casablanca-jeune-escorte-africa-774212.html,5127,2026-08-29T18:47:00,22.7
,OulfaCasablanca,BPlaisir Service,https://ma.afribaba.com/casablanca/seance-vip-finition-plaisir-vaginale-massage-blow-job--773895.html,5110,2026-08-29T05:14:00,23.3
,Casablanca,BNadaa,https://ma.afribaba.com/casablanca/taille-sexy-se-deplace-chez-toi--785792.html,5131,2026-09-20T18:04:00,0.7
,Casablanca,BLe Roi Du nord,https://ma.afribaba.com/casablanca/-aicha-sexy-black-grosses-fesses-disponible24-24--772620.html,5104,2026-08-26T16:25:00,25.8
,Casablanca,BSexy Rime,https://ma.afribaba.com/casablanca/walaa-deplacement-girl--773613.html,5095,2026-08-28T17:27:00,23.8
,Casablanca,BRachou,https://ma.afribaba.com/casablanca/chaud-masseuse-disponible-belle-africain-black-jolie-rachou-719819.html,5092,2026-07-06T01:44:00,77.4
,Casablanca,BSara,https://ma.afribaba.com/casablanca/sara-se-deplace-hubi--784712.html,5092,2026-09-18T19:29:00,2.7
,Casablanca,BSexy Rime,https://ma.afribaba.com/casablanca/emane-se-deplace-chez-toi--778140.html,5089,2026-09-06T01:12:00,15.5
,BourgogneCasablanca,PFatyo,https://ma.afribaba.com/casablanca/--786719.html,5325,2026-09-21T11:29:10.957348,0.0
,BourgogneCasablanca,BNice Lady,https://ma.afribaba.com/casablanca/sexy-nour-m3ak-bach-tmt3k-bebe-merhba-bik-3endi-775140.html,5080,2026-08-31T15:49:00,20.8
,Casablanca,BIsrae,https://ma.afribaba.com/casablanca/petite-et-sexy-vas-y-bb--786506.html,5332,2026-09-21T11:06:11.696669,0.0
,Casablanca,BAsmae,https://ma.afribaba.com/casablanca/asmae-chez-toi-baby--779017.html,5078,2026-09-07T19:41:00,13.7
,Casablanca,BZineb,https://ma.afribaba.com/casablanca/zineb-sexy-girl-je-deplace-chez-toi--780131.html,5075,2026-09-09T23:24:00,11.5
,Casablanca,BWafaa,https://ma.afribaba.com/casablanca/wafaa-fille-ghezala-hanouna-tarf-mlih-bzazl-zwinine-top--781546.html,5070,2026-09-12T16:33:00,8.8
,Casablanca,BSexy Rime,https://ma.afribaba.com/casablanca/se-deplace-votre-escort-de-luxe-deplacement--771218.html,5070,2026-08-23T23:47:00,28.5
,Casablanca,BVGL,https://ma.afribaba.com/casablanca/taille-sexy-se-deplace-chez-toi--787022.html,5420,2026-09-21T11:19:13.193024,0.0
,OulfaCasablanca,P3azzwa,https://ma.afribaba.com/casablanca/massage-zagouri-498898.html,5061,2025-01-04T20:39:00,624.6
,Casablanca,BKimi,https://ma.afribaba.com/casablanca/-masseuse-africaine-coquine-recoit-24h-24-7jr-7-779673.html,5058,2026-09-08T22:02:00,12.6
,Casablanca,BSexy Rime,https://ma.afribaba.com/casablanca/-nirmine-plaisir-sans-limite-photo-bomba-bb--772177.html,5056,2026-08-25T17:41:00,26.8
,Casablanca,BAppartement,https://ma.afribaba.com/casablanca/centre-ville-sexy-bb--773533.html,5051,2026-08-28T15:23:00,23.9
,Casablanca,BSe deplace تال عندك,https://ma.afribaba.com/casablanca/se-deplaaaace-baby-chez-vous--780364.html,5051,2026-09-10T15:57:00,10.8
,Casablanca,BDÉPLACEMENT,https://ma.afribaba.com/casablanca/deux-belle-sal-pe-plaisir-de-reve-ce-deplace--786523.html,5054,2026-09-21T10:46:14.600005,0.1
,Casablanca,BHouda diamo,https://ma.afribaba.com/casablanca/sohayla-corps-de-miel-calm--786409.html,5284,2026-09-21T11:30:15.206112,0.0
,Casablanca,BCharlest,https://ma.afribaba.com/casablanca/se-deplace-nahid-le-lux-vip-deplacement--777562.html,5034,2026-09-04T23:17:00,16.5
,Sidi MaâroufCasablanca,BPlaisir Service,https://ma.afribaba.com/casablanca/meilleur-baisseuse-finition-sex-uelle-top-massage-chaud-chez-moi--774176.html,5031,2026-08-29T18:00:00,22.8
,Casablanca,BSandra,https://ma.afribaba.com/casablanca/-queen-black-coquine-masseuse-sexy-disponible-h24--775892.html,5028,2026-09-01T20:10:00,19.7
,BourgogneCasablanca,BMagic Rrlax,https://ma.afribaba.com/casablanca/titiza-je-recois-chez-moi--782471.html,5027,2026-09-14T14:46:00,6.9
,BourgogneCasablanca,BEspace De relax,https://ma.afribaba.com/casablanca/nermine-sghira-webnina-aji-hubi-fdari-768183.html,5024,2026-08-18T13:06:00,34.0
,CIL (Casablanca)Casablanca,BPlaisir Service,https://ma.afribaba.com/casablanca/chaud-an-al-top-belle-finition-chez-moi--777302.html,5020,2026-09-04T16:49:00,16.8
,Casablanca,Bhoney,https://ma.afribaba.com/casablanca/-maria-sexy-deplacements-a-casablanca--786447.html,5069,2026-09-21T10:59:17.240055,0.0
,Casablanca,PLilya,https://ma.afribaba.com/casablanca/lilya-20-ans-deplacement-chez-toi-bb--785706.html,5039,2026-09-20T14:59:00,0.9
,Casablanca,PKome 91,https://ma.afribaba.com/casablanca/afro-black-784878.html,5014,2026-09-18T23:30:00,2.5
,Casablanca,BSara,https://ma.afribaba.com/casablanca/sara-de-24ans-se-deplace-chez-toi-bb--768488.html,5009,2026-08-18T20:19:00,33.7
,Casablanca,BKenza,https://ma.afribaba.com/casablanca/derb-milan-aji-n3ichou--786743.html,5094,2026-09-21T11:34:18.217709,0.0
,Casablanca,BRimesexy,https://ma.afribaba.com/casablanca/rime-23ans-deplacement-bomba-chez-toi-bb--780983.html,5006,2026-09-11T15:31:00,9.9
,Casablanca,BBtissam,https://ma.afribaba.com/casablanca/btissam-nouvelle-fille-sexy-fesse-bombe-finition-top-vgl-infini--777265.html,5001,2026-09-04T15:41:00,16.8
,Casablanca,BHiba,https://ma.afribaba.com/casablanca/hiba-escort-ghezala-taille-dial-lhbal-bigg-ass-nbr3k--775684.html,5000,2026-09-01T14:33:00,19.9
,Casablanca,BRiham,https://ma.afribaba.com/casablanca/riham-molat-tarf-bb--772463.html,4999,2026-08-26T04:59:00,26.3
,Casablanca,BChaimae,https://ma.afribaba.com/casablanca/finition-inoubliable-local-discret--777136.html,4995,2026-09-04T12:17:00,17.0
,Casablanca,BNour,https://ma.afribaba.com/casablanca/petite-fille-fintion-speciale--785894.html,4989,2026-09-20T20:39:00,0.6
,CIL (Casablanca)Casablanca,BAna Sara,https://ma.afribaba.com/casablanca/ahsan-titza-zin-latay-tranquille-nthla-fik-bb--705710.html,4985,2026-04-15T16:25:00,158.8
,Casablanca,BLina,https://ma.afribaba.com/casablanca/lina-la-blonde-taille-mannequin-chez-moi-bb--779469.html,4983,2026-09-08T16:27:00,12.8
,Casablanca,BCharles Douglas,https://ma.afribaba.com/casablanca/se-deplace-donia-sexy-escorte-vip-deplacement--781359.html,4981,2026-09-12T09:15:00,9.1
,Casablanca,BSexy Rime,https://ma.afribaba.com/casablanca/farida-taille-sexy-je-recois-fdari-kbidti--777952.html,4981,2026-09-05T19:03:00,15.7
,Casablanca,BDoudouna Dina,https://ma.afribaba.com/casablanca/finitionn-iinoubbliabblie-serviice-viip-chez-moii-bb-24-24-785380.html,4979,2026-09-19T22:18:00,1.6
,Casablanca,BHouda diamo,https://ma.afribaba.com/casablanca/mery-deplacement-finition-de-reve-chez-toi--787068.html,5241,2026-09-21T11:32:20.659866,0.0
,BourgogneCasablanca,PMeriem Alami,https://ma.afribaba.com/casablanca/-top-escort-7-se-deplace--781072.html,4960,2026-09-11T19:16:00,9.7
,Casablanca,BRimesexy,https://ma.afribaba.com/casablanca/massage-hammam-spa-nthaala-fiik-finition-inoubliable-772006.html,4952,2026-08-25T13:55:00,26.9
,Oasis (Casablanca)Casablanca,BSalma,https://ma.afribaba.com/casablanca/salma-bon-plaisir-hbe--785568.html,4960,2026-09-20T11:59:00,1.0
,Casablanca,BHanaa,https://ma.afribaba.com/casablanca/hanaa-sexy-girl-deplacement--779560.html,4948,2026-09-08T19:06:00,12.7
,Casablanca,BAïcha,https://ma.afribaba.com/casablanca/aicha-la-put-de-luxe-black-chaude-et-excite--774227.html,4944,2026-08-29T19:15:00,22.7
,Casablanca,BDEPLACEMENT,https://ma.afribaba.com/casablanca/se-deplace-chez-toi-hbe--786526.html,5190,2026-09-21T11:00:23.379344,0.0
,OulfaCasablanca,Bsamira,https://ma.afribaba.com/casablanca/samira-sexy-et-belle-masseuse-disponible-oulfa-casa--781675.html,4929,2026-09-12T21:10:00,8.6
,Casablanca,BSpaa,https://ma.afribaba.com/casablanca/le-bien-etre-massage-hammam-pro-spa--775772.html,4927,2026-09-01T16:53:00,19.8
,CIL (Casablanca)Casablanca,BPlaisir Service,https://ma.afribaba.com/casablanca/photo100-reels-sex-e-vaginale-incroyable-vient-jouir-plaisir--772355.html,4925,2026-08-25T22:18:00,26.6
,Casablanca,BNisrin,https://ma.afribaba.com/casablanca/nisrin-sexy-hot-girl-taille-wa3ra-dial-lhbal-nbr3k--777181.html,4916,2026-09-04T13:48:00,16.9
,Casablanca,BSanaa,https://ma.afribaba.com/casablanca/je-deplace-sanaa-njiik-tal-dar-deplacement--783777.html,4913,2026-09-16T22:36:00,4.6
,Casablanca,BSexy Rime,https://ma.afribaba.com/casablanca/wiam-molat-tarf-sexy--771242.html,4904,2026-08-24T00:24:00,28.5
,BourgogneCasablanca,Bnour,https://ma.afribaba.com/casablanca/sexy-nour-a-bourgogne-nbr3k-bb--779407.html,4899,2026-09-08T14:38:00,12.9
,OulfaCasablanca,BFatin,https://ma.afribaba.com/casablanca/fatin-de-25ans-oulfa--786747.html,4945,2026-09-21T10:46:24.651665,0.1
,Casablanca,PPamela pro,https://ma.afribaba.com/casablanca/-top-massage-et-finition-black-excite-trop-envie-h24--772776.html,4893,2026-08-26T22:11:00,25.6
,Casablanca,BSexy Rime,https://ma.afribaba.com/casablanca/majda-taille-bomba-finition-toop--778979.html,4889,2026-09-07T18:26:00,13.7
,BelvédèreCasablanca,PSamira pro,https://ma.afribaba.com/casablanca/-jolie-black-adore-le-sex-e-belle-masseuse-plaisir-illimite--768579.html,4885,2026-08-18T22:04:00,33.6
,Derb SultanCasablanca,PChristelle Kobenan,https://ma.afribaba.com/casablanca/-bb-viens-jo-uir-dans-vag-in-a-feu--550068.html,4885,2025-05-15T08:30:00,494.1
,CIL (Casablanca)Casablanca,BArme 1616,https://ma.afribaba.com/casablanca/sexy-africaine-plaisir-garanti-avec-belle-black-farah-salam-780322.html,4886,2026-09-10T14:51:00,10.9
,Casablanca,BRim,https://ma.afribaba.com/casablanca/samia-de-21-ans-top-girl--780972.html,4884,2026-09-11T15:17:00,9.9
,Racine (Casablanca)Casablanca,BDoha,https://ma.afribaba.com/casablanca/doha-taille-sexy-deplacement--775673.html,4882,2026-09-01T14:14:00,19.9
,Casablanca,BHouda diamo,https://ma.afribaba.com/casablanca/soumia-la-blonde-chez-moi-beby-bomba--786781.html,4911,2026-09-21T11:42:28.381482,0.0
,Casablanca,B𝓧𝟓𝓖𝓘𝓡𝓛,https://ma.afribaba.com/casablanca/kbida-finition-jamais-tansaha-chez-moi-bebe--770820.html,,,
,Casablanca,BYasmine,https://ma.afribaba.com/casablanca/yasmine-fdari-bb--785245.html,4869,2026-09-19T18:34:00,1.7
,Casablanca,BYasmin,https://ma.afribaba.com/casablanca/yasmin-escort-hlowa-bigg-ass-bombe-n3jbk-sexy--777171.html,4867,2026-09-04T13:28:00,16.9
,Racine (Casablanca)Casablanca,BZanouba,https://ma.afribaba.com/casablanca/zzineb-sexy-girl-je-me-deplace-bb--774908.html,4866,2026-08-30T23:02:00,21.5
,BourgogneCasablanca,BRelax World,https://ma.afribaba.com/casablanca/top-ladies-rabab-finition-vaginale-baby--771397.html,4866,2026-08-24T14:02:00,27.9
,Sidi MaâroufCasablanca,Ppabloannonceur,https://ma.afribaba.com/casablanca/belle-sexy-black-ass-disponible-h24-780298.html,5076,2026-09-21T11:08:30.395840,0.0
,Racine (Casablanca)Casablanca,BHouda diamo,https://ma.afribaba.com/casablanca/ana-wsahbty-deplacement-plan-a3-chez-toi--787052.html,5164,2026-09-21T10:57:30.066241,0.0
,Oasis (Casablanca)Casablanca,BSara,https://ma.afribaba.com/casablanca/sara-coquine-chaude-skinny-tres-mince-bb-disp24-oasis-vgl-sucre-772251.html,4861,2026-08-25T20:04:00,26.7
,Les Roches NoiresCasablanca,BMasse Tika,https://ma.afribaba.com/casablanca/-la-reine-du-s-e-x-e-mia-maria-chez-moi-sans-pression--783382.html,4861,2026-09-15T22:59:00,5.5
,Casablanca,BRim,https://ma.afribaba.com/casablanca/basmaa-de-19-ans-top-girl--781978.html,4851,2026-09-13T14:47:00,7.9
,Casablanca,BSexy Rime,https://ma.afribaba.com/casablanca/hanan-taille-sexy-top-finition--776065.html,4845,2026-09-02T02:35:00,19.4
,Casablanca,BMalika,https://ma.afribaba.com/casablanca/la-sexy-malika-fontaine-et-chaude-hop-finition--779916.html,4844,2026-09-09T15:04:00,11.9
,Casablanca,BHouda diamo,https://ma.afribaba.com/casablanca/malak-24ans-deplacement-bomba-chez-toi--781151.html,4842,2026-09-11T20:29:00,9.6
,Racine (Casablanca)Casablanca,BZanouba,https://ma.afribaba.com/casablanca/zzineb-sexuelle-je-me-deplace--771262.html,4837,2026-08-24T01:08:00,28.5
,Casablanca,BAppartement,https://ma.afribaba.com/casablanca/je-recois-hbe-a-bourgone--784206.html,4837,2026-09-18T04:19:00,3.3
,Casablanca,BRim,https://ma.afribaba.com/casablanca/nada-de-21-ans-top-girl--783692.html,4833,2026-09-16T18:58:00,4.7
,OulfaCasablanca,BDIANA,https://ma.afribaba.com/casablanca/-diana-nouvelle-bombe-hot--786090.html,5093,2026-09-21T10:58:32.903491,0.0
,Casablanca,BMassage a domicile,https://ma.afribaba.com/casablanca/finition-fetiche-je-recois-chez-moi-a-domicile--751228.html,4831,2026-07-17T12:22:00,66.0
,Casablanca,BSe deplace تال عندك,https://ma.afribaba.com/casablanca/je-me-deplace-zin-chez-toi--785217.html,4821,2026-09-19T19:05:00,1.7
,OulfaCasablanca,BPlaisir Service,https://ma.afribaba.com/casablanca/finition-inoubliable-massage-corps-a-corps--776087.html,4809,2026-09-02T07:29:00,19.2
,OulfaCasablanca,BPlaisir Service,https://ma.afribaba.com/casablanca/-bb-creme-sarah-ta-pulpeuse-black-j-amp-039-adore-bai-se-defoncer-780825.html,4814,2026-09-11T11:59:00,10.0
,Casablanca,BSexy Rime,https://ma.afribaba.com/casablanca/ahlam-toop-escort-de-luxe-deplacement--779034.html,4808,2026-09-07T20:08:00,13.7
,OulfaCasablanca,Bgloria,https://ma.afribaba.com/casablanca/-massage-corps-a-corps-parfaite-finition-chez-gloria--776222.html,4807,2026-09-02T15:30:00,18.9
,Casablanca,BSexy Rime,https://ma.afribaba.com/casablanca/nour-hot-escort-vous-attend-pour-un-masseuse-reve--772160.html,4806,2026-08-25T17:17:00,26.8
,Casablanca,BHouda diamo,https://ma.afribaba.com/casablanca/dalaa-deplacement-girl--785857.html,4826,2026-09-20T19:53:00,0.7
,Casablanca,BSouhaila,https://ma.afribaba.com/casablanca/souhaila-aji-daba-mon-amour--787286.html,4907,2026-09-21T10:35:35.594755,0.1
,Casablanca,BVGL,https://ma.afribaba.com/casablanca/nouvelle-escorte-belle-a-casa-tous-vos-besoins-bebe--786906.html,5189,2026-09-21T10:32:36.878751,0.1
,OulfaCasablanca,BSandrine,https://ma.afribaba.com/casablanca/-finition-de-reve-chez-sandrine-24h-24-sur-oulfa-772038.html,4800,2026-08-25T14:28:00,26.9
,BelvédèreCasablanca,BMireille Seri,https://ma.afribaba.com/casablanca/-viens-te-destresser-entre-mes-jambes--772872.html,4794,2026-08-27T01:31:00,25.4
,Casablanca,BSexy Rime,https://ma.afribaba.com/casablanca/plaisir-de-reve-finition-inoubliable--771413.html,4794,2026-08-24T14:24:00,27.9
,Casablanca,BMaram,https://ma.afribaba.com/casablanca/maram-jolie-curvy-blond-sexy-ta-prefere-gouter-vgl-ghandi-775220.html,4786,2026-08-31T18:05:00,20.7
,Casablanca,BSara,https://ma.afribaba.com/casablanca/sara-se-deplace-chez-toi-bb--769884.html,4774,2026-08-21T19:19:00,30.7
,Casablanca,BHiba,https://ma.afribaba.com/casablanca/deplacement-super-plan-service-vip-se-deplace--782197.html,4768,2026-09-13T21:30:00,7.6
,Casablanca,BWissal,https://ma.afribaba.com/casablanca/wissal-a7la-tille-3omri-njibo-m3ak-bb--780413.html,4767,2026-09-10T17:09:00,10.8
,Casablanca,BSPA,https://ma.afribaba.com/casablanca/-spa-massage-hammam-finition-de-reve--774016.html,4765,2026-08-29T14:22:00,22.9
,Casablanca,BAna Sara,https://ma.afribaba.com/casablanca/friza-jdida-aji-hbibi-marhba-nthla-fik--735480.html,4765,2026-06-16T11:48:00,97.0
,OulfaCasablanca,BMiriam,https://ma.afribaba.com/casablanca/miriam-jeune-black-belle-douce-vien-prendre-ton-plaisir--780978.html,4766,2026-09-11T15:29:00,9.9
,Oasis (Casablanca)Casablanca,BJihane,https://ma.afribaba.com/casablanca/jihane-plaisir-illimite--777279.html,4764,2026-09-04T17:20:00,16.8
,Derb SultanCasablanca,PElcaponoir Diamene,https://ma.afribaba.com/casablanca/ladouce-fontaine-au-piment-chaud-disponible-24h24-mer-sultan--786486.html,4821,2026-09-21T10:39:39.336353,0.1
,Oasis (Casablanca)Casablanca,BLina,https://ma.afribaba.com/casablanca/lina-sexy-mannequin-la-belle-adorable-appart-oasis-vgl-hard-774032.html,4745,2026-08-29T15:01:00,22.9
,Casablanca,Bmassage a domicil,https://ma.afribaba.com/casablanca/maya-massage-harmonie-bien-etre-maya-relax-amp-amp-wellness-maya-evasion-mas-726085.html,4744,2026-05-25T16:58:00,118.8
,OulfaCasablanca,BDelajoie Maison,https://ma.afribaba.com/casablanca/safia-douce-africaine-fontaine-pour-votre-plaisir--786835.html,5027,2026-09-21T10:39:40.604956,0.1
,Derb SultanCasablanca,PLatifa Ouedraogo,https://ma.afribaba.com/casablanca/massage-et-plus-mes-amours-749041.html,4741,2026-08-26T02:12:00,26.4
,CIL (Casablanca)Casablanca,BArme 1616,https://ma.afribaba.com/casablanca/plaisir-illumite-rial-oulfa--783454.html,4740,2026-09-16T02:43:00,5.4
,Casablanca,BHouda diamo,https://ma.afribaba.com/casablanca/petit-de-20ans-finition-incroyable-je-recois-beby--785309.html,4735,2026-09-19T20:18:00,1.7
,Casablanca,BNour,https://ma.afribaba.com/casablanca/nour-fille-elegante-chez-moi-24h-787109.html,5043,2026-09-21T11:16:06.041421,0.0
,Oasis (Casablanca)Casablanca,BRania,https://ma.afribaba.com/casablanca/rania-de-23ans-fdari-kbidti--777182.html,4725,2026-09-04T13:43:00,16.9
,OulfaCasablanca,BYasmine,https://ma.afribaba.com/casablanca/yasmine-afro-black-sexy-bio-dispo-h24--785165.html,4756,2026-09-19T19:47:00,1.7
,BourgogneCasablanca,BJihane,https://ma.afribaba.com/casablanca/jihane-sexy-fille-aji-nthalla-fiik-kbida--773365.html,4720,2026-08-28T01:27:00,24.4
,Casablanca,BRimesexy,https://ma.afribaba.com/casablanca/youssra-se-deplace-escort-sexy-deplacement--779393.html,4699,2026-09-08T14:16:00,12.9
,Casablanca,B,https://ma.afribaba.com/casablanca/chic-masseuse-black-africaine-black-chic-chaude-disponible-24h24-776889.html,4691,2026-09-03T20:40:00,17.6
,Casablanca,BAudrey,https://ma.afribaba.com/casablanca/-masseuse-coquine-sexy-chic-disponible-h24--772367.html,4689,2026-08-25T22:52:00,26.5
,Casablanca,BManal,https://ma.afribaba.com/casablanca/nji-tal-andk-bbb-je-deplace-manal-gentil-bzf-24-h--780597.html,4688,2026-09-10T21:46:00,10.6
,Casablanca,BLOVE,https://ma.afribaba.com/casablanca/doha-sexy-tres-bonne-taille-tranquille-et-securise-786241.html,4907,2026-09-21T11:30:43.387682,0.0
,Casablanca,Bnour,https://ma.afribaba.com/casablanca/je-deplace-bomb-njik-tal-endk-deplacement--766826.html,4686,2026-08-15T20:26:00,36.6
,Casablanca,BJunior Mazam,https://ma.afribaba.com/casablanca/cc-mes-loves-ces-la-sexy-samira-et-chaude-pour-vous-mes-bb--785284.html,4695,2026-09-19T19:36:00,1.7
,Sidi MaâroufCasablanca,BFifi La Coquette,https://ma.afribaba.com/casablanca/massage-chez-clara-773191.html,4680,2026-08-27T21:11:00,24.6
,Casablanca,BAbdelmomen,https://ma.afribaba.com/casablanca/abdelmomen-de-24ans--773057.html,4671,2026-08-27T15:39:00,24.8
,Casablanca,BSpa maarif,https://ma.afribaba.com/casablanca/spa-massage-prive-relaxation-total-hammam-royal--780417.html,4666,2026-09-10T17:14:00,10.8
,OulfaCasablanca,BPlaisir Service,https://ma.afribaba.com/casablanca/-sexy-masseuse-raffinee-chaud-tout-positions-fatales-finition--775795.html,4664,2026-09-01T17:41:00,19.8
,Casablanca,BMaha,https://ma.afribaba.com/casablanca/maha-la-belle-small-girl-ravissante-coquine-sex-v-g-maarif-773713.html,4645,2026-08-28T20:34:00,23.6
,Casablanca,BSexy Rime,https://ma.afribaba.com/casablanca/riham-taille-sexy-top-finition--771186.html,4642,2026-08-23T22:46:00,28.6
,OulfaCasablanca,PLary Bilong,https://ma.afribaba.com/casablanca/hira-chaud-girl-afro-dispo-h24-massage-a-domicille--769508.html,4642,2026-08-20T22:13:00,31.6
,Casablanca,BRim,https://ma.afribaba.com/casablanca/basmaa-de-21-ans-top-girl--786826.html,4887,2026-09-21T10:32:45.712008,0.1
,Casablanca,BMaya Khalifa,https://ma.afribaba.com/casablanca/siham-je-fait-lavant-et-l-arriere-je-recois--786732.html,4912,2026-09-21T11:09:46.722227,0.0
,Casablanca,BSe deplace تال عندك,https://ma.afribaba.com/casablanca/maram-se-deplace-chez-vous--779520.html,4628,2026-09-08T17:57:00,12.8
,Casablanca,BAya,https://ma.afribaba.com/casablanca/aya-la-reine-sexuel-belle-fesse-a-b-iser-plaiisr-vgl-aannaaal--778803.html,4628,2026-09-07T13:35:00,13.9
,Casablanca,BGhada,https://ma.afribaba.com/casablanca/se-deplace-top-escort-deplacement--784386.html,4626,2026-09-18T09:53:00,3.1
,Casablanca,BRim,https://ma.afribaba.com/casablanca/lamia-de-19-ans-top-girl--785221.html,4626,2026-09-19T17:25:00,1.8
,Aïn DiabCasablanca,BSexygirlsVIP,https://ma.afribaba.com/casablanca/les-packs-amp-amp-sexcam-appel-video-siftli-bghit-pack-bch-njawbk--779892.html,4640,2026-09-21T10:47:47.675943,0.1
,Casablanca,BSalut098,https://ma.afribaba.com/casablanca/zin-ou-latay-bb-ghadi-thma9-3liya-trja3-frhan-766568.html,4614,2026-08-15T13:47:00,36.9
,Casablanca,BSofia,https://ma.afribaba.com/casablanca/sofia-sexy-hot-girl-molat-terma-mliha-skhona-nbr3k--784489.html,4607,2026-09-18T13:30:00,2.9
,Casablanca,BHakimi Ali,https://ma.afribaba.com/casablanca/ahlam-escort-ji-nbar3aak-fdari-bb--769774.html,4606,2026-08-21T15:01:00,30.9
,Casablanca,BRim,https://ma.afribaba.com/casablanca/rim-de-23ans-vas-y-bebe--774850.html,4594,2026-08-30T21:45:00,21.6
,Casablanca,BRim,https://ma.afribaba.com/casablanca/boutainaa-de-19-ans-top-girl--781484.html,4594,2026-09-12T14:34:00,8.9
,Casablanca,BAya,https://ma.afribaba.com/casablanca/-aya-21ans-se-deplace-votre-escort-deplacement--768390.html,4586,2026-08-18T17:24:00,33.8
,Casablanca,BHouda diamo,https://ma.afribaba.com/casablanca/anassi-bomba-finition-inoubliable--786728.html,4876,2026-09-21T11:00:49.240845,0.0
,OulfaCasablanca,BPlaisir Service,https://ma.afribaba.com/casablanca/escorte-girl-sensualite-massage-finition-garantie--784389.html,4557,2026-09-18T09:59:00,3.1
,BourgogneCasablanca,BBeautiful Sensation,https://ma.afribaba.com/casablanca/titiza-je-recois-chez-moi--778255.html,4553,2026-09-06T12:51:00,15.0
,CIL (Casablanca)Casablanca,BSara,https://ma.afribaba.com/casablanca/amal-de-25-ans-plaisir-intense--698362.html,4553,2026-03-30T16:40:00,174.8
,OulfaCasablanca,BPlaisir Service,https://ma.afribaba.com/casablanca/seance-vip-escorte-hot-finition-masseuse-professionnel-h24--779244.html,4553,2026-09-08T01:48:00,13.4
,Casablanca,BSe deplace تال عندك,https://ma.afribaba.com/casablanca/wijdane-se-deplaace-chez-toi-3ndk-a-casa--787003.html,4817,2026-09-21T11:25:51.780391,0.0
,OulfaCasablanca,BPlaisir Service,https://ma.afribaba.com/casablanca/fatima-finition-massage-escorte-girl-chic-masseuse--775044.html,4549,2026-08-31T12:38:00,21.0
,Casablanca,BHouda diamo,https://ma.afribaba.com/casablanca/se-deplace-votre-escort-girl-sexy-deplacement--784916.html,4545,2026-09-19T00:36:00,2.5
,Casablanca,Bmassage a domicil,https://ma.afribaba.com/casablanca/camilia-nouvelle-a-casablanca-massage-amp-amp-compagnie-haut-de-gamme-773567.html,4543,2026-08-28T16:10:00,23.8
,Casablanca,BMajdoulin,https://ma.afribaba.com/casablanca/majdoulin-toop-escort-sexy-deplacement--778526.html,4541,2026-09-06T20:11:00,14.7
,Casablanca,BMiral,https://ma.afribaba.com/casablanca/miral-se-deplace-chez-toi-habibi--784240.html,4536,2026-09-17T22:12:00,3.6
,Casablanca,BAna Sara,https://ma.afribaba.com/casablanca/kbida-aji-3andi-tchof-zin-ou-latay-bb-friza--732065.html,4533,2026-06-09T12:30:00,104.0
,BourgogneCasablanca,BLyne Kloe,https://ma.afribaba.com/casablanca/aicha-fontaine-et-chaude-disponible-anfa-casablanca-776669.html,4532,2026-09-07T10:20:00,14.1
,Aïn DiabCasablanca,PMR SSS,https://ma.afribaba.com/casablanca/dkhol-endi-prv-db-f-tekegram-njiboh-f-cam-sexy-ana-skhouna-786173.html,4740,2026-09-21T10:31:54.287592,0.1
,Casablanca,BPro,https://ma.afribaba.com/casablanca/hayat-votre-maseuse-preferee24-h-happy--785273.html,4537,2026-09-19T19:19:00,1.7
,Casablanca,BKouloud,https://ma.afribaba.com/casablanca/kholoud-deplacement-girl-bomb--775873.html,4520,2026-09-01T19:41:00,19.7
,Casablanca,BCharles Douglas,https://ma.afribaba.com/casablanca/asmae-sexy-vip-7lwa-mtskhach-bia-kn7m9--784396.html,4526,2026-09-18T10:30:00,3.1
,Casablanca,Bwiam,https://ma.afribaba.com/casablanca/wiam-sexy-bomba--767878.html,4516,2026-08-17T19:47:00,34.7
,Casablanca,Bmassage a domicil,https://ma.afribaba.com/casablanca/j-ai-aussi-un-petit-cote-dominant-j-aime-prendre-les-commandes-impo-771585.html,4509,2026-08-24T18:35:00,27.7
,Casablanca,BRimesexy,https://ma.afribaba.com/casablanca/dounia-bomba-deplacement--778493.html,4507,2026-09-06T19:15:00,14.7
,Casablanca,BAppartement,https://ma.afribaba.com/casablanca/yasmine-spa-massage-avec-d-amp-039-autres-services-baaby--783221.html,4499,2026-09-15T19:16:00,5.7
,Casablanca,BAna Sara,https://ma.afribaba.com/casablanca/bogosa-bb-maghdich-tndm-zin-ou-latay-hiya-ana--733977.html,4493,2026-06-13T12:39:00,100.0
,Casablanca,BService de qualité,https://ma.afribaba.com/casablanca/massage-chaud-finition-reve-escort-black-sur-casablanca-779960.html,4490,2026-09-09T16:37:00,11.8
,Casablanca,BKholoud,https://ma.afribaba.com/casablanca/kholoud-deplacement-sexy-chez-toi--780124.html,4489,2026-09-09T23:04:00,11.5
,OulfaCasablanca,BPlaisir Service,https://ma.afribaba.com/casablanca/massage-corps-a-corps-finition-garantie-plaisir100-chez-moi--775532.html,4487,2026-09-01T05:26:00,20.3
,Casablanca,BSexy Rime,https://ma.afribaba.com/casablanca/manar-se-deplace-nji-endk-deplacement--776825.html,4486,2026-09-03T19:27:00,17.7
,Casablanca,BMassage a domicile,https://ma.afribaba.com/casablanca/sexy-escorte-je-recois-chez-moi-a-domicile-plaisir-sans-limite--754971.html,4484,2026-07-24T12:41:00,59.0
,OulfaCasablanca,BPlaisir Service,https://ma.afribaba.com/casablanca/photo-reels-chic-finition-massage-relaxant-domicile--771117.html,4474,2026-08-23T20:34:00,28.6
,Casablanca,BLina dep,https://ma.afribaba.com/casablanca/sensation-de-reve-se-deplace-vip--786946.html,4518,2026-09-21T11:37:58.637361,0.0
,Casablanca,PAsia E,https://ma.afribaba.com/casablanca/se-cam-est-les-packs-dispoo-endii-f-telegram-confiance-bien-suuur--775695.html,4451,2026-09-01T14:44:00,19.9
,OulfaCasablanca,BPlaisir Service,https://ma.afribaba.com/casablanca/lydia-sexy-black-beauty-massage-relaxant-finition-a-domicile--780188.html,4445,2026-09-10T04:39:00,11.3
,Casablanca,BLina,https://ma.afribaba.com/casablanca/lina-se-deplace-sexy-blonde--787121.html,4686,2026-09-21T10:46:59.286154,0.1
,OulfaCasablanca,BPlaisir Service,https://ma.afribaba.com/casablanca/-finition-sucre-coquine-massage-complet--773205.html,4433,2026-08-27T20:12:00,24.7
,BelvédèreCasablanca,PAdil,https://ma.afribaba.com/casablanca/detente-et-plaisir-a-la-carte-447094.html,4432,2025-07-11T23:37:00,436.5
,Casablanca,BSoso4,https://ma.afribaba.com/casablanca/titizaaa-belle-et-sexy-telegram-ddisponiblee-pour-les-pack-ett-camm-776668.html,4429,2026-09-03T16:58:00,17.8
,Casablanca,BBoutaina,https://ma.afribaba.com/casablanca/boutaina-je-fait-lavant-et-l-arriere-je-recois--787295.html,4517,2026-09-21T11:29:00.314413,0.0
,Casablanca,Psarah massage,https://ma.afribaba.com/casablanca/hottty-sexxxyy-dina-chez-vous--786011.html,4466,2026-09-21T03:47:00.309953,0.3
,Casablanca,BRim,https://ma.afribaba.com/casablanca/saamia-de-21-ans-top-girl--786151.html,4577,2026-09-21T11:36:00.679494,0.0
,OulfaCasablanca,Bsamira,https://ma.afribaba.com/casablanca/samira-sexy-et-belle-masseuse-disponible-oulfa--773432.html,4410,2026-08-28T12:28:00,24.0
,Casablanca,BNice Lady,https://ma.afribaba.com/casablanca/marwa-titiza-bomba-dispo-24h-24-aji-knstnak-786590.html,4638,2026-09-21T11:45:02.332045,0.0
,Casablanca,BFatima,https://ma.afribaba.com/casablanca/top-plaisir-belle-sensation-je-suis-disponible-a-t-obeir-bb--784232.html,4396,2026-09-17T22:00:00,3.6
,Casablanca,PLova pro,https://ma.afribaba.com/casablanca/-le-bon-sex-e-black-excite-incroyable-au-lit-2mars-shell--771694.html,4388,2026-08-24T21:04:00,27.6
,Casablanca,BBLUE DIAMOND,https://ma.afribaba.com/casablanca/-belle-ebony-massage-sensuel-plaisir-intense-h24--786578.html,4651,2026-09-21T10:40:02.266243,0.1
,Casablanca,BLilya,https://ma.afribaba.com/casablanca/lilya-chaude-coquine-top-one-sexy-jolie-fesse-vgl-bb-ghandi-774183.html,4376,2026-08-29T18:16:00,22.7
,Casablanca,BHouda diamo,https://ma.afribaba.com/casablanca/heeba-la-mignonne-se-deplace--786439.html,4397,2026-09-21T10:45:04.126484,0.1
,Casablanca,PJulie pro,https://ma.afribaba.com/casablanca/belle-masseuse-h24--774576.html,4362,2026-08-30T14:30:00,21.9
,Casablanca,BSe deplace تال عندك,https://ma.afribaba.com/casablanca/se-deeplace-bb-chez-toi--784448.html,4369,2026-09-18T12:04:00,3.0
,Casablanca,BRim,https://ma.afribaba.com/casablanca/omnia-de-19-ans-top-girl--784556.html,4349,2026-09-18T15:13:00,2.9
,Casablanca,BHanaa,https://ma.afribaba.com/casablanca/hanaa-finition-incroyable--777347.html,4344,2026-09-04T18:05:00,16.7
,Casablanca,BHiba,https://ma.afribaba.com/casablanca/deplacement-vip-se-deplace-honey-sexy-girl--776359.html,4340,2026-08-30T21:17:00,21.6
,BelvédèreCasablanca,BSamyra,https://ma.afribaba.com/casablanca/samyra-azin-zuina-h0t-black-nouvel-a-casa-recois-h24-786517.html,4545,2026-09-21T10:51:05.529645,0.0
,Oasis (Casablanca)Casablanca,BWiam,https://ma.afribaba.com/casablanca/wiam-a7la-sensation-baby--786764.html,4612,2026-09-21T11:01:05.618355,0.0
,Casablanca,BSexy Rime,https://ma.afribaba.com/casablanca/-hot-escort-sexy-vous-attend-pour-un-massage-de-reve--773007.html,4332,2026-08-27T14:18:00,24.9
,BourgogneCasablanca,Psmartdeal,https://ma.afribaba.com/casablanca/titiza-je-recois-chez-moi--779882.html,4314,2026-09-09T14:23:00,11.9
,Casablanca,Bmassage a domicil,https://ma.afribaba.com/casablanca/je-sais-comment-vous-detendre-et-vous-mettre-a-l-amp-039-aise-d-amp-039-apres-778804.html,4304,2026-09-07T13:27:00,13.9
,Casablanca,BSPA,https://ma.afribaba.com/casablanca/spa-massage-relaxant-hammam-amp-amp-detente--784030.html,4287,2026-09-17T15:46:00,3.8
,Casablanca,BSe deplace تال عندك,https://ma.afribaba.com/casablanca/tal-3andak-hbiba-je-deplace--776695.html,4286,2026-09-03T16:17:00,17.8
,Casablanca,BOulfa,https://ma.afribaba.com/casablanca/oulfa-titiza-vip-le-bon-plaisir--786740.html,4556,2026-09-21T11:32:06.704889,0.0
,Racine (Casablanca)Casablanca,BKing Ann,https://ma.afribaba.com/casablanca/leila-bougossa-sexy-7lowa-bon-taille-cherie-casablanca--786550.html,4472,2026-09-21T10:38:07.536546,0.1
,OulfaCasablanca,BBLUE DIAMOND,https://ma.afribaba.com/casablanca/fatima-chatte-serrer-excitee-finition-disponible-24-24-786303.html,4331,2026-09-21T10:43:07.259360,0.1
,Casablanca,BSe déplace chez toi,https://ma.afribaba.com/casablanca/je-me-deplace-chez-toi-h24-sexy-escorte--787135.html,4341,2026-09-21T11:06:07.740889,0.0
,OulfaCasablanca,BPlaisir Service,https://ma.afribaba.com/casablanca/-organe-plaisir-sexuelle-hot-finition-incroyable-au-lit--776591.html,4262,2026-09-03T13:49:00,17.9
,Casablanca,PAmifou Sange,https://ma.afribaba.com/casablanca/-nouvelles-beaute-magnifique-massage-pure--780648.html,4255,2026-09-10T22:50:00,10.5
,Casablanca,BMalak,https://ma.afribaba.com/casablanca/-malak-jeune-de-24ans--778548.html,4248,2026-09-06T20:42:00,14.6
,Aïn DiabCasablanca,PSawsane packs,https://ma.afribaba.com/casablanca/aji-abb-njiboh-bjoj-f-appl-vidoo-9ra-ltht-darori--785104.html,4234,2026-09-19T14:23:00,1.9
,OulfaCasablanca,Bzeinab,https://ma.afribaba.com/casablanca/zeinab-jolie-black-sensuel-finition-a-domicile-h24-oulfa--776041.html,4234,2026-09-02T00:55:00,19.5
,Casablanca,BNice Lady,https://ma.afribaba.com/casablanca/fille-sexy-a-bourgogne-bayda-7lib--783183.html,4224,2026-09-15T18:15:00,5.7
,Casablanca,BLamiaa,https://ma.afribaba.com/casablanca/lamiaa-tres-douce-je-recois-bebe--778199.html,4224,2026-09-06T10:39:00,15.1
,OulfaCasablanca,BBébé Miriam Mariam,https://ma.afribaba.com/casablanca/-yasmine-belle-black-sensuel-chaude-finition-784719.html,4220,2026-09-18T19:41:00,2.7
,Les Roches NoiresCasablanca,BMasse Tika,https://ma.afribaba.com/casablanca/-angelas-la-sexy-nana-black-disponible-h24-douceur--786586.html,4425,2026-09-21T11:37:10.215278,0.0
,OulfaCasablanca,Bcâline,https://ma.afribaba.com/casablanca/-caline-nouvelle-masseuse-black-tres-sensible--771196.html,4220,2026-08-23T22:45:00,28.6
,Casablanca,BAmina,https://ma.afribaba.com/casablanca/-amina-plaisir-sans-limite-taille-lhbal--776745.html,4216,2026-09-03T17:50:00,17.8
,OulfaCasablanca,Bla biche noir,https://ma.afribaba.com/casablanca/massage-baizz-sucette-dispo-h24-chez-la-biche--779859.html,4212,2026-09-09T13:24:00,11.9
,Casablanca,BLe Roi Du nord,https://ma.afribaba.com/casablanca/-bintou-black-grosse-fesses-disponible-24-24--772066.html,4212,2026-08-25T15:01:00,26.9
,BelvédèreCasablanca,PMimi Spa,https://ma.afribaba.com/casablanca/lola-je-me-deplacee--774964.html,4211,2026-08-28T01:50:00,24.4
,Casablanca,BAudrey,https://ma.afribaba.com/casablanca/audrey-african-black-chaude-massage-finition-maarif--785825.html,4210,2026-09-20T19:08:00,0.7
,Casablanca,BHakimi Ali,https://ma.afribaba.com/casablanca/nirmine-bomba-sexy--769936.html,4195,2026-08-21T19:53:00,30.7
,Casablanca,BLe Roi Du nord,https://ma.afribaba.com/casablanca/-amanda-sexy-black-africaine-disponible-24-24--781896.html,4177,2026-09-13T12:34:00,8.0
,Aïn DiabCasablanca,PFarah010,https://ma.afribaba.com/casablanca/-sex-cam-et-pack--779712.html,4163,2026-09-06T00:06:00,15.5
,Casablanca,BFlora,https://ma.afribaba.com/casablanca/-esc-ort-girl-h24-massage-sensuel--777016.html,4154,2026-09-04T00:08:00,17.5
,Casablanca,BNoha,https://ma.afribaba.com/casablanca/hajar-je-deplace-dispo-24-h-nji-tal-andk-hbiba-782119.html,4152,2026-09-13T19:32:00,7.7
,OulfaCasablanca,BPlaisir Service,https://ma.afribaba.com/casablanca/chic-finition-inoubliable-massage-tonic-plaisir-intense--777737.html,4152,2026-09-05T13:25:00,15.9
,Casablanca,BVip,https://ma.afribaba.com/casablanca/plan-vip-chez-moi-24h-787063.html,4567,2026-09-21T10:51:14.410914,0.0
,Casablanca,BSalma,https://ma.afribaba.com/casablanca/salma-sexy-escort-irresistible-des-fesse-bombe-vgl-intime-baby--780264.html,4148,2026-09-10T13:38:00,10.9
,OulfaCasablanca,BPlaisir Service,https://ma.afribaba.com/casablanca/sexy-africa-taille-fine-skinny-chatte-serre-finition-position--770770.html,,,
,Casablanca,BHiba,https://ma.afribaba.com/casablanca/vip-de-23ans-nthalla-fik-baby--777474.html,4144,2026-09-04T20:05:00,16.7
,Casablanca,BMalika,https://ma.afribaba.com/casablanca/-malika-bombe-du-massage-hop-finition--774247.html,4134,2026-08-29T19:57:00,22.7
,CIL (Casablanca)Casablanca,Bmassage a domicil,https://ma.afribaba.com/casablanca/chaud-avec-une-fin-heureuse-de-votre-choix-de-ma-part-j-ai-tres-chaud-137064.html,4133,2023-07-18T00:51:00,1161.5
,OulfaCasablanca,BPlaisir Service,https://ma.afribaba.com/casablanca/bonne-baisseuse-prete-a-etre-devorer-black-trop-excite-h24-771533.html,4118,2026-08-24T17:21:00,27.8
,Casablanca,PJessica pro,https://ma.afribaba.com/casablanca/-reine-de-b-aise-prete-a-etre-devoree-black-excite--779248.html,4114,2026-09-08T02:08:00,13.4
,Casablanca,BMalak,https://ma.afribaba.com/casablanca/malak-de-24ans-nthalla-fik-bb--776865.html,4108,2026-09-03T20:07:00,17.7
,OulfaCasablanca,Pprincesse,https://ma.afribaba.com/casablanca/princesse-black-sensuel-finition-a-domicile-h24-oulfa-azhar--780797.html,4104,2026-09-11T11:13:00,10.0
,Les Roches NoiresCasablanca,BMasse Tika,https://ma.afribaba.com/casablanca/-massage-et-finition-chez-moi-bb-viens-me--784761.html,4102,2026-09-18T20:51:00,2.6
,OulfaCasablanca,BLucie,https://ma.afribaba.com/casablanca/-lucie-masseuse-africaine-sexy-disponible-a-casa-oulfa--779870.html,4095,2026-09-09T13:48:00,11.9
,Casablanca,BQueen hard,https://ma.afribaba.com/casablanca/pret-a-vivre-une-aventure-hors-du-commun-616898.html,4087,2026-08-27T16:17:00,24.8
,Casablanca,BCynthia,https://ma.afribaba.com/casablanca/chic-belle-masseuse-finition-chaud-africain-black-satisfaction-24-24-744685.html,4083,2026-07-21T14:15:00,61.9
,OulfaCasablanca,BPlaisir Service,https://ma.afribaba.com/casablanca/massage-corps-a-corps-meilleur-finition-vaginale-deguster-780085.html,4082,2026-09-09T21:49:00,11.6
,Casablanca,Bmassage a domicil,https://ma.afribaba.com/casablanca/vous-recherchiez-un-moment-de-detente-une-compagnie-elegante-ou-simpl-770972.html,4080,2026-08-23T16:06:00,28.8
,Casablanca,BSe deplace,https://ma.afribaba.com/casablanca/se-deplaaaace-huuby-chez-toi--780816.html,4079,2026-09-11T16:25:00,9.8
,Casablanca,BCharles Douglas,https://ma.afribaba.com/casablanca/se-deplace-super-plan-deplacement-sweet--784723.html,4076,2026-09-18T20:24:00,2.7
,Casablanca,PNatacha pro,https://ma.afribaba.com/casablanca/massage-sensuel-772406.html,4074,2026-08-26T00:14:00,26.5
,Casablanca,BRim,https://ma.afribaba.com/casablanca/ikram-de-21-ans-top-girl--785666.html,4077,2026-09-20T13:54:00,0.9
,OulfaCasablanca,Bkhadija,https://ma.afribaba.com/casablanca/-finition-de-reve-dispo-chez-khadija-h24-casa--780822.html,4070,2026-09-11T11:56:00,10.0
,Casablanca,BDÉPLACEMENT,https://ma.afribaba.com/casablanca/s-xy-coquine-cute-ass-chaude-ce-deplace--787019.html,4115,2026-09-21T11:28:20.241021,0.0
,Casablanca,Psarah massage,https://ma.afribaba.com/casablanca/hotty-sexxxyyy-manal-chez-vous--787090.html,4128,2026-09-21T10:38:20.816689,0.1
,Casablanca,BHouda diamo,https://ma.afribaba.com/casablanca/zineb-de-20ans-sexy-girl-je-deplace-chez-toi--785418.html,4078,2026-09-19T23:09:00,1.5
,OulfaCasablanca,BPlaisir Service,https://ma.afribaba.com/casablanca/bon-gout-finition-massage-chez-moi--772867.html,4056,2026-08-27T01:13:00,25.4
,OulfaCasablanca,Bfanny,https://ma.afribaba.com/casablanca/-masseuse-chic-jolie-jeune-africaine-dispo-oulfa-h24-770821.html,,,
,Casablanca,BYasmine,https://ma.afribaba.com/casablanca/-f-u-c-k-f-u-c-k-zuina-africa-m-assage-bl0w-j0b-785371.html,4040,2026-09-19T22:04:00,1.6
,OulfaCasablanca,BMus Money,https://ma.afribaba.com/casablanca/julienne-taille-fine-massage-a-domicile-plaisir-assurer--776676.html,4023,2026-09-08T14:10:00,12.9
,Oasis (Casablanca)Casablanca,BRoumaisa,https://ma.afribaba.com/casablanca/roumaisa-sensation-thablik-fdari-bebe--775023.html,4017,2026-08-31T11:59:00,21.0
,Casablanca,BMireille Seri,https://ma.afribaba.com/casablanca/-viens-destresser-tout-les-merde-de-la-semaine--778819.html,4013,2026-09-07T13:52:00,13.9
,CIL (Casablanca)Casablanca,BGhita,https://ma.afribaba.com/casablanca/ghita-la-creme-sexy-small-la-meilleure-vgl-sucre-disp-beausejour-781930.html,4010,2026-09-13T14:38:00,7.9
,CIL (Casablanca)Casablanca,BGhita,https://ma.afribaba.com/casablanca/ghita-ravissante-girl-belle-small-tres-douce-sex-vgl-beausejour-780503.html,4010,2026-09-10T19:54:00,10.7
,BourgogneCasablanca,BBeautiful Sensation,https://ma.afribaba.com/casablanca/nouhad-escort-taille-magnifique-bien-fait-vag-767106.html,4003,2026-08-16T12:56:00,36.0
,Aïn DiabCasablanca,Pallo incou,https://ma.afribaba.com/casablanca/plaisir-partage-uniquement-pour-femme-discretion-assuree--460337.html,3996,2025-09-11T19:27:00,374.7
,Sidi MaâroufCasablanca,BPlaisir Service,https://ma.afribaba.com/casablanca/finition-massage-sucree-belle-masseuse-africa--772346.html,3989,2026-08-25T22:09:00,26.6
,OulfaCasablanca,BPlaisir Service,https://ma.afribaba.com/casablanca/finition-chaud-massage-corps-a-corps-ch-atte-mouille--784391.html,3992,2026-09-18T10:04:00,3.1
,Casablanca,PHiba,https://ma.afribaba.com/casablanca/finition-inooubliiablie-serrvice-de-reve-bon-plan-chez-moi-776480.html,3973,2026-09-03T02:33:00,18.4
,Casablanca,BHouda diamo,https://ma.afribaba.com/casablanca/spa-massage-hammam-finition-de-reve-photo-reelle--781901.html,3968,2026-09-13T12:36:00,8.0
,Hay El HassaniCasablanca,BGhazi Jocker,https://ma.afribaba.com/casablanca/massage-sensuel-162560.html,3959,2021-11-30T23:28:00,1755.5
,Casablanca,PRaine Dominatrice ébène,https://ma.afribaba.com/casablanca/je-suis-une-fetarde-prete-a-vivre-des-experiences-inoubliables-avec-vo-787124.html,4249,2026-09-21T11:06:24.991514,0.0
,Casablanca,BAïcha,https://ma.afribaba.com/casablanca/-top-chocolat-au-gout-du-miel-dispo-pour-toi-bb--773086.html,3957,2026-08-27T16:36:00,24.8
,Casablanca,BKing Ann,https://ma.afribaba.com/casablanca/wiam-de-24-ans-sexy-hlowa-bon-taille-cherie-chez-moi-786557.html,3968,2026-09-21T11:29:26.450041,0.0
,OulfaCasablanca,BMassage pro,https://ma.afribaba.com/casablanca/fatii-jolie-black-sensuel-finition-a-domicile-771051.html,3951,2026-08-23T18:41:00,28.7
,OulfaCasablanca,Bcarole,https://ma.afribaba.com/casablanca/-carole-la-sublime-masseuse-black-haut-finition-dispo-h24-775571.html,3946,2026-09-01T12:07:00,20.0
,Casablanca,BKamelya,https://ma.afribaba.com/casablanca/-corps-delice-gout-de-miel-chez-moi-bb--786921.html,4308,2026-09-21T10:48:27.454440,0.0
,Casablanca,BMajda,https://ma.afribaba.com/casablanca/deplacement-bon-plan-vip-se-deplace--786053.html,3933,2026-09-21T10:31:27.347360,0.1
,Casablanca,BLe Roi Du nord,https://ma.afribaba.com/casablanca/-mahi-femme-fontaine-disponible-24-24--786889.html,4284,2026-09-21T11:09:27.408926,0.0
,Casablanca,BSamira,https://ma.afribaba.com/casablanca/belle-samira-chaude-b-ise-vip-h24--778342.html,3921,2026-09-06T15:58:00,14.8
,Casablanca,BLaura,https://ma.afribaba.com/casablanca/-belle-masseuse-africaine-coquine-disponible-24h-24-776212.html,3919,2026-09-02T15:18:00,18.9
,OulfaCasablanca,BBébé Miriam Mariam,https://ma.afribaba.com/casablanca/kadi-jolie-masseuse-black-sur-casablanca--786652.html,4128,2026-09-21T11:17:28.826693,0.0
,Casablanca,BAya,https://ma.afribaba.com/casablanca/aya-de-20ans-petite-fille-fdari-maarif--786919.html,4185,2026-09-21T10:18:29.072450,0.1
,Casablanca,Bhoney,https://ma.afribaba.com/casablanca/jeune-homme-gay-trans-disponible-h24-sur-rabat--784704.html,3918,2026-09-15T20:09:00,5.7
,BelvédèreCasablanca,PLouna pro,https://ma.afribaba.com/casablanca/-reine-de-la-b-aise-extreme-orgasme-trop-envie-h24--776116.html,3904,2026-09-02T11:35:00,19.0
,Casablanca,PMassagepromax,https://ma.afribaba.com/casablanca/massage-pour-femme--546322.html,3903,2025-05-07T17:58:00,501.8
,Oasis (Casablanca)Casablanca,BChams,https://ma.afribaba.com/casablanca/chams-de-22ans-corps-delice--785052.html,3902,2026-09-19T13:27:00,1.9
,Casablanca,BDimaria Angel,https://ma.afribaba.com/casablanca/solange-la-chaude-black-africaine-disponible-h24-sur-belvedere-784871.html,3898,2026-09-18T23:17:00,2.5
,OulfaCasablanca,BPlaisir Service,https://ma.afribaba.com/casablanca/top-masseuse-chaud-finition-sexe-qualite-chez-moi--771063.html,3894,2026-08-23T18:59:00,28.7
,Casablanca,BNajlaa,https://ma.afribaba.com/casablanca/najlaa-je-deplace-emry--784705.html,3884,2026-09-18T19:22:00,2.7
,OulfaCasablanca,Bmery,https://ma.afribaba.com/casablanca/mature-a-ra7ma--787045.html,3993,2026-09-19T22:58:00,1.5
,Casablanca,Pmassage a domicil,https://ma.afribaba.com/casablanca/je-ne-cherche-pas-a-etre-remarque-ma-presence-s-amp-039-en-charge--732407.html,3878,2026-06-09T22:26:00,103.6
,OulfaCasablanca,BPlaisir Service,https://ma.afribaba.com/casablanca/-sexy-big-ass-magnifique-massage-chic-finition-de-reve--779235.html,3872,2026-09-08T01:19:00,13.4
,Casablanca,BSexy Rime,https://ma.afribaba.com/casablanca/spa-maarif-massage-bien-etre-hammam-premium--777160.html,3859,2026-09-04T15:25:00,16.9
,BourgogneCasablanca,BHakimi Ali,https://ma.afribaba.com/casablanca/nissrin-taille-ji-nbar3aak-fdari-bb--766410.html,3857,2026-08-15T00:03:00,37.5
,Casablanca,BAudrey,https://ma.afribaba.com/casablanca/audrey-new-sexy-escorte-belle-hot-reelle-785839.html,3868,2026-09-20T19:29:00,0.7
,Casablanca,BSexy Rime,https://ma.afribaba.com/casablanca/maha-se-deplace-chez-toi--772249.html,3853,2026-08-25T19:58:00,26.7
,BelvédèreCasablanca,BSara,https://ma.afribaba.com/casablanca/la-belle-sara-votre-top-escorte-sur-casablanca-chez-moi-appel-mo-764315.html,3857,2026-08-08T01:14:00,44.4
,Casablanca,BSidi rehal,https://ma.afribaba.com/casablanca/sidi-rehal-tamaris-miima-7nina-f-dari--787451.html,4184,2026-09-21T10:40:34.170262,0.1
,Casablanca,Bhala,https://ma.afribaba.com/casablanca/hala-molat-tarf--769019.html,3849,2026-08-19T22:45:00,32.6
,Casablanca,PKarim,https://ma.afribaba.com/casablanca/massage-pour-femme-463950.html,3844,2024-09-28T20:48:00,722.6
,BourgogneCasablanca,PLyne Kloe,https://ma.afribaba.com/casablanca/angela-chaude-africaine-naturelle-disponible-a-anfa-casablanca-768857.html,3844,2026-08-19T16:00:00,32.8
,Casablanca,PAlice,https://ma.afribaba.com/casablanca/une-affection-dousse-sur-casablanca-jeune-escorte-africaine--771104.html,3843,2026-08-23T20:08:00,28.7
,Casablanca,BDÉPLACEMENT,https://ma.afribaba.com/casablanca/belle-petite-chaude-adorable-ce-deplace--787001.html,3894,2026-09-21T10:44:35.852084,0.1
,Casablanca,BTrue love,https://ma.afribaba.com/casablanca/-cristina-nouvelle-masseuse-finition-bombas--777998.html,3835,2026-09-05T20:07:00,15.7
,BourgogneCasablanca,BNadia,https://ma.afribaba.com/casablanca/black-coquine-finition-sensuelle-je-suis-disponible-bb--779126.html,3826,2026-09-07T22:11:00,13.6
,Casablanca,BVGL,https://ma.afribaba.com/casablanca/hay-bb-bon-plan-topvybs-appl-moi--787241.html,4215,2026-09-21T11:23:36.054899,0.0
,Casablanca,BLaura,https://ma.afribaba.com/casablanca/-massage-corps-a-corps-finition--774586.html,3816,2026-08-30T14:49:00,21.9
,OulfaCasablanca,Brana,https://ma.afribaba.com/casablanca/-rana-masseuse-africaine-sexy-disponible-a-casa-oulfa--772607.html,3809,2026-08-26T15:38:00,25.8
,OulfaCasablanca,BPlaisir Service,https://ma.afribaba.com/casablanca/skinny-belle-sexy-afro-black-dispo-h24-finition-776545.html,3799,2026-09-03T12:30:00,18.0
,Casablanca,PAnita pro,https://ma.afribaba.com/casablanca/-trop-envie-bb-belle-masseuse-ebene-excite-gironde--784294.html,3773,2026-09-17T23:18:00,3.5
,Casablanca,BSexy Rime,https://ma.afribaba.com/casablanca/je-deplace-doha-njik-tal-dar-deplacement--778491.html,3768,2026-09-06T19:15:00,14.7
,Casablanca,BHouda diamo,https://ma.afribaba.com/casablanca/dounia-toop-escort-bonne-taille-deplacement--783307.html,3766,2026-09-15T21:48:00,5.6
,Casablanca,BHouda diamo,https://ma.afribaba.com/casablanca/je-me-deplace-heba-njiik-tal-dar-deplacement--785200.html,3772,2026-09-19T17:06:00,1.8
,Casablanca,BSabrina,https://ma.afribaba.com/casablanca/sabrina-african-black-chaude-massage-finition-maarif--786282.html,3984,2026-09-21T10:38:38.663697,0.1
,Casablanca,PAnnabelle,https://ma.afribaba.com/casablanca/une-experience-extremement-agreable-jeune-escorte-africa--776329.html,3747,2026-09-02T19:13:00,18.7
,Casablanca,BRim,https://ma.afribaba.com/casablanca/rajaa-de-19-ans-top-girl--786389.html,3783,2026-09-21T11:42:39.070570,0.0
,OulfaCasablanca,Baïcha,https://ma.afribaba.com/casablanca/-aicha-nouvelle-masseuse-tres-sensible-azhar--774428.html,3735,2026-08-30T02:27:00,22.4
,OulfaCasablanca,BPlaisir Service,https://ma.afribaba.com/casablanca/top-finition-massage-tonic-tres-excite-773841.html,3735,2026-08-28T23:39:00,23.5
,OulfaCasablanca,BNadia,https://ma.afribaba.com/casablanca/nadia-nouvelle-jeune-africaine-disponible-photo-reelle--785696.html,3745,2026-09-20T14:38:00,0.9
,Casablanca,PSoriane pro,https://ma.afribaba.com/casablanca/-puni-moi-avec-ta-bite-j-adore-massage-776811.html,3732,2026-09-03T19:04:00,17.7
,Casablanca,BHouda diamo,https://ma.afribaba.com/casablanca/se-deplace-votre-escort-de-luxe-deplacement--784817.html,3732,2026-09-18T21:59:00,2.6
,Casablanca,B𝓧𝟓𝓖𝓘𝓡𝓛,https://ma.afribaba.com/casablanca/hi-bebe-finition-vip-a7la-service-chez-moi--771448.html,3726,2026-08-24T15:23:00,27.9
,Casablanca,PFRANCOIS,https://ma.afribaba.com/casablanca/nadine-la-chaude-black-africaine-disponible-h24-sur-casablanca-776708.html,3720,2026-09-03T16:42:00,17.8
,Casablanca,BMalika,https://ma.afribaba.com/casablanca/-orgasme-et-plaisir-sexuel-hop-finition-incroyable--775746.html,3714,2026-09-01T16:13:00,19.8
,Casablanca,BSpa,https://ma.afribaba.com/casablanca/spa-massage-hammam-ideal-viens-mtn--786744.html,3790,2026-09-21T10:40:40.757119,0.1
,OulfaCasablanca,Bmimi,https://ma.afribaba.com/casablanca/mimi-jolie-black-chic-finition-a-domicile-h24-oulfa--781488.html,3700,2026-09-12T14:39:00,8.9
,Casablanca,PCarole pro,https://ma.afribaba.com/casablanca/-j-adore-ta-bite-bb-ca-bai-se-fort-hot-finition-la-gironde--784325.html,3691,2026-09-18T00:43:00,3.5
,Oasis (Casablanca)Casablanca,BRania,https://ma.afribaba.com/casablanca/belle-fille-sensation-thablik-fdari-oasis--773965.html,3688,2026-08-29T13:08:00,23.0
,Casablanca,PShamssss,https://ma.afribaba.com/casablanca/shaams01-773401.html,3697,2026-09-21T11:17:42.268718,0.0
,OulfaCasablanca,BPlaisir Service,https://ma.afribaba.com/casablanca/belle-taille-fine-chaud-masseuse-h24-finition-vgl--781098.html,3687,2026-09-11T22:15:00,9.6
,OulfaCasablanca,Baïcha,https://ma.afribaba.com/casablanca/-aicha-masseuse-sexy-avec-finition-de-qualite-h24-azhar-774282.html,3678,2026-08-29T20:42:00,22.6
,Casablanca,BNihad,https://ma.afribaba.com/casablanca/nihad-deplacement-girl--770531.html,3675,2026-08-22T19:23:00,29.7
,Oasis (Casablanca)Casablanca,BAlmas,https://ma.afribaba.com/casablanca/almas-finition-de-reve-jeune-fille--781415.html,3674,2026-09-12T12:41:00,9.0
,Aïn DiabCasablanca,PFarah010,https://ma.afribaba.com/casablanca/saalaam-sex-caam-et-pack--783403.html,3668,2026-09-13T00:20:00,8.5
,CalifornieCasablanca,BHanan,https://ma.afribaba.com/casablanca/hanan-pack-and-sex-cam--732747.html,3666,2026-06-17T21:39:00,95.6
,Casablanca,PKim Kim,https://ma.afribaba.com/casablanca/-ebene-excite-adore-le-sex-e-top-finition-gironde--781961.html,3662,2026-09-13T14:16:00,7.9
,CIL (Casablanca)Casablanca,BAngelo soir,https://ma.afribaba.com/casablanca/-coucou-je-suis-nutellar-785225.html,3663,2026-09-19T19:01:00,1.7
,Casablanca,BHouda diamo,https://ma.afribaba.com/casablanca/spa-massage-relaxant-hammam-a-domicile--781884.html,3647,2026-09-13T12:11:00,8.0
,Casablanca,BRim,https://ma.afribaba.com/casablanca/mona-de-21-ans-top-girl--784548.html,3642,2026-09-18T14:53:00,2.9
,OulfaCasablanca,Bnoreplyservice19,https://ma.afribaba.com/casablanca/-la-belle-fanta-black-disponible--785416.html,,,
,OulfaCasablanca,BPlaisir Service,https://ma.afribaba.com/casablanca/belle-clara-vous-offrir-finition-masseuse-afro-recois24-24--771139.html,3642,2026-08-23T21:01:00,28.6
,Casablanca,BLe Roi Du nord,https://ma.afribaba.com/casablanca/-jenny-sexy-black-africaine-disponible-24-24--773588.html,3634,2026-08-28T16:36:00,23.8
,Casablanca,BLe Roi Du nord,https://ma.afribaba.com/casablanca/-sonia-sexy-black-africaine-disponible-24-24--773441.html,3620,2026-08-28T12:41:00,24.0
,Casablanca,BFRANCOIS,https://ma.afribaba.com/casablanca/solange-chaude-black-africaine-disponible-h24-sur-casablanca-779939.html,3618,2026-09-09T15:42:00,11.8
,Oasis (Casablanca)Casablanca,BPerla,https://ma.afribaba.com/casablanca/perla-a7la-plaisir-sexy-et-mignonne--787310.html,4281,2026-09-21T10:47:46.182813,0.1
,BourgogneCasablanca,BOlivia,https://ma.afribaba.com/casablanca/olivia-sexy-afro-black-bio-v-i-p-bourgogne--784144.html,3614,2026-09-17T19:32:00,3.7
,Casablanca,BClara,https://ma.afribaba.com/casablanca/-girls-masseuse-es-cort-recoit-24h-24--774213.html,3603,2026-08-29T18:48:00,22.7
,Casablanca,BBrunette,https://ma.afribaba.com/casablanca/la-brunette-ghita-oulfa-hbeba--780995.html,3599,2026-09-11T16:02:00,9.8
,OulfaCasablanca,BPlaisir Service,https://ma.afribaba.com/casablanca/-jolie-black-sublime-finition-domicile-h24--779313.html,3593,2026-09-08T12:04:00,13.0
,Casablanca,BSe deplace تال عندك,https://ma.afribaba.com/casablanca/la-blonde-narjise-se-deeplaace--786664.html,3800,2026-09-21T10:45:47.570839,0.1
,OulfaCasablanca,BPlaisir Service,https://ma.afribaba.com/casablanca/-plaisir-illimite-b-aise-gogo-finition-incroyable-au-lit--778283.html,3592,2026-09-06T13:38:00,14.9
,OulfaCasablanca,BSara,https://ma.afribaba.com/casablanca/rahma-finition-nthalla-fik-baby--786876.html,3820,2026-09-21T11:34:47.967392,0.0
,Casablanca,BCharles Douglas,https://ma.afribaba.com/casablanca/deplacemnt-sexy-escort-se-deplace-779701.html,3584,2026-09-05T23:36:00,15.5
,OulfaCasablanca,BPlaisir Service,https://ma.afribaba.com/casablanca/-sex-uelle-black-sexy-top-plaisir-de-qualite-viens-me-defoncer--771136.html,3581,2026-08-23T19:53:00,28.7
,OulfaCasablanca,BOulfa,https://ma.afribaba.com/casablanca/zinebe-a-walfaa-finition-top--786716.html,3905,2026-09-21T10:51:50.385688,0.0
,Casablanca,BRimesexy,https://ma.afribaba.com/casablanca/spa-massage-pro-hammam-roy-nthalla-fiik--778839.html,3570,2026-09-07T14:30:00,13.9
,OulfaCasablanca,BPlaisir Service,https://ma.afribaba.com/casablanca/meilleur-masseuse-tres-excite-finition-tout-position--786110.html,3773,2026-09-21T11:20:50.363301,0.0
,Racine (Casablanca)Casablanca,PMERYEM LWARDI,https://ma.afribaba.com/casablanca/stop-waiting-daddy-i-need-you-inside-me-tonight--759502.html,3566,2026-08-22T11:49:00,30.0
,Casablanca,BPlaisir Service,https://ma.afribaba.com/casablanca/finition-an-al-top-masseuse-afro-recois24-an-l--781091.html,3561,2026-09-11T22:13:00,9.6
,Casablanca,BOlivia,https://ma.afribaba.com/casablanca/la-sensation-avec-bb-olivia-massage-et-finition-a-domicile--774352.html,3560,2026-08-29T22:38:00,22.6
,OulfaCasablanca,BPlaisir Service,https://ma.afribaba.com/casablanca/natacha-gout-mielleux-sensuel-escorte-sexy-top-finition-h24--778818.html,3558,2026-09-07T13:52:00,13.9
,Casablanca,BSpaa,https://ma.afribaba.com/casablanca/le-bien-etre-massage-et-hammam-royal-spa--779419.html,3552,2026-09-08T15:01:00,12.9
,Casablanca,BOver Don Na Mbout,https://ma.afribaba.com/casablanca/petasse-du-coin-au-cul-d-amp-039-or--775979.html,3551,2026-09-01T22:44:00,19.6
,CIL (Casablanca)Casablanca,BArme 1616,https://ma.afribaba.com/casablanca/sexy-vip-masseuse-fontaine-disponible-a-riad-oulfa-784763.html,3545,2026-09-18T20:52:00,2.6
,OulfaCasablanca,Pchristelle,https://ma.afribaba.com/casablanca/-christelle-masseuse-sexy-avec-finition-h24-oulfa-casa--776276.html,3539,2026-09-02T17:07:00,18.8
,Casablanca,BNarjiss,https://ma.afribaba.com/casablanca/spa-de-reve-massage-hammam-experience-premium--786084.html,3645,2026-09-21T10:41:52.857521,0.1
,Aïn DiabCasablanca,BGirls Sexy,https://ma.afribaba.com/casablanca/sara-doz-endi-nthla-fik--728907.html,3536,2026-06-06T14:42:00,106.9
,CIL (Casablanca)Casablanca,PFrans,https://ma.afribaba.com/casablanca/actif-sexy-21cm-753298.html,3537,2026-09-19T08:55:00,2.1
,Casablanca,PJonas Younas,https://ma.afribaba.com/casablanca/massage-pour-les-femmes-652924.html,3529,2025-12-20T19:03:00,274.7
,Casablanca,BService de qualité,https://ma.afribaba.com/casablanca/massage-chaud-finition-intense-escort-inoubliable-bb-783589.html,3523,2026-09-16T14:10:00,4.9
,BourgogneCasablanca,PNadia Sey,https://ma.afribaba.com/casablanca/adoura-la-reine-du-plaisir-chatte-serrer-finition-sur-bourgogne-785781.html,3527,2026-09-20T17:53:00,0.8
,Les Roches NoiresCasablanca,PAdil,https://ma.afribaba.com/casablanca/massage-relaxant-au-centre-ville-444304.html,3499,2024-07-30T22:37:00,782.6
,Casablanca,Pmassage a domicil,https://ma.afribaba.com/casablanca/je-suis-monica-une-toute-nouvelle-masseuse-et-masseuse-premium-arrive-757255.html,3497,2026-07-28T18:23:00,54.7
,Casablanca,BAicha Prisca,https://ma.afribaba.com/casablanca/-typique-plaisir-chate-humide-bien-lubrifier-cho-black--785868.html,3495,2026-09-20T20:06:00,0.7
,Casablanca,PNatacha,https://ma.afribaba.com/casablanca/une-sensation-forte-sur-casablanca-jeune-escorte-africa--785758.html,3498,2026-09-20T16:50:00,0.8
,Casablanca,PSacha,https://ma.afribaba.com/casablanca/sacha-sexy-black-africaine-disponible-lagironde-777140.html,3481,2026-09-04T14:17:00,16.9
,Casablanca,BMalika,https://ma.afribaba.com/casablanca/malika-la-fraise-du-s-xe-pret-a-etre-defonce--776188.html,3473,2026-09-02T14:40:00,18.9
,Oasis (Casablanca)Casablanca,BInas,https://ma.afribaba.com/casablanca/sexy-de-22ans-plaisir-intense--780923.html,3469,2026-09-11T14:16:00,9.9
,Casablanca,BSandra,https://ma.afribaba.com/casablanca/-black-coquine-africaine-disponible-massage-avec-finition--774274.html,3467,2026-08-29T20:29:00,22.6
,Casablanca,BSexy Rime,https://ma.afribaba.com/casablanca/spa-maarif-le-bien-etre-massage-hammam--774117.html,3466,2026-08-29T16:52:00,22.8
,Casablanca,BKamelia Karamella,https://ma.afribaba.com/casablanca/spa-jolie-fille-massage-amp-amp-hammam--787352.html,4213,2026-09-21T11:05:57.639850,0.0
,BourgogneCasablanca,Psandi,https://ma.afribaba.com/casablanca/sandi-taille-sexy-avec-super-finition-chez-moi-juste-le-soir-626092.html,3438,2025-10-25T00:29:00,331.5
,Casablanca,Bmassage a domicil,https://ma.afribaba.com/casablanca/je-suis-annie-une-beaute-tanzanienne-de-21-an-recemment-arrivee-au-771573.html,3434,2026-08-24T18:22:00,27.7
,Casablanca,BDéplacement,https://ma.afribaba.com/casablanca/plan-de-reve-se-deplace-ana-o-sahbti--787038.html,3475,2026-09-21T10:58:58.494097,0.0
,Casablanca,Bmassage a domicil,https://ma.afribaba.com/casablanca/je-vous-accueille-dans-une-atmosphere-confortable-ou-vous-pourrez-vou-776852.html,3426,2026-09-03T19:58:00,17.7
,Casablanca,PHakim80,https://ma.afribaba.com/casablanca/--540135.html,3419,2025-04-21T22:13:00,517.6
,Casablanca,BKing Ann,https://ma.afribaba.com/casablanca/nouhaila-jeune-fille-tres-bon-finition-sexy-hlouwa-casablanc-787051.html,3454,2026-09-21T11:43:58.774006,0.0
,Casablanca,BSpa maarif,https://ma.afribaba.com/casablanca/spa-maarif-massage-hammam-evasion-bien-etre--786204.html,3608,2026-09-21T11:34:58.858174,0.0
,OulfaCasablanca,BPlaisir Service,https://ma.afribaba.com/casablanca/finition-hot-gamme-satisfaction-garantie-chaud-au-lit--777874.html,3414,2026-09-05T16:35:00,15.8
,CalifornieCasablanca,PHiba hanina,https://ma.afribaba.com/casablanca/ana-dispo-7babi-li-li-khso-chi-packs-ou-la-cex-cam-775995.html,3412,2026-08-29T23:59:00,22.5
,Casablanca,Pmassage a domicil,https://ma.afribaba.com/casablanca/decouvrez-ruby-une-nouvelle-masseuse-elegante-recemment-arrivee-a-casa-758738.html,3407,2026-07-31T17:34:00,51.8
,Casablanca,PAppelidentifiant8,https://ma.afribaba.com/casablanca/sarah-la-chaude-black-africaine-disponible-h24-sur-casablanca-784153.html,3398,2026-09-17T19:43:00,3.7
,BelvédèreCasablanca,PSamira  pro,https://ma.afribaba.com/casablanca/-deesse-black-adore-le-sex-e-plaisir-illimite-h24--785624.html,3384,2026-09-20T12:59:00,1.0
,Casablanca,BVGL,https://ma.afribaba.com/casablanca/lamia-sexy-skinny-girl-belle-petite-fesse-vgl--786965.html,3523,2026-09-21T10:47:01.834150,0.1
,Casablanca,Pmariam,https://ma.afribaba.com/casablanca/-mariam-masseuse-africaine-sexy-disponible-a-casa--772710.html,3375,2026-08-26T21:10:00,25.6
,BelvédèreCasablanca,PKim pro,https://ma.afribaba.com/casablanca/massage-sensuel-778588.html,3370,2026-09-06T21:45:00,14.6
,CIL (Casablanca)Casablanca,BGhazi Jocker,https://ma.afribaba.com/casablanca/massage-pour-femmes-tout-age-et-couples-maries-et-non-maries--261805.html,3367,2026-06-18T15:27:00,94.9
,Casablanca,PNadia Sey,https://ma.afribaba.com/casablanca/charlene-chaude-masseuse-feroce-finition-sur-11-janvier-785722.html,3372,2026-09-20T15:31:00,0.9
,OulfaCasablanca,BDora,https://ma.afribaba.com/casablanca/-dora-sexy-ass-charmante-pour-massage-et-chic-finition-fatale--786251.html,3525,2026-09-21T10:46:02.904188,0.1
,Casablanca,BNora,https://ma.afribaba.com/casablanca/topescort-nora-sexy-taille-jolie-fesse-et-seins-la-prefere-vgl--776195.html,3350,2026-09-02T15:01:00,18.9
,BelvédèreCasablanca,Balima,https://ma.afribaba.com/casablanca/-masseuse-classe-chic-jolie-black-dispo-h24-la-gironde-784643.html,3353,2026-09-18T17:35:00,2.8
,Casablanca,BFatim,https://ma.afribaba.com/casablanca/fatim-s-xy-bene-long-jambs-s-x-super-h0t--784511.html,3346,2026-09-18T13:45:00,2.9
,Casablanca,PKim Kim,https://ma.afribaba.com/casablanca/-j-adore-la-b-aise-bb-incroyable-au-lit-2mars-shell-h24--771610.html,3344,2026-08-24T19:14:00,27.7
,Casablanca,Bmassage a domicil,https://ma.afribaba.com/casablanca/vivez-un-voyage-ou-chaque-mouvement-chaque-respiration-chaque-courbe-776837.html,3338,2026-09-03T19:43:00,17.7
,Casablanca,Bmassage a domicil,https://ma.afribaba.com/casablanca/meave-escorte-amp-amp-masseuse-une-nouvelle-etoile-du-luxe-a-decouvrir-luxe-761232.html,3330,2026-08-05T16:34:00,46.8
,Casablanca,BHouda diamo,https://ma.afribaba.com/casablanca/ain-sebaa-finition-inoubliable--786356.html,3486,2026-09-21T11:08:04.820230,0.0
,Casablanca,BLaura,https://ma.afribaba.com/casablanca/-esc-ort-masseuse-coquine-douce-sexy--783386.html,3327,2026-09-15T23:11:00,5.5
,Casablanca,BHouda diamo,https://ma.afribaba.com/casablanca/-spa-massage-hammam-finition-de-reve--782684.html,3320,2026-09-14T19:41:00,6.7
,Casablanca,BSpa maarif,https://ma.afribaba.com/casablanca/le-bien-etre-massage-et-hammam-pro-spa--780282.html,3319,2026-09-10T14:02:00,10.9
,Casablanca,PTot Tota,https://ma.afribaba.com/casablanca/une-sexy-incroyable-sur-casablanca-jeune-escorte-africa--780036.html,3317,2026-09-09T20:08:00,11.7
,Casablanca,PLouise,https://ma.afribaba.com/casablanca/une-nouvelle-resplendissante-sur-casablanca-jeune-escorte-africa--773797.html,3316,2026-08-28T22:14:00,23.6
,Casablanca,PDimaria Angel,https://ma.afribaba.com/casablanca/malowi-la-chaude-black-africaine-disponible-h24-sur-casablanca-784518.html,3315,2026-09-18T14:02:00,2.9
,OulfaCasablanca,BPlaisir Service,https://ma.afribaba.com/casablanca/meilleur-finition-tout-les-positions-sex-uelle-vaginale-h24--774680.html,3313,2026-08-30T16:54:00,21.8
,OulfaCasablanca,BPlaisir Service,https://ma.afribaba.com/casablanca/vient-chez-moi-tu-trouvera-satisfaction-sex-uelle-inoubliable--778719.html,3311,2026-09-07T05:51:00,14.3
,OulfaCasablanca,Baïcha,https://ma.afribaba.com/casablanca/-massage-et-finition-avec-aicha-la-plus-chaude-black-azhar--779146.html,3303,2026-09-07T22:30:00,13.6
,Casablanca,BSandra,https://ma.afribaba.com/casablanca/-viens-profiter-de-mon-petit-bijoux-bien-serre--773480.html,3296,2026-08-28T13:50:00,23.9
,Casablanca,BRim,https://ma.afribaba.com/casablanca/ahlam-de-21-ans-top-girl--786393.html,3334,2026-09-21T10:45:07.737060,0.1
,Casablanca,BSexy Rime,https://ma.afribaba.com/casablanca/ghita-taille-sexy-ji-nbar3aak-fdari--777616.html,3287,2026-09-05T01:16:00,16.4
,Racine (Casablanca)Casablanca,BCentre spa,https://ma.afribaba.com/casablanca/centre-de-spa-massage-hammam-ajy-endi--771426.html,3279,2026-08-24T14:54:00,27.9
,OulfaCasablanca,PAicha,https://ma.afribaba.com/casablanca/aicha-la-belle-petite-et-jolie-est-la--785542.html,3298,2026-09-20T10:49:00,1.0
,OulfaCasablanca,BRaïssa,https://ma.afribaba.com/casablanca/raissa-jolie-black-sensuel-finition-a-domicile-h24-oulfa--777834.html,3275,2026-09-05T16:01:00,15.8
,Casablanca,Blina,https://ma.afribaba.com/casablanca/se-deplace-toop-escort-bomb-girl-deplacement--768946.html,3272,2026-08-19T19:49:00,32.7
,CIL (Casablanca)Casablanca,Bnoreplyservice19,https://ma.afribaba.com/casablanca/-la-belle-noura-disponible--785384.html,,,
,Casablanca,BOlivia bonbon,https://ma.afribaba.com/casablanca/-masseuse-africaine-sexy-h24-vient-profiter-bb-779541.html,3259,2026-09-08T18:42:00,12.7
,Casablanca,BDaniel Moussa,https://ma.afribaba.com/casablanca/-j-adore-me-faire-nique-plan-c-ul-finition-incroyable-sexuelle--775701.html,3256,2026-09-01T14:56:00,19.9
,Casablanca,PBienêtre Élixir,https://ma.afribaba.com/casablanca/masseur-pour-femmes-experimente-a-casablanca-589194.html,3254,2025-08-11T22:07:00,405.6
,Casablanca,BFRANCOIS,https://ma.afribaba.com/casablanca/s-ndrine-la-chaude-black-africaine-disponible-h24-sur-casablanca-780426.html,3254,2026-09-10T17:35:00,10.8
,OulfaCasablanca,BKing Ann,https://ma.afribaba.com/casablanca/ghita-de-casablanca-ahla-taille-bomba-tres-mignnon-appel-moi-786588.html,3283,2026-09-21T10:36:10.530785,0.1
,Casablanca,BMassage à domicile,https://ma.afribaba.com/casablanca/-aicha-sexy-black-fontaine-bourgone-disponible-24-24--785753.html,3261,2026-09-20T16:41:00,0.8
,Casablanca,Bmassage a domicil,https://ma.afribaba.com/casablanca/je-vous-propose-un-tres-bon-moment-de-massage-intenses-complet--784099.html,3251,2026-09-17T18:18:00,3.7
,Casablanca,BRimesexy,https://ma.afribaba.com/casablanca/spa-massage-bien-etre-hammam-premium--780949.html,3242,2026-09-11T14:43:00,9.9
,Casablanca,BSe deplace تال عندك,https://ma.afribaba.com/casablanca/je-me-deplace-3andk-hbiba--786293.html,3442,2026-09-21T11:22:11.733714,0.0
,Casablanca,PNadia Sey,https://ma.afribaba.com/casablanca/lili-masseuse-skinny-mielleuse--786353.html,3253,2026-09-21T11:41:11.376680,0.0
,Casablanca,BAbcds,https://ma.afribaba.com/casablanca/spa-maarii-massage-hammam-nthalla-fiik-hniba--769675.html,3238,2026-08-21T18:08:00,30.7
,Casablanca,BSophie,https://ma.afribaba.com/casablanca/-massage-corps-a-corps-parfaite-finition-chez-sophie--785863.html,3237,2026-09-20T20:04:00,0.7
,Casablanca,PLARA,https://ma.afribaba.com/casablanca/-xn-sex-laydi--786159.html,3351,2026-09-21T11:03:13.038070,0.0
,BourgogneCasablanca,BFatima,https://ma.afribaba.com/casablanca/black-top-sexy-finition-magique-je-rejoins-moi-vite-bb--776855.html,3227,2026-09-03T20:01:00,17.7
,CIL (Casablanca)Casablanca,PKome 91,https://ma.afribaba.com/casablanca/black-white-785234.html,3226,2026-09-19T17:44:00,1.8
,OulfaCasablanca,BPlaisir Service,https://ma.afribaba.com/casablanca/ami-chic-black-skinny-luxe-massage-finition-vip-h24--778613.html,3222,2026-09-06T22:19:00,14.6
,BourgogneCasablanca,BLyne Kloe,https://ma.afribaba.com/casablanca/fatime-femme-sexy-au-boulevard-anfa-cm-779145.html,3219,2026-09-07T22:28:00,13.6
,Casablanca,BLe Roi Du nord,https://ma.afribaba.com/casablanca/-femme-fontaine-sacha-en-chaleur-disponible-24-24--786377.html,3390,2026-09-21T11:41:18.752574,0.0
,Casablanca,Bnaomie,https://ma.afribaba.com/casablanca/naomie-jolie-black-douce-finition-a-domicile-h24--777341.html,3208,2026-09-04T17:54:00,16.8
,OulfaCasablanca,BPlaisir Service,https://ma.afribaba.com/casablanca/vient-deguster-vrai-chatte-black-dispo-h24-finition-se-xe--777300.html,3207,2026-09-04T16:42:00,16.8
,BourgogneCasablanca,BLyne Kloe,https://ma.afribaba.com/casablanca/fatime-femme-sexy-et-fontaine-au-boulevard-anfa-777124.html,3206,2026-09-04T11:54:00,17.0
,Casablanca,PRacha Tazi,https://ma.afribaba.com/casablanca/sexy-videos--764398.html,3205,2026-08-11T10:28:00,41.1
,Casablanca,BHommes,https://ma.afribaba.com/casablanca/homme-black-africain-discret-massage-pour-les-femmes-propres-738361.html,3209,2026-09-18T15:47:00,2.8
,OulfaCasablanca,BSarah,https://ma.afribaba.com/casablanca/-sarah-la-sublime-masseuse-black-haut-finition-dispo-h24-779266.html,3202,2026-09-08T07:06:00,13.2
,Casablanca,PMoMo Med,https://ma.afribaba.com/casablanca/envie-de-vivre-des-moments-intenses-de-pur-plaisir--468528.html,3197,2026-05-17T16:27:00,126.8
,Casablanca,BNadia,https://ma.afribaba.com/casablanca/bonjour-chers-client-je-m-amp-039-appelle-nadia-black-afro--775391.html,3179,2026-08-31T22:06:00,20.6
,Casablanca,PLaure pro,https://ma.afribaba.com/casablanca/-belle-chatte-black-excite-trop-envie-b-aise-fort-bb--779587.html,3169,2026-09-08T19:51:00,12.7
,Casablanca,PRim Promassg,https://ma.afribaba.com/casablanca/salma-fintion-royale-chez-moi-bb-appart--785735.html,3141,2026-09-20T16:14:00,0.8
,Casablanca,BRimesexy,https://ma.afribaba.com/casablanca/spa-maarif-massage-roy-hammam-pro-vas-y-bb--778363.html,3133,2026-09-06T15:25:00,14.9
,OulfaCasablanca,Baïcha,https://ma.afribaba.com/casablanca/-finition-de-reve-chez-aicha-charmante-black-h24--779867.html,3131,2026-09-09T13:36:00,11.9
,Casablanca,PNadia Sey,https://ma.afribaba.com/casablanca/clodia-chatte-mielleuse-top-scorte-sur-abdelmoumen-786374.html,3361,2026-09-21T11:19:17.655225,0.0
,Casablanca,BHouda diamo,https://ma.afribaba.com/casablanca/se-deplace-toop-escort-bomba-deplacement--786956.html,3349,2026-09-21T11:13:18.505753,0.0
,BelvédèreCasablanca,PMimi Spa,https://ma.afribaba.com/casablanca/je-me-deplace--778134.html,3125,2026-09-03T01:37:00,18.4
,Casablanca,BMosawi,https://ma.afribaba.com/casablanca/sara-se-deplace-votre-top-escorte--763728.html,3118,2026-08-07T01:09:00,45.5
,OulfaCasablanca,BPlaisir Service,https://ma.afribaba.com/casablanca/finition-belle-detente-ch-atte-mouille-plaisir-sexuelle-chic--786081.html,3140,2026-09-21T11:17:19.363629,0.0
,Casablanca,Bmassage a domicil,https://ma.afribaba.com/casablanca/rossia-est-une-femme-elegante-et-charismatique-qui-allie-beaute-raffi-763442.html,3113,2026-08-09T17:00:00,42.8
,OulfaCasablanca,BPlaisir Service,https://ma.afribaba.com/casablanca/massage-finition-sucette-photo-naturel-plaisir--777296.html,3113,2026-09-04T16:33:00,16.8
,Casablanca,PNadia Sey,https://ma.afribaba.com/casablanca/samira-jeune-masseuse-africaine-sexy-nouvelle-a-la-gironde-787076.html,3272,2026-09-21T11:36:19.674100,0.0
,BelvédèreCasablanca,BLe Roi Du nord,https://ma.afribaba.com/casablanca/-bibiche-sexy-black-africaine-disponible-24-24--775237.html,3104,2026-08-31T18:33:00,20.7
,Casablanca,BMira black,https://ma.afribaba.com/casablanca/mira-black-azin-zuina-domination-massage-finition--786209.html,3157,2026-09-21T10:46:20.080528,0.1
,OulfaCasablanca,Baicha,https://ma.afribaba.com/casablanca/-aicha-masseuse-africaine-sexy-dispo-h24-a-casa-oulfa--775876.html,3105,2026-09-01T19:44:00,19.7
,Casablanca,Pmassage a domicil,https://ma.afribaba.com/casablanca/je-suis-la-compagne-ideale-pour-ceux-qui-recherchent-une-attention-exc-612734.html,3098,2025-09-28T13:21:00,357.9
,Casablanca,BAshley Dacouri,https://ma.afribaba.com/casablanca/-super-gros-cuis-fontaine-chaud-finition-va-ginal--786700.html,3163,2026-09-21T11:29:20.778634,0.0
,Casablanca,BMireille Seri,https://ma.afribaba.com/casablanca/-viens-profiter-de-massage-773172.html,3095,2026-08-27T19:10:00,24.7
,Casablanca,BHouda diamo,https://ma.afribaba.com/casablanca/se-deplace-bomba-de-luxe-deplacement--787322.html,3842,2026-09-21T10:34:21.712876,0.1
,Casablanca,BJunior Mazam,https://ma.afribaba.com/casablanca/cc-mes-loves-ces-la-sexy-naomi-chaude-et-disponible--784668.html,3094,2026-09-18T18:29:00,2.7
,BourgogneCasablanca,BHanan,https://ma.afribaba.com/casablanca/hanan-pack-et-cam--732746.html,3091,2026-06-17T21:41:00,95.6
,OulfaCasablanca,BPlaisir Service,https://ma.afribaba.com/casablanca/-charme-afro-black-chic-massage-finition-h24-chez-moi--772471.html,3087,2026-08-26T05:55:00,26.3
,OulfaCasablanca,Bkadi,https://ma.afribaba.com/casablanca/-jolie-black-douce-finition-a-domicile-h24-azhar--773850.html,3077,2026-08-29T00:15:00,23.5
,Casablanca,BSandra,https://ma.afribaba.com/casablanca/hello-je-suis-sandra-bio-jeune-black-casa--772401.html,3069,2026-08-26T00:08:00,26.5
,OulfaCasablanca,BPlaisir Service,https://ma.afribaba.com/casablanca/-la-sensation-massage-finition-chez-moi-top-vaginale--777361.html,3067,2026-09-04T18:33:00,16.7
,Aïn DiabCasablanca,PFarah010,https://ma.afribaba.com/casablanca/ayyyy-apple-video-et-pack-m39ol--732830.html,3065,2026-06-08T01:35:00,105.4
,Casablanca,BSandra,https://ma.afribaba.com/casablanca/-esc-ort-disponible-h24-queen-black--779983.html,3058,2026-09-09T17:19:00,11.8
,Sidi MaâroufCasablanca,BDiama,https://ma.afribaba.com/casablanca/massage-chez-diama-noir-774580.html,3066,2026-08-28T14:04:00,23.9
,Casablanca,BHouda diamo,https://ma.afribaba.com/casablanca/miral-taille-sexy-top-finition--787344.html,3803,2026-09-21T11:09:23.965870,0.0
,Casablanca,BClara,https://ma.afribaba.com/casablanca/-top-finition-avec-la-belle-clara-femme-tres-excite--784592.html,3051,2026-09-18T16:11:00,2.8
,OulfaCasablanca,BPlaisir Service,https://ma.afribaba.com/casablanca/sexy-skinny-douce-ch-atte-escorte-black-finition-773153.html,3050,2026-08-27T18:47:00,24.7
,Casablanca,BLe Roi Du nord,https://ma.afribaba.com/casablanca/-leila-femme-fontaine-et-chaude-disponible-24-24--778748.html,3035,2026-09-07T11:50:00,14.0
,Oasis (Casablanca)Casablanca,BMaya,https://ma.afribaba.com/casablanca/maya-beaute-attirante-sexy-taille-a-croquer-relation-vgl-ghandi-779496.html,3032,2026-09-08T17:37:00,12.8
,OulfaCasablanca,Bnoreplyservice19,https://ma.afribaba.com/casablanca/-la-belle-kadi-noir-disponible--785410.html,,,
,OulfaCasablanca,BAmina massage,https://ma.afribaba.com/casablanca/ines-hot-girl-afro-available-24-7-massage-at-home--786660.html,3279,2026-09-21T10:35:25.902726,0.1
,Casablanca,BOlivia bonbon,https://ma.afribaba.com/casablanca/-esc-ort-girl-recoit-a-son-domicile-h24-massage-avec-finition--777747.html,3019,2026-09-05T13:42:00,15.9
,Casablanca,Bmassage a domicil,https://ma.afribaba.com/casablanca/april-est-une-jeune-femme-elegante-raffinee-et-naturellement-masseuse-763384.html,3005,2026-08-09T15:31:00,42.9
,Casablanca,BFatimatou,https://ma.afribaba.com/casablanca/fatimatou-escort-chaud-au-massage-vip-hop-finition--786972.html,3215,2026-09-21T11:36:26.401571,0.0
,Casablanca,BSamira,https://ma.afribaba.com/casablanca/-samira-femme-fontaine-vient-jouir-bb-24-24--784578.html,2987,2026-09-18T15:51:00,2.8
,Casablanca,BMosawi,https://ma.afribaba.com/casablanca/la-belle-sara-se-deplacer-sur-casablanca-appel-moi-bb-751078.html,2967,2026-07-15T01:59:00,68.4
,Casablanca,BHouda diamo,https://ma.afribaba.com/casablanca/spa-maarif-massage-bien-etre-hammam-premium--781893.html,2962,2026-09-13T12:27:00,8.0
,Oasis (Casablanca)Casablanca,BMaya,https://ma.afribaba.com/casablanca/maya-top-la-prefere-sexy-taille-fesse-bombe-disp-ghandi-vgl-777913.html,2954,2026-09-05T17:52:00,15.8
,Casablanca,BLes copines,https://ma.afribaba.com/casablanca/ana-sahbti-bon-plaisir--787423.html,3894,2026-09-21T11:07:27.898634,0.0
,Casablanca,BNoha,https://ma.afribaba.com/casablanca/noha-corps-delice--787283.html,3226,2026-09-21T10:32:27.543187,0.1
,BourgogneCasablanca,BLyne Kloe,https://ma.afribaba.com/casablanca/fatim-sucette-et-finition-anfa-casa-772125.html,2947,2026-08-25T16:27:00,26.8
,Casablanca,BPlaisir Service,https://ma.afribaba.com/casablanca/belle-finition-sex-uelle-top-massage-relaxant-satisfaction--784638.html,2947,2026-09-18T17:27:00,2.8
,OulfaCasablanca,BAlita,https://ma.afribaba.com/casablanca/alima-nouvelle-massage-a-domicile-plaisir-assurer--781470.html,2946,2026-09-12T14:04:00,8.9
,OulfaCasablanca,BPlaisir Service,https://ma.afribaba.com/casablanca/-meilleur-baisseuse-coquine-finition-massage-complet--771390.html,2939,2026-08-24T13:37:00,27.9
,Casablanca,PLina,https://ma.afribaba.com/casablanca/massage-bodyrelax-chez-moi-785981.html,3004,2026-09-21T11:45:28.881475,0.0
,Casablanca,BMariam,https://ma.afribaba.com/casablanca/mariam-sexy-afro-black-bio-v-i-p-bourgogne--785791.html,2951,2026-09-20T18:03:00,0.7
,OulfaCasablanca,BPlaisir Service,https://ma.afribaba.com/casablanca/finition-massage-corps-a-corps-tres-excite-774984.html,2917,2026-08-31T06:01:00,21.2
,BourgogneCasablanca,PFatim pro,https://ma.afribaba.com/casablanca/-plan-c-ul-ebony-j-adore-le-sex-e-bb-top-finition-h24--785847.html,2907,2026-09-20T19:43:00,0.7
,BourgogneCasablanca,PNadia Sey,https://ma.afribaba.com/casablanca/marie-belle-masseuse-africaine-douce-excite-bourgogne-786386.html,2934,2026-09-21T10:47:31.087886,0.1
,Casablanca,BSandra,https://ma.afribaba.com/casablanca/-masseuse-africaine-sexy-h24-je-t-amp-039-attend-bb-776702.html,2904,2026-09-03T16:23:00,17.8
,BelvédèreCasablanca,PAdil,https://ma.afribaba.com/casablanca/promo-detente-et-plaisir-avec-rdv-pour-femmes-uniquement--670256.html,2901,2026-05-19T15:17:00,124.9
,Casablanca,BPlaisir Service,https://ma.afribaba.com/casablanca/massage-finition-top-plaisir-chaud-ch-atte-sensuelle-782676.html,2898,2026-09-14T19:19:00,6.7
,BourgogneCasablanca,PNadia Sey,https://ma.afribaba.com/casablanca/beni-reine-du-plaisir-sexy-jouissance-sur-bourgogne-784313.html,2893,2026-09-17T23:55:00,3.5
,OulfaCasablanca,BPlaisir Service,https://ma.afribaba.com/casablanca/massage-corps-a-corps-finition-vaginale-sucette-profonde--784101.html,2896,2026-09-17T18:12:00,3.7
,Casablanca,PLa star,https://ma.afribaba.com/casablanca/une-sensation-extra-dousse-sur-casablanca-jeune-escorte-africa--775765.html,2888,2026-09-01T16:38:00,19.8
,Casablanca,BEscort sarl,https://ma.afribaba.com/casablanca/-lyly-ta-pipeuse-sensuelle-pro--786288.html,3052,2026-09-21T11:27:32.488883,0.0
,OulfaCasablanca,BFred Nathan,https://ma.afribaba.com/casablanca/mannequin-africaine-disponible-massage-finition-h24--773419.html,2888,2026-08-28T11:45:00,24.0
,Casablanca,Bmassage a domicil,https://ma.afribaba.com/casablanca/nouvellement-arrivee-a-casablanca-goddess-vicky-est-une-dominatrice-e-761567.html,2885,2026-08-06T13:00:00,46.0
,Casablanca,BClara,https://ma.afribaba.com/casablanca/-clara-la-bombe-du-sex-vip-finition-de-reve--774694.html,2879,2026-08-30T17:24:00,21.8
,Casablanca,PAicha,https://ma.afribaba.com/casablanca/une-dousse-sensation-sur-casablanca-jeune-escorte-africaine--771557.html,2877,2026-08-24T17:47:00,27.8
,Sidi MaâroufCasablanca,BAmina massage,https://ma.afribaba.com/casablanca/georgette-hot-girl-afro-available-24-7-massage-at-home--787257.html,3293,2026-09-21T10:37:34.120253,0.1
,Casablanca,BLe Roi Du nord,https://ma.afribaba.com/casablanca/-black-chaude-lylu-disponible-24-24--775302.html,2872,2026-08-31T19:55:00,20.7
,Casablanca,PJack Wiliam,https://ma.afribaba.com/casablanca/la-bomba-bienvenue-mon-amour--784992.html,2870,2026-09-19T11:38:00,2.0
,Casablanca,Bmassage Domination,https://ma.afribaba.com/casablanca/je-suis-une-massage-de-luxe-je-suis-micke-une-masseuse-elegante-780428.html,2867,2026-09-10T17:44:00,10.8
,BelvédèreCasablanca,PAdil,https://ma.afribaba.com/casablanca/massage-detente-et-plaisir-458315.html,2867,2024-09-06T20:06:00,744.7
,OulfaCasablanca,BPleasureStore,https://ma.afribaba.com/casablanca/houyam-mature--784964.html,2874,2026-09-16T10:45:00,5.1
,Casablanca,Bmassage a domicil,https://ma.afribaba.com/casablanca/decouvrez-maya-une-nouvelle-presence-aussi-elegante-feminine-774754.html,2863,2026-08-30T19:30:00,21.7
,OulfaCasablanca,BAmina massage,https://ma.afribaba.com/casablanca/liliane-chaud-girl-afro-dispo-h24-massage-a-domicille--784562.html,2860,2026-09-18T15:16:00,2.9
,Casablanca,PAqqad Jounaid,https://ma.afribaba.com/casablanca/--674907.html,2854,2026-02-06T22:38:00,226.6
,Casablanca,BFRANCOIS,https://ma.afribaba.com/casablanca/flora-la-chaude-black-africaine-disponible-h24-sur-casablanca-779163.html,2840,2026-09-07T22:59:00,13.5
,Casablanca,BMuriel,https://ma.afribaba.com/casablanca/-muriel-jolie-black-chaude-fontaine-hop-finition-h24-780436.html,2839,2026-09-10T17:52:00,10.8
,Casablanca,BAya déplace,https://ma.afribaba.com/casablanca/aya-la-mignonne-se-deplace--784698.html,2839,2026-09-18T20:20:00,2.7
,Casablanca,PAmifou Sange,https://ma.afribaba.com/casablanca/-douce-massage-de-luxe-finition-782897.html,2829,2026-09-15T04:20:00,6.3
,Les Roches NoiresCasablanca,Pannocespro,https://ma.afribaba.com/casablanca/-khady-la-jolie-black-hot-fontaine--785599.html,2845,2026-09-20T12:31:00,1.0
,Aïn DiabCasablanca,PMimi Spa,https://ma.afribaba.com/casablanca/houda-la-plonde-je-me-deplace--787041.html,2855,2026-09-19T22:52:00,1.5
,BourgogneCasablanca,BLyne Kloe,https://ma.afribaba.com/casablanca/aicha-chaude-africaine-naturelle-disponible-a-anfa-casa-770297.html,2820,2026-08-22T13:19:00,29.9
,Casablanca,BSamira,https://ma.afribaba.com/casablanca/samira-exy-afro-black-bio-v-i-p-mer-sultan--785144.html,2818,2026-09-19T15:10:00,1.9
,Casablanca,Bmassage a domicil,https://ma.afribaba.com/casablanca/kitana-nouvelle-a-casablanca-massage-amp-amp-compagnie-vip-773615.html,2812,2026-08-28T17:30:00,23.8
,Casablanca,BNadia,https://ma.afribaba.com/casablanca/black-coquine-finition-magique-je-suis-disponible-bb--784219.html,2816,2026-09-17T21:29:00,3.6
,Casablanca,BMassage à domicile,https://ma.afribaba.com/casablanca/-sandra-sexy-black-fontaine-masseuse-mielleuse-24-24--786473.html,2990,2026-09-21T11:27:39.358550,0.0
,Casablanca,BLe Roi Du nord,https://ma.afribaba.com/casablanca/-zenah-femme-fontaine-disponible-24-24--776982.html,2794,2026-09-03T23:02:00,17.5
,BelvédèreCasablanca,PMouad,https://ma.afribaba.com/casablanca/--243863.html,2783,2023-04-22T01:23:00,1248.4
,Casablanca,BGrace Divine,https://ma.afribaba.com/casablanca/jolie-angela-je-fais-massage-a-chaud--679788.html,2780,2026-02-13T19:32:00,219.7
,OulfaCasablanca,Bnoreplyservice19,https://ma.afribaba.com/casablanca/-la-belle-kadi-disponible--787020.html,2974,2026-09-21T11:27:41.483634,0.0
,BourgogneCasablanca,BBébé Miriam Mariam,https://ma.afribaba.com/casablanca/flora-topescorte-belle-taille-jolie-fesse-seins-de-folie-vgl-chaud--779457.html,2778,2026-09-08T16:04:00,12.8
,Casablanca,BNadaa,https://ma.afribaba.com/casablanca/la-charmante-linda-je-suis-nouvelle--787113.html,2940,2026-09-21T11:29:41.113382,0.0
,Casablanca,PElisa,https://ma.afribaba.com/casablanca/une-skyny-particuliere-sur-casablanca-jeune-escorte-africaine--778739.html,2769,2026-09-07T10:37:00,14.1
,Casablanca,BRitaj,https://ma.afribaba.com/casablanca/ritaj-20ans-fille-raffine-chez-moi--787437.html,3900,2026-09-21T11:07:43.161968,0.0
,Casablanca,BMassage à domicile,https://ma.afribaba.com/casablanca/-sarah-sexy-black-fontaine-bourgone-dispo-24-24--786446.html,2791,2026-09-21T11:35:43.155267,0.0
,OulfaCasablanca,BMomo2017,https://ma.afribaba.com/casablanca/slt-bb-maimuna-jouissance-haute-finition-oulfa--786986.html,2799,2026-09-21T10:44:42.552520,0.1
,OulfaCasablanca,PBébé Miriam Mariam,https://ma.afribaba.com/casablanca/mireille-jolie-princesse-africaine-massage-a-domicile--728782.html,2757,2026-06-02T08:58:00,111.1
,OulfaCasablanca,BPlaisir Service,https://ma.afribaba.com/casablanca/finition-merveille-nouvelle-black-avec-gout-miel-ideal--780222.html,2746,2026-09-10T11:46:00,11.0
,Sidi MaâroufCasablanca,BMarichou,https://ma.afribaba.com/casablanca/massage-chez-mamichou-771549.html,2747,2026-08-26T23:56:00,25.5
,BelvédèreCasablanca,PMalak Pack,https://ma.afribaba.com/casablanca/disponible-f-telegram-kanthela-fkoolchi-775622.html,2738,2026-09-05T03:36:00,16.4
,OulfaCasablanca,BPlaisir Service,https://ma.afribaba.com/casablanca/masseuse-africa-finition-tres-chaud-sex-e-delicieux--786089.html,2846,2026-09-21T11:27:44.414171,0.0
,Casablanca,BFlora,https://ma.afribaba.com/casablanca/cc-mes-bebes-je-suis-flora-la-jolie-fille-afro--784882.html,2723,2026-09-18T23:39:00,2.5
,BourgogneCasablanca,BViviane,https://ma.afribaba.com/casablanca/viviane-pour-vous-masseuse-black-recois-24-24-785567.html,2738,2026-09-20T11:34:00,1.0
,Casablanca,BLe Roi Du nord,https://ma.afribaba.com/casablanca/-josiane-bombe-d-amour-pour-te-faire-jouir-24-24--784631.html,2721,2026-09-18T17:20:00,2.8
,Casablanca,Pcharlène,https://ma.afribaba.com/casablanca/une-bonne-a-deguster-sur-place-jeune-escorte-africaine-tres-sexy-780286.html,2717,2026-09-10T14:06:00,10.9
,Casablanca,BFatima,https://ma.afribaba.com/casablanca/salut-mon-amour-je-suis-flora-nouveaute-a-casablanca--756754.html,2710,2026-07-27T19:47:00,55.7
,Casablanca,BMireille Seri,https://ma.afribaba.com/casablanca/-la-super-masseuse-africaine--779094.html,2706,2026-09-07T21:21:00,13.6
,Casablanca,BMaya Khalifa,https://ma.afribaba.com/casablanca/oumaima-taille-fine-22ans-photos-reelles-je-recois-24-24h-787343.html,3276,2026-09-21T11:05:46.973372,0.0
,BourgogneCasablanca,PNadia Sey,https://ma.afribaba.com/casablanca/beni-jeune-africaine-pro-chaude-sensuelle-disponible-sur-bourgogne-782851.html,2694,2026-09-15T00:03:00,6.5
,Casablanca,Bneyma,https://ma.afribaba.com/casablanca/salut-bienvenue-dans-mon-espace-bien-etre--784150.html,2692,2026-09-17T19:42:00,3.7
,CIL (Casablanca)Casablanca,BArme 1616,https://ma.afribaba.com/casablanca/riane-sexy-blanc-plaisir-inoubliable-riad-oulfa-terminus20-785930.html,2728,2026-09-20T21:49:00,0.6
,Casablanca,BZineb,https://ma.afribaba.com/casablanca/zineb-sexy-sweet-girl-je-me-deplace--787299.html,2732,2026-09-21T10:36:47.594984,0.1
,Casablanca,BKendra,https://ma.afribaba.com/casablanca/-queen-black-sexy-coquine-disponible-24h-24--775308.html,2686,2026-08-31T19:55:00,20.7
,BourgogneCasablanca,PNadia Sey,https://ma.afribaba.com/casablanca/doreanne-top-scorte-africaine-sensation-forte-sur-bourgogne-785190.html,2681,2026-09-19T16:47:00,1.8
,Casablanca,BRim,https://ma.afribaba.com/casablanca/roeia-de-19-ans-top-girl--786768.html,2846,2026-09-21T11:30:49.166591,0.0
,Casablanca,BGrace Divine,https://ma.afribaba.com/casablanca/photos-naturelles-chocolat-massage-a-chaud--676278.html,2679,2026-02-07T13:59:00,225.9
,CIL (Casablanca)Casablanca,Bnoreplyservice19,https://ma.afribaba.com/casablanca/-maya-ebene-m-ssage-sensuel--783685.html,,,
,Casablanca,Bmassage a domicil,https://ma.afribaba.com/casablanca/je-suis-lizea-une-fille-black-africain-au-peau-claire-chaleureuse-781587.html,2673,2026-09-12T18:13:00,8.7
,Casablanca,PHanane,https://ma.afribaba.com/casablanca/tooop-finition-service-yhablek-aji-bb-nthalla-fik--785033.html,2675,2026-09-19T13:03:00,2.0
,BourgogneCasablanca,BJoudia Massage,https://ma.afribaba.com/casablanca/lobna-bomba-et-top-finition-dis24h-786029.html,2733,2026-09-18T10:39:00,3.1
,Casablanca,BPlaisir Service,https://ma.afribaba.com/casablanca/-nina-sexy-black-finition-mielleuse-massage-vip-top-plaisir--783407.html,2667,2026-09-15T23:33:00,5.5
,Casablanca,POlivia,https://ma.afribaba.com/casablanca/une-sensation-genial-sur-casablanca-jeune-escorte-africa--778733.html,2664,2026-09-07T09:24:00,14.1
,BelvédèreCasablanca,BKome 91,https://ma.afribaba.com/casablanca/haut-debit-787122.html,2809,2026-09-21T10:47:51.050843,0.1
,Casablanca,BLe Roi Du nord,https://ma.afribaba.com/casablanca/-falone-tigresse-de-baisse-disponible-24-24--777879.html,2653,2026-09-05T16:39:00,15.8
,OulfaCasablanca,BOlivia,https://ma.afribaba.com/casablanca/olivia-douce-africaine-fontaine-pour-votre-plaisir--787267.html,2862,2026-09-21T11:15:51.576689,0.0
,CIL (Casablanca)Casablanca,BAngelo soir,https://ma.afribaba.com/casablanca/-masseuse-784802.html,2650,2026-09-18T23:59:00,2.5
,Casablanca,BSahrawiya,https://ma.afribaba.com/casablanca/sahrawiya-aji-nbar3ak-bb--787450.html,2796,2026-09-21T11:20:52.121394,0.0
,Casablanca,BMature,https://ma.afribaba.com/casablanca/mature-raffine-chez-moi-24h-vip-787445.html,2867,2026-09-21T10:39:52.458481,0.1
,Casablanca,Bmassage a domicil,https://ma.afribaba.com/casablanca/decouvrez-angela-une-nouvelle-presence-elegante-et-serieuse-a-casabl-765467.html,2644,2026-08-13T14:24:00,38.9
,Casablanca,BNour,https://ma.afribaba.com/casablanca/ikram-nouvelle-fille-nthala-fik-beby--784567.html,2640,2026-09-18T15:29:00,2.9
,Casablanca,BSandra,https://ma.afribaba.com/casablanca/bonjour-mes-cheris-sandra-est-votre-jolie-skinny--780012.html,2629,2026-09-09T18:38:00,11.7
,Aïn DiabCasablanca,PNihalqueen1,https://ma.afribaba.com/casablanca/les-packs-et-les-appl-vedios-avec-nihal--787002.html,2630,2026-09-19T21:44:00,1.6
,Casablanca,PTurkish masseur vip,https://ma.afribaba.com/casablanca/turkish-masseur-for-women-and-couples-100-real-pictures--691177.html,2626,2026-04-25T00:44:00,149.5
,Casablanca,BLe Roi Du nord,https://ma.afribaba.com/casablanca/-zaynab-black-fontaine-en-chaleur-disponible-24-24--775058.html,2626,2026-08-31T13:11:00,21.0
,Casablanca,Bmassage a domicil,https://ma.afribaba.com/casablanca/decouvrez-fiona-une-femme-elegante-charismatique-et-pleine-d-assuran-767304.html,2623,2026-08-16T18:17:00,35.7
,Casablanca,BHouda diamo,https://ma.afribaba.com/casablanca/ihssan-taille-thabal-deplacement--786395.html,2628,2026-09-21T10:47:54.828370,0.1
,Casablanca,PAsma,https://ma.afribaba.com/casablanca/jeune-escorte-africa-viens-me-gouter-bb-784069.html,2621,2026-09-17T16:46:00,3.8
,Racine (Casablanca)Casablanca,PRaïssa Bb,https://ma.afribaba.com/casablanca/deplacement-uniquement-hotels-ou-chez-toi-bb-688152.html,2617,2026-06-27T13:21:00,85.9
,BourgogneCasablanca,PErica pro,https://ma.afribaba.com/casablanca/-belle-black-excite-extreme-orgasme-trop-envie-h24--768611.html,2617,2026-08-18T23:04:00,33.5
,Casablanca,BCharles Douglas,https://ma.afribaba.com/casablanca/se-deplace-hot-sexy-deplacement--781823.html,2600,2026-09-10T03:33:00,11.4
,BourgogneCasablanca,BLe Roi Du nord,https://ma.afribaba.com/casablanca/-blache-sexy-black-africaine-disponible-24-24--786194.html,2699,2026-09-21T11:35:56.797204,0.0
,Casablanca,BHouda diamo,https://ma.afribaba.com/casablanca/sanaa-la-mignonne-se-deplace--787030.html,2730,2026-09-21T11:24:55.996984,0.0
,BourgogneCasablanca,BLyne Kloe,https://ma.afribaba.com/casablanca/fatime-sexy-et-fontaine-boulevard-anfa-782526.html,2579,2026-09-14T15:49:00,6.8
,OulfaCasablanca,Bami,https://ma.afribaba.com/casablanca/-ami-masseuse-africaine-sexy-disponible-a-casa-oulfa--773523.html,2576,2026-08-28T15:07:00,23.9
,OulfaCasablanca,BPlaisir Service,https://ma.afribaba.com/casablanca/black-sex-e-bon-pepite-chic-massage-hot-finition-chaud-au-lit--773596.html,2551,2026-08-28T16:43:00,23.8
,Casablanca,Bmassage a domicil,https://ma.afribaba.com/casablanca/serena-incarne-l-amp-039-elegance-le-raffinement-et-la-feminite-nouvelle-763376.html,2548,2026-08-09T15:26:00,42.9
,Casablanca,BClara,https://ma.afribaba.com/casablanca/-clara-chaude-black-sexy-bien-excite--786301.html,2691,2026-09-21T11:41:58.167897,0.0
,Casablanca,BIkram,https://ma.afribaba.com/casablanca/ikram-sexy-fille-bomb-au-center-de-oasis--787165.html,2578,2026-09-20T07:36:00,1.2
,Casablanca,BHouda diamo,https://ma.afribaba.com/casablanca/se-deplace-toop-escort-de-luxe-deplacement--787082.html,2699,2026-09-21T10:40:58.400281,0.1
,OulfaCasablanca,BPlaisir Service,https://ma.afribaba.com/casablanca/-ba-isa-chaud-jolie-masseuse-finition-domicile-h24--771522.html,2531,2026-08-24T17:11:00,27.8
,Casablanca,BRose le cœur damp039amour,https://ma.afribaba.com/casablanca/diamant-sexy-masseuse-avec-finition-784437.html,2532,2026-09-18T11:47:00,3.0
,BourgogneCasablanca,PMalak,https://ma.afribaba.com/casablanca/kanjawb-telegram-aji-bb-nthela-fik-774545.html,2532,2026-09-05T03:40:00,16.3
,OulfaCasablanca,BPlaisir Service,https://ma.afribaba.com/casablanca/-bb-vient-on-bai-se-position-sexy-finition-tof-reels--779231.html,2528,2026-09-08T01:19:00,13.4
,OulfaCasablanca,BPlaisir Service,https://ma.afribaba.com/casablanca/sexy-taille-fine-skinny-finition-top-plaisir-781842.html,2517,2026-09-13T09:33:00,8.1
,CIL (Casablanca)Casablanca,PHiba Hanina,https://ma.afribaba.com/casablanca/hiba-queene-appele-video-et-les-packs-683326.html,2514,2026-04-12T23:36:00,161.5
,Aïn DiabCasablanca,PFarah010,https://ma.afribaba.com/casablanca/slm-sex-cam-ett-packk-m39ol--774830.html,2512,2026-08-27T22:12:00,24.6
,Casablanca,POlivia,https://ma.afribaba.com/casablanca/une-experience-de-fou-sur-casablanca-jeune-escorte-africa--785714.html,2518,2026-09-20T15:16:00,0.9
,OulfaCasablanca,PPlaisir,https://ma.afribaba.com/casablanca/-sexy-africaine-tres-belle-et-douce-j-amp-039-adore--787239.html,2782,2026-09-21T10:54:00.309404,0.0
,Aïn DiabCasablanca,PFarah010,https://ma.afribaba.com/casablanca/salam-sexx-cam-et-pack--776378.html,2492,2026-08-30T21:57:00,21.6
,Casablanca,BTrue love,https://ma.afribaba.com/casablanca/-mariam-sexy-black-masseuse-finition--779544.html,2493,2026-09-08T18:45:00,12.7
,OulfaCasablanca,PNisrine Benkhalil,https://ma.afribaba.com/casablanca/promo-7arraa-bb-appel-sexcam-njibuh-bjuuj-bb--775432.html,2491,2026-08-29T00:00:00,23.5
,Casablanca,PSweetCum for Lady,https://ma.afribaba.com/casablanca/un-homme-calme-et-discret-vous-accueilles-chaleureusement-653738.html,2492,2025-12-22T23:36:00,272.5
,Casablanca,BLe Roi Du nord,https://ma.afribaba.com/casablanca/-audrey-black-fontaine-disponible-24-24--777758.html,2491,2026-09-05T13:56:00,15.9
,BelvédèreCasablanca,PNa Daa afrri,https://ma.afribaba.com/casablanca/disponibles-les-packs-et-sexcaam--765740.html,2490,2026-08-14T15:12:00,37.9
,Casablanca,BEva,https://ma.afribaba.com/casablanca/eva-jolie-africainne-bien-soignee-a-mer-786202.html,2517,2026-09-21T11:34:03.004169,0.0
,Sidi MaâroufCasablanca,PNadia Sey,https://ma.afribaba.com/casablanca/cathie-la-reine-du-plaisir-massage-finition-786884.html,2683,2026-09-21T11:28:03.391706,0.0
,Aïn DiabCasablanca,PFarah010,https://ma.afribaba.com/casablanca/huey-sex-cam-ett-packk--783401.html,2482,2026-09-13T00:17:00,8.5
,OulfaCasablanca,BPlaisir Service,https://ma.afribaba.com/casablanca/bb-grace-h24-finition-sex-e-plaisir-intense-appelez-moi-bb-780187.html,2477,2026-09-10T04:21:00,11.3
,Casablanca,PFatim pro,https://ma.afribaba.com/casablanca/-au-c-ur-du-sex-e-je-b-aise-bien-bb-incroyable-au-lit--786310.html,2491,2026-09-21T11:05:04.029424,0.0
,OulfaCasablanca,BPlaisir Service,https://ma.afribaba.com/casablanca/finition-sexy-top-plaisir-de-qualite-vient-me-niquer-la-ch-atte--780932.html,2455,2026-09-11T14:22:00,9.9
,BelvédèreCasablanca,PSa Raa,https://ma.afribaba.com/casablanca/aji-njiboh-ana-wyaak-kbeda-dyali-et-les-packs--777587.html,2454,2026-09-02T00:49:00,19.5
,CIL (Casablanca)Casablanca,BJunior Mazam,https://ma.afribaba.com/casablanca/cc-mes-loves-c-est-la-sexy-alice-chaude-pour-vous-me-bb--781215.html,2451,2026-09-11T21:48:00,9.6
,BourgogneCasablanca,PAngela pro,https://ma.afribaba.com/casablanca/-adore-le-sex-e-prestation-de-qualites-hot-finition-h24--771056.html,2440,2026-08-23T18:42:00,28.7
,Aïn DiabCasablanca,PQueen Sousou,https://ma.afribaba.com/casablanca/ajiiii-bb-ana-disponible-a7777-souky-appel-video-et-packs-videos-681040.html,2437,2026-02-13T04:56:00,220.3
,Casablanca,PDimaria Angel,https://ma.afribaba.com/casablanca/angela-la-chaude-black-africaine-disponible-h24-sur-casablanca-785626.html,2438,2026-09-20T13:01:00,1.0
,Casablanca,PAmifou Sange,https://ma.afribaba.com/casablanca/mimi-femme-jolie-massage-plus-finition--785653.html,2434,2026-09-20T13:44:00,0.9
,Casablanca,BRim,https://ma.afribaba.com/casablanca/ghiita-de-21-ans-top-girl--786932.html,2586,2026-09-21T11:19:06.261206,0.0
,OulfaCasablanca,BPlaisir Service,https://ma.afribaba.com/casablanca/escorte-africa-bon-gout-baizz-vaginale-domicile--777350.html,2422,2026-09-04T18:09:00,16.7
,OulfaCasablanca,BSarah,https://ma.afribaba.com/casablanca/sarah-nouvelle-et-belle-est-disponible--778328.html,2418,2026-09-06T14:44:00,14.9
,BourgogneCasablanca,BSidigui,https://ma.afribaba.com/casablanca/belva-la-chaude-black-africaine-disponible-h24-sur-bourgogne-782392.html,2419,2026-09-14T11:54:00,7.0
,CalifornieCasablanca,PSa Ra,https://ma.afribaba.com/casablanca/saara-les-pack-et-sexcaaam-confiance--787035.html,2432,2026-09-19T22:47:00,1.6
,Casablanca,BKamelya,https://ma.afribaba.com/casablanca/versatile--772967.html,2414,2026-09-11T11:45:00,10.0
,Casablanca,BSalut098,https://ma.afribaba.com/casablanca/aya-22-bb-aji-3andi-nthlaw-fi-b3dyatna-maghdich-tndm-bb--731513.html,2406,2026-06-08T12:44:00,105.0
,Casablanca,BRachou,https://ma.afribaba.com/casablanca/disponible-belle-black-africaine-chaude-24-24-748846.html,2401,2026-07-12T23:19:00,70.5
,Casablanca,BLe Roi Du nord,https://ma.afribaba.com/casablanca/-claudia-chocolat-noir-africain-disponible-24-24--772263.html,2396,2026-08-25T20:24:00,26.7
,Aïn DiabCasablanca,PFarah010,https://ma.afribaba.com/casablanca/hiiii-sex-cam-et-pack--758261.html,2391,2026-07-27T19:38:00,55.7
,Sidi MaâroufCasablanca,PMia pro,https://ma.afribaba.com/casablanca/-belle-chatte-excite-top-massage-hot-finition-h24--780246.html,2387,2026-09-10T12:44:00,11.0
,OulfaCasablanca,BSofia,https://ma.afribaba.com/casablanca/sofia-sexy-africaine-tres-belle-et-douce-casablanca--786097.html,2525,2026-09-21T11:15:08.787450,0.0
,Casablanca,Bneyma,https://ma.afribaba.com/casablanca/-finition-inoubliable-chez-neyma-charmante-black-disponible-h24--785856.html,2388,2026-09-20T19:53:00,0.7
,BourgogneCasablanca,PNiha Nouha,https://ma.afribaba.com/casablanca/kndir-pack-o-apl-video-bb-aji-telegram-njiboh-bjoooj--785729.html,2377,2026-09-20T15:58:00,0.8
,Casablanca,BOrnella,https://ma.afribaba.com/casablanca/top-service-de-qualite-belle-prestation-parles-moi-vite-bb--780670.html,2377,2026-09-10T23:17:00,10.5
,CIL (Casablanca)Casablanca,PAnas El Aqsassi,https://ma.afribaba.com/casablanca/chkoon-bghat-19-cm-twil-i3jbk-bebe-598002.html,2364,2026-07-23T13:43:00,59.9
,Casablanca,BMassage à domicile,https://ma.afribaba.com/casablanca/-sonia-sexy-black-fontaine-gironde-disponible-24-24--785557.html,2373,2026-09-20T11:13:00,1.0
,Casablanca,BLeroy Remi,https://ma.afribaba.com/casablanca/dorvine-la-chaude-black-africaine-disponible-h24-sur-casablanca-781283.html,2351,2026-09-11T23:50:00,9.5
,Casablanca,BLe Roi Du nord,https://ma.afribaba.com/casablanca/-sandra-sexy-black-africaine-chaude-disponible-24-24--778308.html,2351,2026-09-06T14:24:00,14.9
,OulfaCasablanca,PAnass Aniss,https://ma.afribaba.com/casablanca/alice-massage-a-domicile-plaisir-assurer--787217.html,2403,2026-09-21T11:15:11.418409,0.0
,Casablanca,BElodie Zuina,https://ma.afribaba.com/casablanca/-christelle2-la-douce-et-sexy-masseuse-africaine-780920.html,2349,2026-09-11T14:10:00,9.9
,Casablanca,BJunior,https://ma.afribaba.com/casablanca/la-jeune-karine-africaine-je-suis-disponible--731853.html,2334,2026-06-08T21:36:00,104.6
,Casablanca,BAicha,https://ma.afribaba.com/casablanca/aicha-exy-afro-black-bio-v-i-p-casa--787065.html,2425,2026-09-21T11:08:12.543284,0.0
,OulfaCasablanca,Pdavila,https://ma.afribaba.com/casablanca/-davila-la-sublime-masseuse-black-haut-finition-dispo-h24-786699.html,2377,2026-09-21T11:34:12.354053,0.0
,CIL (Casablanca)Casablanca,BPlaisir Service,https://ma.afribaba.com/casablanca/sexy-meilleur-baisseuse-taille-fine-100-finition-va-gi-nal--777353.html,2318,2026-09-04T18:14:00,16.7
,BelvédèreCasablanca,PStar Boy,https://ma.afribaba.com/casablanca/didi-massage-a-domicile-24-24-780032.html,2313,2026-09-09T19:54:00,11.7
,Casablanca,BLe Roi Du nord,https://ma.afribaba.com/casablanca/-flore-black-fontaine-disponible-24-24--780048.html,2309,2026-09-09T21:28:00,11.6
,Aïn DiabCasablanca,PAyacam,https://ma.afribaba.com/casablanca/salaam-li-bgha-kefto-sex-cam-ett-pack-785340.html,2305,2026-09-16T21:57:00,4.6
,Casablanca,BVGL,https://ma.afribaba.com/casablanca/la-reine-des-boobs-je-vous-attends-pour-un-moment-de-plaisir-787187.html,2501,2026-09-21T11:32:14.442526,0.0
,Casablanca,PAicha,https://ma.afribaba.com/casablanca/une-excellente-delise-sur-casablanca-jeune-escorte-africa--777888.html,2304,2026-09-05T16:56:00,15.8
,Les Roches NoiresCasablanca,BPamela sexy,https://ma.afribaba.com/casablanca/-xxl-mature-viens-faire-un-plaisir-intense--787053.html,2324,2026-09-21T11:12:14.848424,0.0
,Aïn DiabCasablanca,PMR SSS,https://ma.afribaba.com/casablanca/doz-endi-l-telegram-db-njiboh-f-sex-cam-db-db-db-rani-zmlt-785063.html,2303,2026-09-19T13:40:00,1.9
,Casablanca,BAïcha,https://ma.afribaba.com/casablanca/-aicha-sexy-black-chaude-scort-h24--772224.html,2300,2026-08-25T19:16:00,26.7
,OulfaCasablanca,BPlaisir Service,https://ma.afribaba.com/casablanca/pulpeuse-seance-vaginale-chaud-finition-chez-moi--772122.html,2302,2026-08-25T16:26:00,26.8
,Casablanca,BMalika,https://ma.afribaba.com/casablanca/-desir-senxeulle-intense-massage-hop-finition--784095.html,2300,2026-09-17T17:55:00,3.8
,Casablanca,BMassage à domicile,https://ma.afribaba.com/casablanca/-zeinab-sexy-black-fontaine-mer-sultan-professionnel--786450.html,2420,2026-09-21T11:34:16.392099,0.0
,Casablanca,BLa princesse Bibiche,https://ma.afribaba.com/casablanca/bibyche-masseuse-black-hyper-chaude-maarif--787379.html,2960,2026-09-21T11:03:16.708398,0.0
,Casablanca,BSarah,https://ma.afribaba.com/casablanca/-masseuse-black-classe-jolie-jeune-black-dispo-h24-casa-775219.html,2290,2026-08-31T18:03:00,20.7
,Casablanca,PDiamond Diam,https://ma.afribaba.com/casablanca/se-deplace-tji-tdini-top-escort--726243.html,2288,2026-05-25T21:45:00,118.6
,Aïn DiabCasablanca,PAyacam,https://ma.afribaba.com/casablanca/--787146.html,2301,2026-09-20T02:19:00,1.4
,OulfaCasablanca,PSarabenjallil,https://ma.afribaba.com/casablanca/disponible-promo-sexcam-7araa-njibuh-bjuujj-bb--784271.html,2284,2026-09-14T23:40:00,6.5
,Casablanca,BLeila,https://ma.afribaba.com/casablanca/leila-small-girl-bien-tracer-jolie-fesse-top-one-sexy-vgl-disp-anfa-787261.html,2335,2026-09-21T11:02:18.461742,0.0
,BelvédèreCasablanca,PSa Raa,https://ma.afribaba.com/casablanca/sara--779150.html,2278,2026-09-04T23:27:00,16.5
,Aïn DiabCasablanca,PFarah010,https://ma.afribaba.com/casablanca/hey-sex-cam-ett-pack--752677.html,2276,2026-07-16T23:59:00,66.5
,BourgogneCasablanca,BGirl Latina,https://ma.afribaba.com/casablanca/narjis-superbe-sex-illimite-taille-waw--787266.html,2456,2026-09-21T11:30:18.194344,0.0
,Casablanca,PAshley pro,https://ma.afribaba.com/casablanca/-je-b-aise-bien-bb-top-massage-et-finition-black-excite--781702.html,2268,2026-09-12T21:22:00,8.6
,Casablanca,BRim,https://ma.afribaba.com/casablanca/sawssan-de-19-ans-top-girl--787289.html,2663,2026-09-21T10:44:19.527929,0.1
,Casablanca,Bje suis Layla masseuse,https://ma.afribaba.com/casablanca/je-suis-le-genre-de-fille-qui-met-les-gens-a-l-amp-039-aise-naturellement--784145.html,2260,2026-09-17T20:05:00,3.7
,Casablanca,BJosey,https://ma.afribaba.com/casablanca/-oh-bb-j-ai-envie-viens-on-b-ise-je-suis-chaude--786821.html,2440,2026-09-21T10:38:19.922824,0.1
,Casablanca,BBolivie,https://ma.afribaba.com/casablanca/-masseuse-pro-dispo-daba-a-casa-boulevard-anfa--786126.html,2389,2026-09-21T11:46:20.713901,0.0
,OulfaCasablanca,PBenkhalil Nisrine,https://ma.afribaba.com/casablanca/promo-appel-sexcam-njibub-bjuuuj-bb-pack-top-soni-kbidaa--776991.html,2235,2026-08-31T23:58:00,20.5
,Casablanca,Bmassage a domicil,https://ma.afribaba.com/casablanca/j-aime-naturellement-prendre-les-commandes-mon-univers-est-fait-de-ch-778601.html,2231,2026-09-06T22:02:00,14.6
,Casablanca,BMassage sensuelle,https://ma.afribaba.com/casablanca/massage-pour-femme-je-me-deplace--780026.html,2229,2026-09-09T19:17:00,11.7
,Casablanca,BSandra,https://ma.afribaba.com/casablanca/-massage-africaine-erotic-24h-24-778423.html,2226,2026-09-06T17:20:00,14.8
,BourgogneCasablanca,PMichel Beau,https://ma.afribaba.com/casablanca/nouveau-masseur-bourgogne-786495.html,2262,2026-09-18T22:46:00,2.6
,Casablanca,BHouda diamo,https://ma.afribaba.com/casablanca/douaa-nouvelle-fille-nthala-fik-beby--787255.html,2276,2026-09-21T10:33:21.937181,0.1
,BelvédèreCasablanca,BLe Roi Du nord,https://ma.afribaba.com/casablanca/-jaelle-sexy-black-africaine-disponible-24-24--777228.html,2221,2026-09-04T14:41:00,16.9
,Casablanca,BAicha,https://ma.afribaba.com/casablanca/aicha-super-massage-finition--786661.html,2250,2026-09-21T11:34:22.777936,0.0
,Casablanca,BMassage à domicile,https://ma.afribaba.com/casablanca/-sonia-sexy-black-fontaine-bourgone-disponible-24-24--786401.html,2311,2026-09-21T10:52:22.223186,0.0
,Les Roches NoiresCasablanca,PSpa de lespoir,https://ma.afribaba.com/casablanca/kia-jolie-sexy--778543.html,2213,2026-09-12T22:42:00,8.6
,Casablanca,BMiriam,https://ma.afribaba.com/casablanca/-ch-tte-bien-mouiller-casa-boulevard-anfa--786349.html,2240,2026-09-21T11:00:23.342333,0.0
,CalifornieCasablanca,PSa Raa,https://ma.afribaba.com/casablanca/sa-ra-les-pack-et-sexcaam-disponible--775422.html,2208,2026-09-01T15:24:00,19.9
,Casablanca,BMassage à domicile,https://ma.afribaba.com/casablanca/-sadia-sexy-black-fontaine-gironde-disponible-24-24--786994.html,2354,2026-09-21T11:25:24.356997,0.0
,Casablanca,BZena,https://ma.afribaba.com/casablanca/-sexy-zena-inoubliable-massage-finition-de-reve--771199.html,2207,2026-08-23T22:48:00,28.6
,Casablanca,BRose,https://ma.afribaba.com/casablanca/rose-bonbon-afro-black-sensuel-bien-excite--781208.html,2198,2026-09-11T21:44:00,9.6
,CIL (Casablanca)Casablanca,BOumou Palgo,https://ma.afribaba.com/casablanca/sexy-girl-561812.html,2194,2025-06-07T00:24:00,471.5
,Casablanca,BGrace Divine,https://ma.afribaba.com/casablanca/chocolat-naturel-massage-a-chaud--680456.html,2178,2026-02-15T00:14:00,218.5
,Aïn DiabCasablanca,PFarah010,https://ma.afribaba.com/casablanca/huuey-sex-cam-et-pack--779982.html,2173,2026-09-06T18:11:00,14.7
,Casablanca,BBoubacar Sidigui,https://ma.afribaba.com/casablanca/nelly-la-chaude-black-africaine-disponible-h24-sur-casablanca-774748.html,2171,2026-08-30T19:14:00,21.7
,OulfaCasablanca,PNisrine Benkhalil,https://ma.afribaba.com/casablanca/appel-kbida-promo-pack-sexcam-skhuna-nbr3-kbida--774678.html,2162,2026-08-27T17:40:00,24.8
,Aïn DiabCasablanca,PFarah010,https://ma.afribaba.com/casablanca/hey-seex-cam-et-pack--743142.html,2156,2026-06-28T22:19:00,84.6
,CalifornieCasablanca,PSa Raa,https://ma.afribaba.com/casablanca/sa-ra-les-pack-et-sexcaam--776012.html,2155,2026-08-30T00:29:00,22.5
,Casablanca,Bcynthia,https://ma.afribaba.com/casablanca/-cynthia-masseuse-sexy-avec-finition-de-qualite-h24-casa-775332.html,2154,2026-08-31T20:32:00,20.6
,OulfaCasablanca,BPlaisir Service,https://ma.afribaba.com/casablanca/sexe-black-out-massage-domicile-bon-plan-sex-uelle-finition-781523.html,2149,2026-09-12T15:30:00,8.9
,Casablanca,BRachelle bizi,https://ma.afribaba.com/casablanca/ciarra-masseuse-professionnelle-mer-sultan--771809.html,2147,2026-08-25T00:06:00,27.5
,Casablanca,Pmassage a domicil,https://ma.afribaba.com/casablanca/je-suis-une-massage-de-luxe-je-suis-layla-une-masseuse-elegante-inte-776746.html,2145,2026-09-03T19:23:00,17.7
,Aïn DiabCasablanca,PFarah010,https://ma.afribaba.com/casablanca/salam-sex-cam-et-packk--744826.html,2129,2026-07-02T00:40:00,81.5
,Casablanca,PFRANCOIS,https://ma.afribaba.com/casablanca/samira-la-chaude-et-jolie-black-africaine-dispo-h24-sur-casablanca-776848.html,2124,2026-09-03T19:54:00,17.7
,BelvédèreCasablanca,PAdil,https://ma.afribaba.com/casablanca/detente-plaisir-et-plus-encore--521385.html,2123,2025-07-05T15:46:00,442.8
,Casablanca,BLiliane,https://ma.afribaba.com/casablanca/liliane-sexy-afro-black-bio-v-i-p-hot-massage-786213.html,2157,2026-09-21T11:02:28.709149,0.0
,Casablanca,BHouda diamo,https://ma.afribaba.com/casablanca/ana-wma-copine-deplacement-plan-a3-chez-toi--786752.html,2118,2026-09-21T10:38:29.158137,0.1
,Casablanca,BMaéva,https://ma.afribaba.com/casablanca/salut-bb-je-suis-maeva-une-escorte-noire-afro-in-gironde--776757.html,2108,2026-09-03T18:01:00,17.7
,BelvédèreCasablanca,PMehdi Meho,https://ma.afribaba.com/casablanca/homme-mature-pour-les-desirs-des-femmes-593592.html,2104,2025-08-15T10:50:00,402.0
,Casablanca,BRania,https://ma.afribaba.com/casablanca/rania-titiza-a-casa--787390.html,2697,2026-09-21T11:20:29.844360,0.0
,Casablanca,Pimadsami,https://ma.afribaba.com/casablanca/pour-les-femmes-qui-veulent-du-vrai-20--712997.html,2081,2026-05-08T16:40:00,135.8
,Casablanca,Pslaky mony,https://ma.afribaba.com/casablanca/getting-so-much-hornier-waiting-for-you--680917.html,2073,2026-02-12T22:17:00,220.6
,Casablanca,BMalika,https://ma.afribaba.com/casablanca/-malika-chocolat-chaud-hop-finition-vip--786227.html,2170,2026-09-21T11:41:31.282005,0.0
,Casablanca,PSa Raa,https://ma.afribaba.com/casablanca/sara-disponible-les-pack-et-sexcaam--775423.html,2063,2026-09-01T15:25:00,19.9
,Aïn DiabCasablanca,PFarah010,https://ma.afribaba.com/casablanca/heyy-sex-cam-et-pack--754867.html,2058,2026-07-21T03:34:00,62.4
,BelvédèreCasablanca,PSa Raa,https://ma.afribaba.com/casablanca/sara-dispo-les-pack-et-sexcaam--778065.html,2054,2026-09-02T22:49:00,18.5
,Aïn DiabCasablanca,PFarah010,https://ma.afribaba.com/casablanca/huy-szx-cam-ett-pack--776861.html,2053,2026-08-31T20:54:00,20.6
,Aïn DiabCasablanca,PFarah010,https://ma.afribaba.com/casablanca/bonjour-sex-camm-et-packk--768961.html,2045,2026-08-16T21:16:00,35.6
,Aïn DiabCasablanca,PAsia E,https://ma.afribaba.com/casablanca/se-cam-est-les-packs-dispoo-endi-f-telegrame-mastrub-f-appel-hbi--785270.html,2037,2026-09-16T20:02:00,4.7
,OulfaCasablanca,PBenkhalil Nisrine,https://ma.afribaba.com/casablanca/promo-skhunna-bb-sexcam-7araa-bb-pack-top-njibuuh-bjuj-bb--778081.html,2034,2026-09-02T23:26:00,18.5
,Aïn DiabCasablanca,PFarah010,https://ma.afribaba.com/casablanca/heyy-seex-cam-ett-pack--770138.html,2029,2026-08-19T01:19:00,33.4
,Casablanca,BHind,https://ma.afribaba.com/casablanca/hind-chez-moi-bb-24h--787448.html,2116,2026-09-21T11:24:33.002961,0.0
,Aïn DiabCasablanca,PMalak Pack,https://ma.afribaba.com/casablanca/ajii-3ndi-telegram-nthela-fik-bb-773945.html,2021,2026-08-26T13:14:00,25.9
,Aïn DiabCasablanca,PFarah010,https://ma.afribaba.com/casablanca/bns-sex-cam-et-paack--743144.html,2019,2026-06-28T22:21:00,84.6
,Aïn DiabCasablanca,PFarah010,https://ma.afribaba.com/casablanca/bnj-sex-caam-et-pack-db--753827.html,2016,2026-07-18T22:36:00,64.6
,Casablanca,BN,https://ma.afribaba.com/casablanca/la-rose-lumiere-je-suis-nouvelle--719614.html,2010,2026-05-12T14:02:00,131.9
,OulfaCasablanca,PQueenserene,https://ma.afribaba.com/casablanca/promo-skhuna-bb-ash-katsna-soni-appel-sexcam-pack-njibuh-bjuj--776479.html,2008,2026-08-31T03:21:00,21.4
,Aïn DiabCasablanca,PFarah010,https://ma.afribaba.com/casablanca/heyy-sexx-cam-ett-pack--775334.html,2007,2026-08-28T21:22:00,23.6
,Aïn DiabCasablanca,PSexy Nihalle,https://ma.afribaba.com/casablanca/que-les-pack-et-les-sexcam--781615.html,2001,2026-09-09T20:00:00,11.7
,Casablanca,PSa Raa,https://ma.afribaba.com/casablanca/disponible-sexcaam-et-les-pack-bebe-db--776017.html,2001,2026-08-30T00:36:00,22.5
,OulfaCasablanca,BNathalie,https://ma.afribaba.com/casablanca/-nathalie-masseuse-black-avec-finition-vip-h24-casa--786760.html,2087,2026-09-21T11:26:36.870103,0.0
,CIL (Casablanca)Casablanca,PJulianna Dedi,https://ma.afribaba.com/casablanca/massage-pour-les-femmes-courtois--757708.html,1993,2026-07-29T17:11:00,53.8
,Aïn DiabCasablanca,PFarah010,https://ma.afribaba.com/casablanca/huy-sex-cam-et-pack--779615.html,1989,2026-09-05T21:25:00,15.6
,OulfaCasablanca,BRoseline,https://ma.afribaba.com/casablanca/-roseline-masseuse-sexy-avec-finition-h24-oulfa-casa--786709.html,2088,2026-09-21T10:50:37.439686,0.0
,Casablanca,PAïcha,https://ma.afribaba.com/casablanca/sexy-joli-fille-discrete-bisous--787247.html,2206,2026-09-21T11:32:36.618373,0.0
,OulfaCasablanca,BMassage pro,https://ma.afribaba.com/casablanca/lila-jolie-black-sensuel-finition-a-domicile-774840.html,1961,2026-08-27T22:58:00,24.5
,Aïn DiabCasablanca,PFarah010,https://ma.afribaba.com/casablanca/salam-sex-cam-et-paack--753819.html,1951,2026-07-18T22:24:00,64.6
,BelvédèreCasablanca,PRima Sexy,https://ma.afribaba.com/casablanca/cam-et-les-packs-avec-queen-rimaa--784795.html,1942,2026-09-15T22:22:00,5.6
,Casablanca,BSofya Nadine,https://ma.afribaba.com/casablanca/sofia-ana-nji-tal-3andek-3ndek-f-darek-se-deplace--782552.html,1940,2026-09-18T22:02:00,2.6
,BourgogneCasablanca,PSalwa,https://ma.afribaba.com/casablanca/salwa-les-pack-et-sexcaam-bb--776442.html,1937,2026-08-31T00:32:00,21.5
,Casablanca,BAna Sara,https://ma.afribaba.com/casablanca/hay-bb-bghiti-zin-ou-latay-ana-bb-mghadich-tndam-friza--726853.html,1922,2026-05-27T12:16:00,117.0
,BourgogneCasablanca,BBébé Miriam Mariam,https://ma.afribaba.com/casablanca/la-belle-aminatou-vip-finition-bomba-chaude--780348.html,1922,2026-09-10T15:35:00,10.9
,Aïn DiabCasablanca,PNihalle Sexy,https://ma.afribaba.com/casablanca/que-les-pack-et-les-sexcam--783506.html,1920,2026-09-13T12:02:00,8.0
,Casablanca,BLe Roi Du nord,https://ma.afribaba.com/casablanca/-alia-femme-fontaine-chaude-disponible-24-24--786328.html,2028,2026-09-21T10:44:39.668136,0.1
,OulfaCasablanca,BAïcha La Douce,https://ma.afribaba.com/casablanca/-aicha-la-douce-pour-un-plaisir-inoubliable-dispo-h24--787189.html,2100,2026-09-21T11:10:40.149735,0.0
,Casablanca,Bmassage a domicil,https://ma.afribaba.com/casablanca/emilia-bienvenue-dans-mon-univers-prive-a-casablanca-escorte-masseuse-775218.html,1918,2026-08-31T18:02:00,20.7
,BourgogneCasablanca,PSa Raa,https://ma.afribaba.com/casablanca/bnj-lees-pack-et-sexcaam-disponible--775420.html,1918,2026-09-01T15:24:00,19.9
,Casablanca,Pmassage a domicil,https://ma.afribaba.com/casablanca/rima-luxury-dominant-experience-in-casablanca--713573.html,1916,2026-04-30T18:14:00,143.7
,Aïn DiabCasablanca,PFarah010,https://ma.afribaba.com/casablanca/hey-sex-cam-ett-paack--768671.html,1905,2026-08-16T02:22:00,36.4
,Aïn DiabCasablanca,PAsia E,https://ma.afribaba.com/casablanca/se-cam-est-les-packs-dispoo-endii-f-telegram-confiance-bien-suur--780107.html,1893,2026-09-06T23:25:00,14.5
,Aïn DiabCasablanca,PFarah010,https://ma.afribaba.com/casablanca/hey-li-bghaa-sex-cam-et-packk--752195.html,1888,2026-07-16T02:11:00,67.4
,BelvédèreCasablanca,PKome 91,https://ma.afribaba.com/casablanca/beautiful-785463.html,1900,2026-09-20T00:47:00,1.5
,Aïn DiabCasablanca,PFarah010,https://ma.afribaba.com/casablanca/heyy-sex-caam-et-pack--776379.html,1883,2026-08-30T22:02:00,21.6
,CalifornieCasablanca,PSa Raa,https://ma.afribaba.com/casablanca/hbaabi-les-pack-et-sexcaam-disponible-bb--777229.html,1864,2026-09-04T14:44:00,16.9
,Casablanca,PElcaponoir Diamene,https://ma.afribaba.com/casablanca/bella-rene-du-sexes-massage-pro-mer-sultan--786149.html,1965,2026-09-21T11:21:42.894351,0.0
,Aïn DiabCasablanca,PFarah010,https://ma.afribaba.com/casablanca/slaam-sex-cam-ett-pack--782236.html,1858,2026-09-10T23:18:00,10.5
,Aïn DiabCasablanca,PFarah010,https://ma.afribaba.com/casablanca/huyy-sex-caam-ett-pack--781158.html,1857,2026-09-08T21:32:00,12.6
,Casablanca,BRose,https://ma.afribaba.com/casablanca/salut-bebe-je-suis-rose-black-escort-afro--778514.html,1857,2026-09-06T20:02:00,14.7
,BourgogneCasablanca,PSa Raa,https://ma.afribaba.com/casablanca/les-pack-et-sexcaam-confiance-aji-bb--776014.html,1848,2026-08-30T00:32:00,22.5
,Casablanca,BNada,https://ma.afribaba.com/casablanca/deplacement-sexy-et-mignonne-viens-bb--787342.html,2257,2026-09-21T10:36:44.674841,0.1
,Casablanca,PHakim80,https://ma.afribaba.com/casablanca/--554805.html,1836,2025-05-22T16:46:00,486.8
,Casablanca,B111a,https://ma.afribaba.com/casablanca/-msg-pour-les-packs-plan-qu-amp-039-avec-mes-clients--762469.html,1832,2026-08-04T21:41:00,47.6
,BelvédèreCasablanca,PBlondeSARAH,https://ma.afribaba.com/casablanca/packs-et-appl-vedios-avec-sarah--787353.html,1941,2026-09-20T17:10:00,0.8
,CalifornieCasablanca,PSa Raa,https://ma.afribaba.com/casablanca/salwa-les-pack-et-sexcaam-daba-bb--778092.html,1828,2026-09-02T23:46:00,18.5
,Hay El HassaniCasablanca,PSarah Abousaoud,https://ma.afribaba.com/casablanca/slm-babe-js-dsp-les-pack-et-appel-video-ana-kantsnak--783570.html,1826,2026-09-13T14:28:00,7.9
,Aïn DiabCasablanca,BRositaben,https://ma.afribaba.com/casablanca/appel-video-pack-doz-endi-nthla-fik--728459.html,1819,2026-06-05T14:11:00,107.9
,Casablanca,BNISSRINE RADI,https://ma.afribaba.com/casablanca/ghita-sex-cam-packs-vasy-bb-njiboh-bjoj--754877.html,1818,2026-07-21T04:36:00,62.3
,Aïn DiabCasablanca,PAsia E,https://ma.afribaba.com/casablanca/se-cam-est-les-packs-dispo-endi-f-telegram-confiance-bien-sur--774819.html,1817,2026-08-27T21:59:00,24.6
,Casablanca,BDina,https://ma.afribaba.com/casablanca/deplacement-vip-se-deplace-honey-girl--782190.html,1813,2026-09-11T01:20:00,10.4
,OulfaCasablanca,PBenkhalil Nisrine,https://ma.afribaba.com/casablanca/promo-bb-sexcam-7araa-pack-top-soni-kbidaa--777595.html,1811,2026-09-02T01:12:00,19.5
,Casablanca,Psoufiane jatoso,https://ma.afribaba.com/casablanca/massage-tout-type-592945.html,1803,2025-08-13T22:07:00,403.6
,Aïn DiabCasablanca,PFarah010,https://ma.afribaba.com/casablanca/hi-sex-cam-et-pack-skhon--743700.html,1797,2026-06-30T01:51:00,83.4
,Casablanca,BHouda diamo,https://ma.afribaba.com/casablanca/se-deplace-la-blonde-deplacement--787430.html,2449,2026-09-21T11:17:48.152257,0.0
,Aïn DiabCasablanca,PFarah010,https://ma.afribaba.com/casablanca/saluut-sex-cam-ett-packk--778064.html,1791,2026-09-02T22:41:00,18.6
,BourgogneCasablanca,PWissal,https://ma.afribaba.com/casablanca/aji-njiboh-b2-bb-787259.html,1798,2026-09-20T14:29:00,0.9
,Casablanca,PMr Yaqin,https://ma.afribaba.com/casablanca/--672253.html,1791,2026-01-31T15:41:00,232.8
,BelvédèreCasablanca,PSarah Abousaoud,https://ma.afribaba.com/casablanca/hi-babe-js-dsp-pr-les-pack-et-appel-video-merhba--787282.html,1807,2026-09-20T14:59:00,0.9
,Casablanca,BAmifou Sange,https://ma.afribaba.com/casablanca/masseuse-chic-finition-vaginale-des-reves--780675.html,1778,2026-09-10T23:18:00,10.5
,Aïn DiabCasablanca,PFarah010,https://ma.afribaba.com/casablanca/salm-sex-caam-ett-pack--760883.html,1776,2026-08-01T20:16:00,50.7
,BelvédèreCasablanca,BYasmine,https://ma.afribaba.com/casablanca/yasmine-sexy-black-tres-belle-et-douce-casablanca--787377.html,1924,2026-09-21T10:56:50.216832,0.0
,Oasis (Casablanca)Casablanca,PLiflow2018,https://ma.afribaba.com/casablanca/je-suis-un-homme-et-je-cherche-femme-mature-741751.html,1772,2026-06-26T10:39:00,87.1
,BourgogneCasablanca,BAngela sex,https://ma.afribaba.com/casablanca/-angela-sexy-black-fontaine-anfa-786198.html,1844,2026-09-21T11:45:51.004069,0.0
,Casablanca,BBLUE DIAMOND,https://ma.afribaba.com/casablanca/belle-black-sensuel-masseuse-pro-avec-finition-a-domicile-h24-786239.html,1884,2026-09-21T11:40:51.198959,0.0
,Aïn DiabCasablanca,PAmine el rradi,https://ma.afribaba.com/casablanca/massage-pour-les-hommes--613813.html,1760,2026-02-01T07:19:00,232.2
,Aïn DiabCasablanca,PFarah010,https://ma.afribaba.com/casablanca/saluttt-sex-cam-ett-packk--769654.html,1760,2026-08-18T12:17:00,34.0
,CalifornieCasablanca,BMayakhalifa,https://ma.afribaba.com/casablanca/aji-ahubi-njibuuh-bjuj-f-appel-video-nbr3ek-ahubi-787263.html,1764,2026-09-20T14:25:00,0.9
,Aïn DiabCasablanca,PRimaqueen,https://ma.afribaba.com/casablanca/sexcam-et-les-packs-avec-queen-rimaa--785447.html,1741,2026-09-17T01:05:00,4.5
,Casablanca,PNadia Sey,https://ma.afribaba.com/casablanca/natacha-sexy-black-africaine-votre-jouissance-sur-11-janvier-787271.html,1935,2026-09-21T11:08:52.056729,0.0
,Casablanca,PStar Boy,https://ma.afribaba.com/casablanca/olivia-la-belle-779433.html,1722,2026-09-08T15:25:00,12.9
,Casablanca,BJoudia Massage,https://ma.afribaba.com/casablanca/souka-bomba-top-finition-tacharouk-784066.html,1726,2026-09-14T17:33:00,6.8
,Casablanca,PSarah,https://ma.afribaba.com/casablanca/sarah-sexy-africaine-tres-belle-et-douce-casablanca--785661.html,1721,2026-09-20T13:50:00,0.9
,BelvédèreCasablanca,BKYAC,https://ma.afribaba.com/casablanca/-la-reine-du-massage-electrique--787158.html,1882,2026-09-21T11:36:53.807214,0.0
,BelvédèreCasablanca,PHa Za,https://ma.afribaba.com/casablanca/chaimae-appel-video-and-packs-784804.html,1714,2026-09-15T22:38:00,5.6
,Aïn DiabCasablanca,PFarah010,https://ma.afribaba.com/casablanca/hii-sex-cam-ett-pack--778566.html,1713,2026-09-03T21:54:00,17.6
,BourgogneCasablanca,PHiba Cam,https://ma.afribaba.com/casablanca/disponibile-maintenant-pour-les-packs-775997.html,1710,2026-08-30T00:02:00,22.5
,Aïn DiabCasablanca,PFarah010,https://ma.afribaba.com/casablanca/heeuy-sex-cam-ett-pack--778559.html,1709,2026-09-03T21:42:00,17.6
,CIL (Casablanca)Casablanca,PKholod Kholod,https://ma.afribaba.com/casablanca/kembali-video-video--748872.html,1711,2026-07-25T16:04:00,57.8
,Aïn DiabCasablanca,PFarah010,https://ma.afribaba.com/casablanca/hey-sex-cam-et-packk--751856.html,1694,2026-07-15T15:58:00,67.8
,Aïn DiabCasablanca,PFarah010,https://ma.afribaba.com/casablanca/heyy-seex-caam-et-packk--760887.html,1689,2026-08-01T20:20:00,50.7
,Sidi MaâroufCasablanca,PFifi La Coquette,https://ma.afribaba.com/casablanca/zara-la-belle-et-chaude-black--784162.html,1700,2026-09-17T20:07:00,3.7
,Aïn DiabCasablanca,PFarah010,https://ma.afribaba.com/casablanca/seex-cam-and-packk--757091.html,1686,2026-07-25T14:42:00,57.9
,CalifornieCasablanca,PNa Daa afrri,https://ma.afribaba.com/casablanca/nadaaa-lees-pack-et-sexcaam--764268.html,1685,2026-08-14T15:12:00,37.9
,Aïn DiabCasablanca,PFarah010,https://ma.afribaba.com/casablanca/-szx-cam-ett-pack--775736.html,1682,2026-08-29T16:42:00,22.8
,Aïn DiabCasablanca,PAyacam,https://ma.afribaba.com/casablanca/sallm-sex-cam-ett-pack--786469.html,1678,2026-09-18T22:20:00,2.6
,BelvédèreCasablanca,PSa Raa,https://ma.afribaba.com/casablanca/sexcaam-et-les-packs-disponibles--776449.html,1661,2026-08-31T00:42:00,21.5
,Aïn DiabCasablanca,PFarah010,https://ma.afribaba.com/casablanca/salaam-sex-cam-ett-pack--770091.html,1661,2026-08-19T00:07:00,33.5
,Casablanca,PHakim80,https://ma.afribaba.com/casablanca/--555522.html,1660,2025-05-24T01:55:00,485.4
,OulfaCasablanca,PQueenserene,https://ma.afribaba.com/casablanca/la-promo-top-bb-sexcam-njibuh-bjuuuj-sonii-kbida-778669.html,1660,2026-09-04T01:21:00,17.4
,BourgogneCasablanca,BANITA,https://ma.afribaba.com/casablanca/-anita-nouvelle-gout-hot-blow-job-va-gi-nal--786633.html,1743,2026-09-21T10:32:58.202693,0.1
,BelvédèreCasablanca,PAdil,https://ma.afribaba.com/casablanca/pure-detente-a-domicile-466954.html,1646,2024-09-29T17:31:00,721.8
,BelvédèreCasablanca,BOLIVIA,https://ma.afribaba.com/casablanca/-olivia-nouvelle-bombe-hot-blow-job-va-gi-nal--786273.html,1749,2026-09-21T11:23:58.556305,0.0
,OulfaCasablanca,PSaid,https://ma.afribaba.com/casablanca/massage-pour-les-fammes--467158.html,1639,2025-06-12T11:54:00,466.0
,Aïn DiabCasablanca,PFarah010,https://ma.afribaba.com/casablanca/hey-sex-camm-et-et-paack--769061.html,1639,2026-08-17T01:49:00,35.4
,Aïn DiabCasablanca,PFarah010,https://ma.afribaba.com/casablanca/salm-sex-cam-et-pack--746221.html,1630,2026-07-04T21:15:00,78.6
,Sidi MaâroufCasablanca,BTiti,https://ma.afribaba.com/casablanca/hot-massage-chez-titi-781085.html,1627,2026-09-08T19:41:00,12.7
,Racine (Casablanca)Casablanca,Psouhaila004,https://ma.afribaba.com/casablanca/sofia-je-me-deplace-a-casa--787249.html,1678,2026-09-20T14:00:00,0.9
,Aïn DiabCasablanca,PFarah010,https://ma.afribaba.com/casablanca/salmm-sex-cam-ett-packk--774158.html,1615,2026-08-26T18:29:00,25.7
,Casablanca,PLe Roi Du nord,https://ma.afribaba.com/casablanca/-aria-sexy-black-africaine-disponible-24-24--777995.html,1607,2026-09-05T20:05:00,15.7
,Aïn DiabCasablanca,PFarah010,https://ma.afribaba.com/casablanca/salut-sex-cam-et-paack--756093.html,1603,2026-07-23T16:32:00,59.8
,CalifornieCasablanca,PSexyLady,https://ma.afribaba.com/casablanca/les-packs-et-les-appeles-avec-sarah--786561.html,1601,2026-09-19T00:59:00,2.5
,BourgogneCasablanca,PRimelghali,https://ma.afribaba.com/casablanca/les-packs-et-sexcam-ahbiba-786532.html,1603,2026-09-19T00:16:00,2.5
,Casablanca,PDouae,https://ma.afribaba.com/casablanca/aji-ahobi-merhba-bik-ana-tansaynk-631830.html,1596,2026-01-12T16:40:00,251.8
,Aïn DiabCasablanca,PPaolo Gaime ouver,https://ma.afribaba.com/casablanca/massage-satisfaisant-690809.html,1588,2026-03-14T22:50:00,190.5
,Aïn DiabCasablanca,PAsia E,https://ma.afribaba.com/casablanca/se-cam-est-les-packes-dispo-endi-f-telegram-mastrub-f-appel-hbi--787333.html,1639,2026-09-20T16:28:00,0.8
,Sidi MaâroufCasablanca,BBelle,https://ma.afribaba.com/casablanca/hot-massage-et-finition-chez-bella--781558.html,1585,2026-09-12T17:54:00,8.8
,Casablanca,PHouda Farihi,https://ma.afribaba.com/casablanca/aji-ahoupi-nji-oh-bzouj-f-appel-video--786433.html,1584,2026-09-18T21:37:00,2.6
,OulfaCasablanca,PNisrine Benkhalil,https://ma.afribaba.com/casablanca/kbida-ntsnak-njibuh-bjuj-promo-top-appel-sexcam-pack--775809.html,1576,2026-08-29T19:04:00,22.7
,Aïn DiabCasablanca,PFarah010,https://ma.afribaba.com/casablanca/bnjr-sex-cam-ett-packk--774827.html,1570,2026-08-27T22:07:00,24.6
,Aïn DiabCasablanca,PFarah010,https://ma.afribaba.com/casablanca/salmm-sex-caam-et-pack--768844.html,1566,2026-08-16T16:33:00,35.8
,Aïn DiabCasablanca,PFarah010,https://ma.afribaba.com/casablanca/hey-sex-cam-njiboh-et-pack--742238.html,1561,2026-06-27T01:40:00,86.4
,Aïn DiabCasablanca,PSami Oumar,https://ma.afribaba.com/casablanca/masseur-personnalise-pour-famme-a-domicile-563991.html,1560,2026-08-28T05:39:00,24.3
,Aïn DiabCasablanca,PFarah010,https://ma.afribaba.com/casablanca/salam-li-bgha-sex-cam-w-pack-marhba--741722.html,1555,2026-06-26T02:53:00,87.4
,Aïn DiabCasablanca,PAyacam,https://ma.afribaba.com/casablanca/salm-sex-cam-et-pack--785910.html,1555,2026-09-17T23:04:00,3.5
,BelvédèreCasablanca,PFarah010,https://ma.afribaba.com/casablanca/hey-sex-cam-et-paaack--758469.html,1546,2026-07-28T02:12:00,55.4
,BourgogneCasablanca,PDohanjar,https://ma.afribaba.com/casablanca/les-packs-et-sexcam-785361.html,1539,2026-09-16T22:41:00,4.6
,CalifornieCasablanca,PSa Raa,https://ma.afribaba.com/casablanca/toutes-les-pack-et-sexcaam-confiance--777585.html,1537,2026-09-02T00:45:00,19.5
,Casablanca,PAïcha,https://ma.afribaba.com/casablanca/aicha-jolie-black-africaine-finition-au-mouhamedia-24-h--784634.html,1525,2026-09-18T17:24:00,2.8
,Casablanca,PHouda,https://ma.afribaba.com/casablanca/aji-ah-oui-les-packs-et-sexcam-je-suis-interste-bb--784130.html,1523,2026-09-14T19:59:00,6.7
,OulfaCasablanca,PQueenserene,https://ma.afribaba.com/casablanca/-appel-sexcam-pack-soni-kbidaa-778860.html,1522,2026-09-04T16:01:00,16.8
,Casablanca,PHamid Nami,https://ma.afribaba.com/casablanca/nhwik-ahsan-hawya-fhyatk-sefti-msg-f-wtsp--576762.html,1502,2026-02-27T03:05:00,206.4
,Casablanca,PSawala Cam pcak,https://ma.afribaba.com/casablanca/aji-ahubi-njibuuh-bjuj-f-appel-video-nbr3ek-ahubi-787265.html,1501,2026-09-20T14:31:00,0.9
,Aïn DiabCasablanca,BFarah010,https://ma.afribaba.com/casablanca/salutt-sex-cam-ettt-pack--762288.html,1485,2026-08-04T17:10:00,47.8
,BourgogneCasablanca,BLyne Kloe,https://ma.afribaba.com/casablanca/fatime-fontain-africaine-a-anfa-casablanca-786214.html,1495,2026-09-21T11:21:08.127827,0.0
,Aïn DiabCasablanca,PFarah010,https://ma.afribaba.com/casablanca/salm-sex-cam-ett-packs--775197.html,1480,2026-08-28T18:04:00,23.7
,Casablanca,PWissald,https://ma.afribaba.com/casablanca/shaams01-787251.html,1498,2026-09-21T10:49:08.665885,0.0
,BelvédèreCasablanca,PAdil,https://ma.afribaba.com/casablanca/controle-detente-abandon-total--706532.html,1472,2026-04-13T23:24:00,160.5
,Aïn DiabCasablanca,PAyacam,https://ma.afribaba.com/casablanca/salam-sex-cam-et-pack--784051.html,1466,2026-09-14T17:16:00,6.8
,CalifornieCasablanca,PNa Daa afrri,https://ma.afribaba.com/casablanca/naada-lees-pack-special-amp-amp-sexcaam--765088.html,1464,2026-08-14T15:13:00,37.9
,BelvédèreCasablanca,PFarah010,https://ma.afribaba.com/casablanca/hi-sex-cam-ett-pack--744832.html,1455,2026-07-02T00:47:00,81.5
,Casablanca,PHiba Hanina,https://ma.afribaba.com/casablanca/ana-dispo-li-bagha-chi-sexcam-skhoune-db-784179.html,1454,2026-09-14T21:20:00,6.6
,Aïn DiabCasablanca,PFarah010,https://ma.afribaba.com/casablanca/salut-sexx-cam-ett-pack-ayyy--758468.html,1444,2026-07-28T02:10:00,55.4
,BelvédèreCasablanca,PStar Boy,https://ma.afribaba.com/casablanca/samira-la-nouvelle-masseuse-779445.html,1427,2026-09-08T15:51:00,12.8
,Casablanca,BMassage à domicile,https://ma.afribaba.com/casablanca/-mariam-sexy-black-fontaine-masseuse-professionnel--787229.html,1577,2026-09-21T11:46:11.569835,0.0
,Aïn DiabCasablanca,P𝗦𝗔𝗥𝗔,https://ma.afribaba.com/casablanca/sara-packs-et-sexcam-ajii-telegram--786776.html,1463,2026-09-19T15:31:00,1.9
,Casablanca,PSalmarabah,https://ma.afribaba.com/casablanca/les-packs-et-sex-cam-785377.html,1418,2026-09-16T23:31:00,4.5
,Les Roches NoiresCasablanca,PSpa de lespoir,https://ma.afribaba.com/casablanca/salyblackchaud--784169.html,1420,2026-09-14T21:37:00,6.6
,BelvédèreCasablanca,PSa Raaa,https://ma.afribaba.com/casablanca/saara-les-app-vd-et-lees-packs-aje-ahby-db--784159.html,1396,2026-09-14T20:48:00,6.6
,CalifornieCasablanca,Bhiba,https://ma.afribaba.com/casablanca/disponible-maintenant-pour-784857.html,1393,2026-09-15T23:47:00,5.5
,BourgogneCasablanca,BFifi La Coquette,https://ma.afribaba.com/casablanca/massage-chez-latifah-777976.html,1382,2026-09-05T19:43:00,15.7
,CalifornieCasablanca,PSa Raa,https://ma.afribaba.com/casablanca/sara-disponible-maintenant-pour-les-pack-et-sexcaam--778053.html,1379,2026-09-02T22:28:00,18.6
,BelvédèreCasablanca,PAdil,https://ma.afribaba.com/casablanca/promo-detente-et-plaisir-rdv-rapidement--524772.html,1377,2025-02-27T11:16:00,571.0
,Aïn DiabCasablanca,PFarah010,https://ma.afribaba.com/casablanca/salut-sex-cam-ett-packk--762923.html,1376,2026-08-05T18:15:00,46.7
,CalifornieCasablanca,BFarah010,https://ma.afribaba.com/casablanca/-ayyyy-pack-et-sex-cam--759399.html,1368,2026-07-29T22:47:00,53.6
,BelvédèreCasablanca,BKamelya,https://ma.afribaba.com/casablanca/victorine-779845.html,1368,2026-09-09T12:44:00,12.0
,Aïn DiabCasablanca,PFarah010,https://ma.afribaba.com/casablanca/hey-sex-cam-and-packkk--768332.html,1363,2026-08-15T16:34:00,36.8
,Aïn DiabCasablanca,PFarah010,https://ma.afribaba.com/casablanca/huey-sex-cam-et-pack--761577.html,1363,2026-08-03T13:41:00,48.9
,Casablanca,BSofya Nadine,https://ma.afribaba.com/casablanca/sofia-ana-nji-tal-3andek-3ndek-f-darek-se-deplace--782550.html,1388,2026-09-19T23:43:00,1.5
,Casablanca,B111a,https://ma.afribaba.com/casablanca/-msg-pour-les-packs-plan-qu-amp-039-avec-mes-clients--777448.html,1350,2026-09-01T21:30:00,19.6
,BourgogneCasablanca,PSexyLady,https://ma.afribaba.com/casablanca/les-packs-et-les-appeles-avec-sarah--784987.html,1338,2026-09-16T12:09:00,5.0
,CIL (Casablanca)Casablanca,PAlaan Ax,https://ma.afribaba.com/casablanca/--466417.html,1332,2024-10-23T13:09:00,698.0
,Aïn DiabCasablanca,PFarah010,https://ma.afribaba.com/casablanca/salut-li-bgha-pack-et-sex-cam--752680.html,1331,2026-07-17T00:07:00,66.5
,Aïn DiabCasablanca,PAyacam,https://ma.afribaba.com/casablanca/massage-sensuel-784596.html,1332,2026-09-15T17:08:00,5.8
,CIL (Casablanca)Casablanca,PFredal service,https://ma.afribaba.com/casablanca/massage-finition-a-domicile-758213.html,1323,2026-07-27T18:16:00,55.7
,Casablanca,PSamar S,https://ma.afribaba.com/casablanca/samar-19-ans-aji-nbar3ak--780623.html,1322,2026-09-07T23:04:00,13.5
,Aïn DiabCasablanca,PFarah010,https://ma.afribaba.com/casablanca/bns-sex-cam-ett-pack--769840.html,1317,2026-08-18T17:43:00,33.8
,Aïn DiabCasablanca,PFarah010,https://ma.afribaba.com/casablanca/salam-sex-cam-ettt-pack-marhba--751851.html,1316,2026-07-15T15:54:00,67.8
,Les Roches NoiresCasablanca,PSpa de lespoir,https://ma.afribaba.com/casablanca/fatima-black-sexy--786897.html,1301,2026-09-19T18:57:00,1.7
,Aïn DiabCasablanca,PFarah010,https://ma.afribaba.com/casablanca/salut-sex-camm-et-et-pack--749299.html,1284,2026-07-10T20:31:00,72.6
,BourgogneCasablanca,PSa Raa,https://ma.afribaba.com/casablanca/saraa-les-pack-et-sexcaam-bebe--777201.html,1281,2026-09-01T14:51:00,19.9
,BelvédèreCasablanca,PFarah010,https://ma.afribaba.com/casablanca/salamm-sex-cam-et-pack--754868.html,1278,2026-07-21T03:35:00,62.4
,Aïn DiabCasablanca,PFarah010,https://ma.afribaba.com/casablanca/salut-sex-cam-et-pack--741721.html,1259,2026-06-26T02:51:00,87.4
,BelvédèreCasablanca,PAlphonsy,https://ma.afribaba.com/casablanca/moment-de-detente-absolue-et-soin-sensuel-avec-alphonsy-773218.html,1258,2026-09-18T19:54:00,2.7
,Aïn DiabCasablanca,PFarah010,https://ma.afribaba.com/casablanca/hey-sex-cam-eet-pack--752978.html,1255,2026-07-17T16:47:00,65.8
,OulfaCasablanca,PNisrine Benkhalil,https://ma.afribaba.com/casablanca/-promo-sexcam-pack-skhuna-nbr3-kbida-soni-bb--775177.html,1254,2026-08-28T17:32:00,23.8
,CalifornieCasablanca,PMalak Pack,https://ma.afribaba.com/casablanca/ajiw-3ndi-telegram-urg-nthela-fik-bb--779254.html,1254,2026-09-05T21:03:00,15.6
,Aïn DiabCasablanca,PFarah010,https://ma.afribaba.com/casablanca/salam-li-bgha-sex-cam-et-pack--750949.html,1233,2026-07-13T21:43:00,69.6
,Aïn DiabCasablanca,PAyacam,https://ma.afribaba.com/casablanca/hey-sex-cam-ett-pack--785337.html,1230,2026-09-16T21:53:00,4.6
,CalifornieCasablanca,PHouda Farihi,https://ma.afribaba.com/casablanca/disponible-pour-les-packs-et-sexcam-je-suis-interste-kbidat--785945.html,1224,2026-09-18T00:18:00,3.5
,BourgogneCasablanca,PSa Ra,https://ma.afribaba.com/casablanca/saara-les-packs-et-sexcaam-aje-bebe--787056.html,1235,2026-09-19T23:06:00,1.5
,Aïn DiabCasablanca,PFarah010,https://ma.afribaba.com/casablanca/hola-sex-cam-et-pack--769307.html,1207,2026-08-17T17:16:00,34.8
,Casablanca,PHouda Farihi,https://ma.afribaba.com/casablanca/je-suis-interste-kbidat--786158.html,1202,2026-09-18T15:34:00,2.9
,BourgogneCasablanca,PMaroualatif,https://ma.afribaba.com/casablanca/les-packs-et-sexcam-787309.html,1419,2026-09-20T16:35:00,0.8
,CalifornieCasablanca,PSa Raa,https://ma.afribaba.com/casablanca/sara-les-pack-special-et-sexcaam--777809.html,1175,2026-09-02T16:05:00,18.8
,BourgogneCasablanca,PKarima Karima,https://ma.afribaba.com/casablanca/karima-les-packs-et-appelle-cam--784799.html,1173,2026-09-15T22:27:00,5.6
,CalifornieCasablanca,PSalwa,https://ma.afribaba.com/casablanca/salwaa-les-pack-et-sexcaam-disponible-bb--776441.html,1163,2026-08-31T00:29:00,21.5
,Aïn DiabCasablanca,PFarah010,https://ma.afribaba.com/casablanca/heyy-sex-cam-ett-pack--746222.html,1153,2026-07-04T21:17:00,78.6
,Casablanca,Bmassage a domicil,https://ma.afribaba.com/casablanca/j-amp-039-adore-les-longs-moments-de-tendresse-qui-commencent-par-de-doux-bais-759250.html,1144,2026-07-29T18:34:00,53.7
,CIL (Casablanca)Casablanca,PBiscuit54,https://ma.afribaba.com/casablanca/king-sublime-786536.html,1162,2026-09-19T00:17:00,2.5
,Aïn DiabCasablanca,PFarah010,https://ma.afribaba.com/casablanca/salam-sex-cam-et-pack-marhba--748330.html,1142,2026-07-08T20:26:00,74.6
,CIL (Casablanca)Casablanca,BLhomme Noir,https://ma.afribaba.com/casablanca/massage-pour-femme-et-les-couples-750280.html,1138,2026-07-12T14:04:00,70.9
,BelvédèreCasablanca,PSara Badou,https://ma.afribaba.com/casablanca/sara-les-packs-et-cam--784254.html,1142,2026-09-14T23:27:00,6.5
,Casablanca,PMasseur turc vip,https://ma.afribaba.com/casablanca/le-meilleur-masseur-pour-les-femmes-et-couples-masseur-turc-24-cm-742291.html,1125,2026-08-12T12:29:00,40.0
,OulfaCasablanca,PSarabenjallil,https://ma.afribaba.com/casablanca/sexcam-7arra-bb-pack-vip-promo-top-ana-dispo-cherie--786519.html,1126,2026-09-18T23:44:00,2.5
,Aïn DiabCasablanca,PFarah010,https://ma.afribaba.com/casablanca/heyy-sex-cam-ett-packk--763920.html,1116,2026-08-07T15:48:00,44.8
,Aïn DiabCasablanca,PFarah010,https://ma.afribaba.com/casablanca/hey-sex-caam-et-pack--750947.html,1115,2026-07-13T21:41:00,69.6
,CalifornieCasablanca,PSawala Cam pcak,https://ma.afribaba.com/casablanca/disponible-maintenant-pour-787268.html,1117,2026-09-20T14:37:00,0.9
,Aïn DiabCasablanca,PFarah010,https://ma.afribaba.com/casablanca/heey-sex-cam-ett-pack--781157.html,1103,2026-09-08T21:29:00,12.6
,BelvédèreCasablanca,PSexyLady,https://ma.afribaba.com/casablanca/les-packs-et-les-apples-avec-sarah--785811.html,1097,2026-09-17T20:31:00,3.6
,Aïn DiabCasablanca,PFarah010,https://ma.afribaba.com/casablanca/bnsrr-sex-cam-ett-pack--774525.html,1089,2026-08-27T14:04:00,24.9
,Aïn DiabCasablanca,PAyacam,https://ma.afribaba.com/casablanca/huuey-sex-caam-ett-pack--784602.html,1079,2026-09-15T17:17:00,5.8
,Aïn DiabCasablanca,PFarah010,https://ma.afribaba.com/casablanca/salmm-sexx-cam-ett-pack--776864.html,1075,2026-08-31T20:56:00,20.6
,CalifornieCasablanca,PHiba Hanina,https://ma.afribaba.com/casablanca/disponible-maintenant-pour-786551.html,1065,2026-09-19T00:36:00,2.5
,Aïn DiabCasablanca,PAyacam,https://ma.afribaba.com/casablanca/salmm-sex-cam-eet-pack--785997.html,1064,2026-09-18T02:26:00,3.4
,Aïn DiabCasablanca,PFarah010,https://ma.afribaba.com/casablanca/hey-pack-et-sex-cam--748333.html,1053,2026-07-08T20:28:00,74.6
,Aïn DiabCasablanca,PFarah010,https://ma.afribaba.com/casablanca/salam-sex-cam-and-pack--742235.html,1044,2026-06-27T01:37:00,86.4
,BourgogneCasablanca,BLyne Kloe,https://ma.afribaba.com/casablanca/miriam-sexy-fontaine-naturelle-disponible-boulevard-anfa-casa-771339.html,1043,2026-08-22T09:23:00,30.1
,Casablanca,PHiba Hanina,https://ma.afribaba.com/casablanca/disponible-maintenant-pour--786576.html,1042,2026-09-19T01:55:00,2.4
,CIL (Casablanca)Casablanca,PKaylasexy,https://ma.afribaba.com/casablanca/masseuse-black-travesti-finition-chaude-786615.html,1045,2026-09-19T08:46:00,2.1
,BourgogneCasablanca,PSa Ra,https://ma.afribaba.com/casablanca/sara-lees-pack-ett-sexcaaam-bebe--787037.html,1033,2026-09-19T22:49:00,1.5
,BourgogneCasablanca,PSa Ra,https://ma.afribaba.com/casablanca/saara-sexcaam-special-et-lees-packs-disponibles--787048.html,1033,2026-09-19T23:02:00,1.5
,CIL (Casablanca)Casablanca,PWijdaaan,https://ma.afribaba.com/casablanca/pack-top-video-786795.html,1027,2026-09-19T16:10:00,1.8
,Casablanca,PSaid Bm,https://ma.afribaba.com/casablanca/--631572.html,1020,2025-11-04T02:12:00,321.4
,Sidi MaâroufCasablanca,BBarby,https://ma.afribaba.com/casablanca/massage-hot-chez-la-barbu-786525.html,1009,2026-09-21T10:39:30.113054,0.1
,BelvédèreCasablanca,PAdil,https://ma.afribaba.com/casablanca/sexy-masseur-pour-femmes--485041.html,1006,2024-11-16T15:18:00,673.9
,Aïn DiabCasablanca,PFarah010,https://ma.afribaba.com/casablanca/heeyy-sex-camm-ett-pack--774164.html,1004,2026-08-26T18:33:00,25.7
,Aïn DiabCasablanca,PAsia E,https://ma.afribaba.com/casablanca/se-cam-est-les-packs-dispo-endii-f-telegram-mastrub-f-appel-bb--783230.html,1000,2026-09-12T20:15:00,8.7
,Casablanca,PGentleman Massage,https://ma.afribaba.com/casablanca/massage-relaxant-a-domicile-100-pour-femmes--524286.html,994,2025-06-27T18:34:00,450.7
,Casablanca,PHakim80,https://ma.afribaba.com/casablanca/--558251.html,985,2025-05-30T00:18:00,479.5
,Casablanca,BSalut098,https://ma.afribaba.com/casablanca/titiza-bb-nham9ak-zin-toula-byad-aji-chof-bb-tb9a-dima-tji-hhh--731100.html,973,2026-06-07T13:12:00,106.0
,BourgogneCasablanca,PMona khalfi,https://ma.afribaba.com/casablanca/pour-les-packs-et-sexcam-ahbiba-784529.html,966,2026-09-15T15:12:00,5.9
,Casablanca,PSexy Nihalle,https://ma.afribaba.com/casablanca/que-les-pack-et-les-sexcam--784972.html,962,2026-09-16T11:38:00,5.0
,CIL (Casablanca)Casablanca,BCryptic Corner,https://ma.afribaba.com/casablanca/--578289.html,963,2026-09-21T07:54:33.377145,0.2
,Oasis (Casablanca)Casablanca,PSarah Abousaoud,https://ma.afribaba.com/casablanca/hi-babes-js-dsp-pr-les-pack-et-appel-video-merhba--785501.html,960,2026-09-17T10:40:00,4.1
,Aïn DiabCasablanca,PFarah010,https://ma.afribaba.com/casablanca/huy-sex-cam-ett-pack--777755.html,941,2026-09-02T14:37:00,18.9
,BourgogneCasablanca,PMehdi Meho,https://ma.afribaba.com/casablanca/masseur-professionnel-35min-504578.html,936,2025-10-27T21:36:00,328.6
,Aïn DiabCasablanca,PFarah010,https://ma.afribaba.com/casablanca/heuuy-sex-cam-et-packk--779363.html,929,2026-09-05T14:24:00,15.9
,Casablanca,BAna Sara,https://ma.afribaba.com/casablanca/lamia-bghiti-tmtma3-bb-aji-3andi-nbar3ak-kbida-trja3-frhan--745541.html,925,2026-07-03T14:44:00,79.9
,Casablanca,Pmassage a domicil,https://ma.afribaba.com/casablanca/black-gold-massage-experience-ultimate-relaxation-session-728188.html,924,2026-05-31T17:30:00,112.8
,BourgogneCasablanca,PSalmarabahh,https://ma.afribaba.com/casablanca/les-packs-et-sexcam-786823.html,914,2026-09-19T20:28:00,1.6
,OulfaCasablanca,PBenkhalil Nisrine,https://ma.afribaba.com/casablanca/promo-top-bb-appelsexcam-skhuuna-pack-vip-sonii-kbidaa-778445.html,900,2026-09-03T18:43:00,17.7
,OulfaCasablanca,PPlaystation4,https://ma.afribaba.com/casablanca/finition-pour-femme-445270.html,900,2024-08-19T12:21:00,763.0
,CalifornieCasablanca,PSa Raa,https://ma.afribaba.com/casablanca/bnj-sara-sexcaam-et-les-packs--777194.html,899,2026-09-01T14:41:00,19.9
,Casablanca,PQueenmona,https://ma.afribaba.com/casablanca/les-packs-et-sexcam-783948.html,896,2026-09-14T14:44:00,6.9
,Aïn DiabCasablanca,PAsia E,https://ma.afribaba.com/casablanca/se-cam-est-les-packs-dispo-endii-f-telegram-confiance-ahbii--781574.html,895,2026-09-09T18:19:00,11.7
,BourgogneCasablanca,PDohanjari,https://ma.afribaba.com/casablanca/pack-et-sexcam-786757.html,894,2026-09-19T15:06:00,1.9
,BourgogneCasablanca,PSa Raa,https://ma.afribaba.com/casablanca/sexcam-et-les-packs-special--778533.html,888,2026-09-03T21:10:00,17.6
,Casablanca,PRacha Tazi,https://ma.afribaba.com/casablanca/sexy-video-765218.html,883,2026-08-09T21:52:00,42.6
,Sidi MaâroufCasablanca,PProsmax,https://ma.afribaba.com/casablanca/plan-pour-femme-784571.html,884,2026-09-15T16:28:00,5.8
,Aïn DiabCasablanca,PAyacam,https://ma.afribaba.com/casablanca/salmm-sex-caam-et-pack-skhon--786854.html,882,2026-09-19T17:19:00,1.8
,Aïn DiabCasablanca,PAsia E,https://ma.afribaba.com/casablanca/se-cam-est-les-packss-dispoo-endii-f-telegram-confiance-bien-suuur--777906.html,877,2026-09-02T18:22:00,18.7
,CIL (Casablanca)Casablanca,PSokina,https://ma.afribaba.com/casablanca/appelle-video-et-les-packs-786066.html,,,
,Aïn DiabCasablanca,PAsia E,https://ma.afribaba.com/casablanca/se-cam-est-les-packs-dispoo-endii-f-telegram-confiance-ahbii--780942.html,870,2026-09-08T15:19:00,12.9
,BourgogneCasablanca,PSa Ra,https://ma.afribaba.com/casablanca/saara-sexcaam-et-les-packs-dispo--786848.html,881,2026-09-19T17:12:00,1.8
,Aïn DiabCasablanca,PFarah010,https://ma.afribaba.com/casablanca/heeuy-sex-cam-et-pack--761574.html,867,2026-08-03T13:40:00,48.9
,Casablanca,PHakim80,https://ma.afribaba.com/casablanca/--557196.html,865,2025-05-27T21:05:00,481.6
,Casablanca,PSexy Nihalle,https://ma.afribaba.com/casablanca/que-les-pack-et-les-sexcam--782427.html,858,2026-09-11T13:58:00,9.9
,BelvédèreCasablanca,PSpa de lespoir,https://ma.afribaba.com/casablanca/kia-black-chaud--785675.html,853,2026-09-19T17:42:00,1.8
,Aïn DiabCasablanca,PFarah010,https://ma.afribaba.com/casablanca/heuy-sex-caam-ett-pack--781899.html,844,2026-09-10T13:25:00,10.9
,BourgogneCasablanca,PDyae,https://ma.afribaba.com/casablanca/chez-vous--782693.html,842,2026-09-11T20:45:00,9.6
,CalifornieCasablanca,PAziz,https://ma.afribaba.com/casablanca/-doz-endi-l-telegram-db-njiboh-f-sex-cam-db-db-db-rani-zmlt--786794.html,864,2026-09-19T16:02:00,1.8
,BourgogneCasablanca,PSalmarabeh,https://ma.afribaba.com/casablanca/les-packs-et-sexcam-784580.html,818,2026-09-15T16:41:00,5.8
,Aïn DiabCasablanca,PFarah010,https://ma.afribaba.com/casablanca/saluut-seex-cam-et-packk--780382.html,818,2026-09-07T17:11:00,13.8
,Casablanca,PAsia E,https://ma.afribaba.com/casablanca/se-cam-est-les-packs-dispo-endii-f-telegram-confiance-abbe--782639.html,810,2026-09-11T19:23:00,9.7
,Casablanca,Bmassage a domicil,https://ma.afribaba.com/casablanca/je-m-amp-039-appelle-zoey-une-elegante-escorte-et-masseuse-premium-recemment-760336.html,809,2026-07-31T20:10:00,51.7
,Aïn DiabCasablanca,PAsia E,https://ma.afribaba.com/casablanca/se-cam-est-les-packss-dispoo-endii-f-telegram-confiancee-bien-suur--778431.html,801,2026-09-03T18:20:00,17.7
,CIL (Casablanca)Casablanca,PFinition XOXO,https://ma.afribaba.com/casablanca/rico-chou-787198.html,807,2026-09-20T11:34:00,1.0
,Aïn DiabCasablanca,PAsia E,https://ma.afribaba.com/casablanca/se-cam-est-les-packs-dispo-endii-f-telegram-confiancee-bien-suur--779483.html,786,2026-09-05T17:38:00,15.8
,Casablanca,Padamtwx,https://ma.afribaba.com/casablanca/homme-cherche-une-jolie-femme--649822.html,781,2025-12-11T16:23:00,283.8
,Aïn DiabCasablanca,PZaki Zizo,https://ma.afribaba.com/casablanca/homme-pour-sexe-uniquement-pour-femmes-787177.html,796,2026-09-20T09:50:00,1.1
,Casablanca,BSara,https://ma.afribaba.com/casablanca/hay-bb-aji-3andi-ahsan-finition-nhablk-bb-bi-jmali-ou-latay--710430.html,778,2026-04-21T13:09:00,153.0
,Casablanca,Pمهند,https://ma.afribaba.com/casablanca/massage-du-dragon-778176.html,769,2026-09-03T09:00:00,18.1
,BelvédèreCasablanca,PAdil,https://ma.afribaba.com/casablanca/detente-absolue-et-plus-encore--496288.html,769,2024-12-15T00:36:00,645.5
,Aïn DiabCasablanca,PFarah010,https://ma.afribaba.com/casablanca/bnsoiir-sex-cam-eet-pacck--778070.html,762,2026-09-02T22:53:00,18.5
,Casablanca,Pneyma,https://ma.afribaba.com/casablanca/massage-baizz-sucette-dispo-h24-casa--787456.html,1164,2026-09-21T10:54:45.238609,0.0
,BourgogneCasablanca,PSa Ra,https://ma.afribaba.com/casablanca/saara-les-app-vd-et-sexcaam-disponible--786510.html,751,2026-09-18T23:19:00,2.5
,CalifornieCasablanca,PSa Raa,https://ma.afribaba.com/casablanca/sara-les-pack-et-sexcaam-bb--778531.html,748,2026-09-03T21:08:00,17.6
,CalifornieCasablanca,PSara Badou,https://ma.afribaba.com/casablanca/sara-les-packs-et-appelle-cam--784260.html,745,2026-09-14T23:31:00,6.5
,Aïn DiabCasablanca,PAsia E,https://ma.afribaba.com/casablanca/se-cam-est-les-packs-dispo-endi-f-telegram-mastrub-f-appel-hbiii--786325.html,742,2026-09-18T19:15:00,2.7
,CalifornieCasablanca,PSa Ra,https://ma.afribaba.com/casablanca/sara-sexcaam-et-les-packs-disponibles--786456.html,733,2026-09-18T22:09:00,2.6
,Casablanca,BSe deplace تال عندك,https://ma.afribaba.com/casablanca/se-deeeplace-zin--780812.html,733,2026-09-08T12:21:00,13.0
,CalifornieCasablanca,PIkram Dom,https://ma.afribaba.com/casablanca/ajiw-3nd-lalakom-thala-fikom-ana-kantsana--775588.html,719,2026-08-29T13:05:00,23.0
,Aïn DiabCasablanca,PSexy Nihalle,https://ma.afribaba.com/casablanca/que-les-pack-et-les-sexcam--780897.html,706,2026-09-08T14:34:00,12.9
,BourgogneCasablanca,PSa Ra,https://ma.afribaba.com/casablanca/sara-lees-pack-special-et-sexcaam--786457.html,705,2026-09-18T22:09:00,2.6
,Aïn DiabCasablanca,PSexy Nihalle,https://ma.afribaba.com/casablanca/que-les-pack-et-les-sexcam--781953.html,700,2026-09-10T15:02:00,10.9
,Casablanca,PHiba Hanina,https://ma.afribaba.com/casablanca/disponible-maintenant-pour-785832.html,705,2026-09-17T21:13:00,3.6
,Casablanca,BRimesexy,https://ma.afribaba.com/casablanca/emane-se-deplace--778139.html,698,2026-09-03T01:53:00,18.4
,CIL (Casablanca)Casablanca,PHiba Sange,https://ma.afribaba.com/casablanca/disponible-maintenant-pour--785659.html,697,2026-09-17T15:40:00,3.8
,CalifornieCasablanca,PSa Raa,https://ma.afribaba.com/casablanca/sara-sexcaaam-confiance-et-les-pack--776447.html,695,2026-08-31T00:39:00,21.5
,Casablanca,BPro,https://ma.afribaba.com/casablanca/je-deplace-bbb-nji-tal-andk-24-h-777675.html,695,2026-09-02T11:48:00,19.0
,Hay El HassaniCasablanca,PMo Moody,https://ma.afribaba.com/casablanca/massage-relaxant-professionnel-pour-femmes-bien-etre-amp-amp-detente-754027.html,688,2026-07-19T14:08:00,63.9
,BourgogneCasablanca,PMrredapro,https://ma.afribaba.com/casablanca/massage-a-domicile-pour-femmes-avec-bon-service-764380.html,678,2026-08-08T08:07:00,44.2
,CalifornieCasablanca,BChloee,https://ma.afribaba.com/casablanca/packs-malak-photos-et-videos-promooooo-778684.html,672,2026-09-04T01:52:00,17.4
,BourgogneCasablanca,PKarima Zwina,https://ma.afribaba.com/casablanca/karima-les-packs-and-appelle-cam--786054.html,660,2026-09-18T12:27:00,3.0
,BourgogneCasablanca,PSa Ra,https://ma.afribaba.com/casablanca/sara-sexcaaam-et-leees-pack--785201.html,659,2026-09-16T17:58:00,4.8
,Sidi MaâroufCasablanca,PAchrafinho,https://ma.afribaba.com/casablanca/masseur-pro-seulement-pour-femme-655511.html,659,2025-12-23T22:09:00,271.6
,CalifornieCasablanca,PHanan Hanan,https://ma.afribaba.com/casablanca/hanan-les-pack--786096.html,659,2026-09-18T13:44:00,2.9
,Casablanca,BSofya Nadine,https://ma.afribaba.com/casablanca/sofia-ana-nji-htal-3andek-3ndek-fdarek-se-deplace-chez-toi-782567.html,648,2026-09-11T20:33:00,9.6
,Sidi MaâroufCasablanca,PAchraf,https://ma.afribaba.com/casablanca/jeune-homme-pour-les-femmes-599291.html,644,2025-08-27T11:36:00,390.0
,CalifornieCasablanca,PKarima Karima,https://ma.afribaba.com/casablanca/karima-les-packs-et-cam--784798.html,642,2026-09-15T22:25:00,5.6
,Casablanca,PAdil,https://ma.afribaba.com/casablanca/experience-detente-et-plaisir--478386.html,639,2024-10-30T10:46:00,691.1
,BourgogneCasablanca,PMissimanee,https://ma.afribaba.com/casablanca/imane-packs-et-sex-cam-776184.html,628,2026-08-30T15:20:00,21.9
,CalifornieCasablanca,PKarima Zwina,https://ma.afribaba.com/casablanca/karima-les-packs-et-cam--786052.html,622,2026-09-18T12:25:00,3.0
,CIL (Casablanca)Casablanca,Pmohcin zahli,https://ma.afribaba.com/casablanca/massage-et-finition-pour-les-femmes--623441.html,617,2025-10-18T11:40:00,338.0
,CalifornieCasablanca,PSa Ra,https://ma.afribaba.com/casablanca/sara-les-pack-et-sexcaam--786453.html,610,2026-09-18T22:09:00,2.6
,Sidi MaâroufCasablanca,BPrunelle,https://ma.afribaba.com/casablanca/massage-hot-prunelle-778988.html,606,2026-09-04T19:30:00,16.7
,Aïn DiabCasablanca,PSexy Nihalle,https://ma.afribaba.com/casablanca/que-les-pack-et-les-sexcam--786070.html,,,
,Casablanca,BRiham,https://ma.afribaba.com/casablanca/taille-mince-skinny-type-se-deplace--783835.html,587,2026-09-14T02:38:00,7.4
,CalifornieCasablanca,PAnas,https://ma.afribaba.com/casablanca/massage-relaxant-pour-femme-587312.html,583,2025-08-10T22:45:00,406.6
,BourgogneCasablanca,PHanan Hanan,https://ma.afribaba.com/casablanca/hanan-les-pack-et-cam--786092.html,585,2026-09-18T13:42:00,2.9
,Casablanca,PHakim80,https://ma.afribaba.com/casablanca/--552448.html,581,2025-05-17T17:50:00,491.8
,Casablanca,PAyman,https://ma.afribaba.com/casablanca/--735437.html,562,2026-07-12T08:47:00,71.1
,Casablanca,BSalut098,https://ma.afribaba.com/casablanca/bb-ana-skhona-ou-n9iya-aji-bb-nthla-fik--717495.html,562,2026-05-05T15:52:00,138.8
,CIL (Casablanca)Casablanca,PAnas,https://ma.afribaba.com/casablanca/casablanca-491409.html,561,2025-12-24T02:59:00,271.4
,Casablanca,BNice Lady,https://ma.afribaba.com/casablanca/ahlam-mature-sexy-femme-fdari-hbibi-783992.html,558,2026-09-14T15:43:00,6.8
,Casablanca,PHiba,https://ma.afribaba.com/casablanca/une-fille-belle-je-me-deplace-chez-vous-bebe--784823.html,548,2026-09-15T22:51:00,5.5
,BourgogneCasablanca,PSa Ra,https://ma.afribaba.com/casablanca/les-pack-et-sexcaam-special--786464.html,547,2026-09-18T22:15:00,2.6
,Casablanca,BAna Sara,https://ma.afribaba.com/casablanca/hiba-de-22-ans-plaisir-intense--730673.html,544,2026-06-06T14:02:00,106.9
,Casablanca,BLina,https://ma.afribaba.com/casablanca/lina-finition-inoubliable--777917.html,540,2026-09-02T18:37:00,18.7
,Aïn DiabCasablanca,PMalak Pack,https://ma.afribaba.com/casablanca/malak-f-telegram-kanthella-f-clients--780904.html,533,2026-09-09T04:06:00,12.3
,Casablanca,PMeilleur dans afribaba,https://ma.afribaba.com/casablanca/masseur-turc-24-cm-le-meilleur-dans-afribaba--756440.html,531,2026-07-24T06:46:00,59.2
,Casablanca,PHatim,https://ma.afribaba.com/casablanca/-experience-unique-pour-femmes-seulement--619048.html,527,2025-10-09T13:20:00,346.9
,Casablanca,BHouda diamo,https://ma.afribaba.com/casablanca/spa-massage-royal-relaxation-total-hammam-pro--781885.html,510,2026-09-10T13:07:00,11.0
,BelvédèreCasablanca,PAdil,https://ma.afribaba.com/casablanca/detente-et-plaisir-pour-femmes--511990.html,507,2025-01-25T14:01:00,603.9
,Sidi MaâroufCasablanca,PStar Boy,https://ma.afribaba.com/casablanca/aicha-nex-data-783579.html,487,2026-09-13T14:49:00,7.9
,Casablanca,BSalut098,https://ma.afribaba.com/casablanca/bb-zin-ou-latay-n9iya-aji-bb-nthla-fik-maghadich-tndm-aji-bb--729604.html,470,2026-06-04T11:04:00,109.0
,BelvédèreCasablanca,PAdil,https://ma.afribaba.com/casablanca/massage-sensuel-au-centre-ville-463076.html,453,2024-09-19T16:59:00,731.8
,Casablanca,BGhazi Jocker,https://ma.afribaba.com/casablanca/--162679.html,450,2021-11-26T11:50:00,1760.0
,BelvédèreCasablanca,PAdil,https://ma.afribaba.com/casablanca/massage-et-plus-encore-pour-femmes-uniquement--641017.html,449,2025-11-22T20:55:00,302.6
,BelvédèreCasablanca,BMasmorade,https://ma.afribaba.com/casablanca/massage-pro-n1-786614.html,446,2026-09-19T10:36:00,2.1
,Casablanca,PTate Hamada,https://ma.afribaba.com/casablanca/issam-dominant-191cm-juste-les-femmes--784911.html,445,2026-09-16T01:19:00,5.4
,Casablanca,BMassage a domicile,https://ma.afribaba.com/casablanca/je-suis-la-reine-du-plaisir-viens-vivre-des-tres-bons-moments-bb--744353.html,417,2026-07-01T13:35:00,81.9
,Casablanca,BSalut098,https://ma.afribaba.com/casablanca/friza-bb-nthla-fik-app-tranquille-ndir-lik-lbghiti-bb-mghadich-tndm--732545.html,414,2026-06-07T13:34:00,105.9
,Casablanca,BAna Sara,https://ma.afribaba.com/casablanca/titiza-bb-maghdich-tandm-ghadi-trja3-nacht--730191.html,392,2026-06-05T15:53:00,107.8
,Aïn DiabCasablanca,PFarah010,https://ma.afribaba.com/casablanca/heuy-sex-cam-et-packk--784046.html,391,2026-09-14T17:06:00,6.8
,Aïn DiabCasablanca,PMalak Pack,https://ma.afribaba.com/casablanca/aje-endi-telegram-nber3eekk-781851.html,392,2026-09-10T11:35:00,11.0
,Casablanca,PYazid,https://ma.afribaba.com/casablanca/plan-pour-couple-cuckold-782721.html,381,2026-09-11T21:20:00,9.6
,Aïn DiabCasablanca,BGirls Hot,https://ma.afribaba.com/casablanca/les-packs-amp-amp-sexcam-appel-video-siftli-bghit-pack-bch-njawbk--779897.html,376,2026-09-06T15:35:00,14.9
,Aïn DiabCasablanca,PAdil,https://ma.afribaba.com/casablanca/un-homme-pour-votre-soiree-pas-des-dragueurs-autour-de-vous-768664.html,402,2026-09-19T21:18:00,1.6
,Casablanca,BNirmin,https://ma.afribaba.com/casablanca/nirmin-24ans-la-maturite-emri--781588.html,352,2026-09-09T18:59:00,11.7
,Casablanca,BHouda diamo,https://ma.afribaba.com/casablanca/lamyaa-finition-inoubliable-sexy--781316.html,350,2026-09-09T01:51:00,12.4
,Casablanca,BRimesexy,https://ma.afribaba.com/casablanca/ilaf-la-blonde-chez-moi-bb-sexy--782004.html,343,2026-09-10T16:45:00,10.8
,Casablanca,BNice Lady,https://ma.afribaba.com/casablanca/laila-skhona-bb-24-24-783302.html,335,2026-09-12T21:57:00,8.6
,Casablanca,PRiyad Rais,https://ma.afribaba.com/casablanca/--773313.html,334,2026-08-24T23:58:00,27.5
,Casablanca,BSalut098,https://ma.afribaba.com/casablanca/ajmal-match-of-3yank-bb-zin-ou-latay-matskhach-biya-bb--736026.html,329,2026-06-14T22:57:00,98.5
,Casablanca,Pmassage a domicil,https://ma.afribaba.com/casablanca/eliska-masseuse-elegante-amp-amp-amp-bien-etre-premium-une-masseuse-729830.html,325,2026-06-04T19:10:00,108.7
,Casablanca,BMasseur pro,https://ma.afribaba.com/casablanca/charmant-masseur-pro-pour-femme-mature-relax-plaisir-discret-748674.html,317,2026-07-09T15:14:00,73.9
,Casablanca,BSexy Rime,https://ma.afribaba.com/casablanca/majda-a7la-tille-kbida-njibo-m3ak-bb--780697.html,307,2026-09-08T00:43:00,13.5
,Casablanca,BNora,https://ma.afribaba.com/casablanca/nora-mature-de30-aji-nbar3ak-bb-f-dari-bb-783916.html,307,2026-09-14T13:36:00,6.9
,Casablanca,PAbdo109,https://ma.afribaba.com/casablanca/jeune-de-19-ans-capable-de-vous-satisfaire-ton-plaisir-777981.html,296,2026-09-02T20:28:00,18.6
,Casablanca,BHouda diamo,https://ma.afribaba.com/casablanca/kholoud-je-deplace-kbida--781756.html,291,2026-09-09T23:45:00,11.5
,OulfaCasablanca,PMohamed Harmach,https://ma.afribaba.com/casablanca/massage-relaxant-amp-amp-amp-confort-absolu-pour-femmes-seulement-742925.html,277,2026-06-28T14:03:00,84.9
,Casablanca,PUPro,https://ma.afribaba.com/casablanca/massage-professionnel-pour-les-femmes--766204.html,274,2026-08-11T19:45:00,40.7
,Casablanca,PFarah010,https://ma.afribaba.com/casablanca/saluut-sex-cam-ett-pacck--759298.html,271,2026-07-29T20:08:00,53.7
,Casablanca,PMasseurProCasablanca,https://ma.afribaba.com/casablanca/massage-personnalise-pour-femmes--577094.html,266,2025-07-10T19:05:00,437.7
,Casablanca,PMed56,https://ma.afribaba.com/casablanca/massage-pour-les-femmes-681032.html,255,2026-04-01T14:38:00,172.9
,BourgogneCasablanca,PMasseurProfessional,https://ma.afribaba.com/casablanca/masseur-pour-les-femmes-a-domicile-757956.html,254,2026-07-27T02:40:00,56.4
,Casablanca,BRiham,https://ma.afribaba.com/casablanca/petit-de-23ans-toop-finition-je-recois-beby--783313.html,250,2026-09-12T22:17:00,8.6
,Casablanca,BMehdi Ff,https://ma.afribaba.com/casablanca/riham-sexy--784629.html,243,2026-09-15T18:09:00,5.7
,Casablanca,Pmassage a domicil,https://ma.afribaba.com/casablanca/salut-mes-beautes--610115.html,239,2025-09-19T18:25:00,366.7
,Casablanca,BSalut098,https://ma.afribaba.com/casablanca/bogosa-ou-bayda-latay-thbl-aji-kbida-tji-ga3i-trja3-frhan--728402.html,233,2026-06-01T10:24:00,112.1
,CalifornieCasablanca,PIsmail,https://ma.afribaba.com/casablanca/massage-raffine-pour-femmes-608770.html,230,2025-11-29T01:56:00,296.4
,Casablanca,BSexy Rime,https://ma.afribaba.com/casablanca/youssra-a7la-tille-3omri-njibo-m3ak-bb--779389.html,227,2026-09-05T15:03:00,15.9
,Oasis (Casablanca)Casablanca,PProsmax,https://ma.afribaba.com/casablanca/plaisir-pour-femme-777709.html,207,2026-09-02T13:30:00,18.9
,Casablanca,PJeremy Seba,https://ma.afribaba.com/casablanca/massage-pour-femmes-casablanca-673538.html,202,2026-01-30T14:07:00,233.9
,Aïn DiabCasablanca,PSex Cam Farah,https://ma.afribaba.com/casablanca/salut-sex-cam-ett-pack--757090.html,201,2026-07-25T14:40:00,57.9
,Sidi MaâroufCasablanca,PAchraf,https://ma.afribaba.com/casablanca/pour-les-femmes--599398.html,192,2025-08-27T15:49:00,389.8
,Casablanca,BClassicalman,https://ma.afribaba.com/casablanca/offre-massage-uniquement-aux-belles-et-chaleureuses-femmes-779557.html,190,2026-09-05T19:54:00,15.7
,Aïn DiabCasablanca,BSophia Sofi,https://ma.afribaba.com/casablanca/sophia-super-finition--786403.html,185,2026-09-18T20:50:00,2.6
,Casablanca,BHouda diamo,https://ma.afribaba.com/casablanca/riham-24ans-se-deplace-beby--781250.html,180,2026-09-08T23:31:00,12.5
,Casablanca,PDark knight,https://ma.afribaba.com/casablanca/masseur-pour-les-femmes-780705.html,179,2026-09-08T00:52:00,13.5
,Casablanca,BRim,https://ma.afribaba.com/casablanca/samira-de-21-ans-top-girl--786367.html,173,2026-09-18T20:03:00,2.7
,Casablanca,PMasmorade,https://ma.afribaba.com/casablanca/mas-pour-luxee-femme-769802.html,170,2026-08-18T16:27:00,33.8
,Aïn DiabCasablanca,PFarah010,https://ma.afribaba.com/casablanca/heuuey-sex-cam-et-pack-784043.html,171,2026-09-14T17:03:00,6.8
,Casablanca,PDatf Khalid,https://ma.afribaba.com/casablanca/massage-pour-le-femme-sul-773645.html,165,2026-08-25T19:07:00,26.7
,Aïn DiabCasablanca,PCam Aya,https://ma.afribaba.com/casablanca/hey-sex-caam-et-pack--786470.html,166,2026-09-18T22:21:00,2.6
,Casablanca,BMasseur,https://ma.afribaba.com/casablanca/charmant-masseur-pro-relaxation-totale-viens-profiter-771891.html,156,2026-08-22T11:16:00,30.0
,Casablanca,PSaid,https://ma.afribaba.com/casablanca/masseur-a-domicile-777819.html,156,2026-09-02T16:28:00,18.8
,Casablanca,PMassotherapeuteX,https://ma.afribaba.com/casablanca/jeune-diplome-en-massotherapie-656689.html,153,2025-12-26T18:44:00,268.7
,Casablanca,PAmifou Sange,https://ma.afribaba.com/casablanca/-douce-massage-genial-et-finition-vaginale-de-classe--782830.html,152,2026-09-11T23:57:00,9.5
,SbataCasablanca,Pfahd,https://ma.afribaba.com/casablanca/je-suis-homme--783109.html,150,2026-09-12T22:37:00,8.6
,CalifornieCasablanca,PIkram2002,https://ma.afribaba.com/casablanca/t7arko-3nd-lalakom-ana-kantsana--775587.html,145,2026-08-29T13:03:00,23.0
,Casablanca,PSaad3,https://ma.afribaba.com/casablanca/jeune-homme-pour-massage-782874.html,144,2026-09-12T01:48:00,9.4
,BelvédèreCasablanca,PAdil,https://ma.afribaba.com/casablanca/massage-pour-femmes-uniquement--767688.html,142,2026-08-14T15:32:00,37.9
,Casablanca,BHouda diamo,https://ma.afribaba.com/casablanca/zineb-de-20ans-girl-sexy-je-deplace--785414.html,137,2026-09-16T23:50:00,4.5
,Casablanca,PSimon Mbk,https://ma.afribaba.com/casablanca/massmassage-bien-etre-et-relaxation-service-reserve-aux-femmesage-785499.html,137,2026-09-17T10:22:00,4.1
,Casablanca,BSexy Rime,https://ma.afribaba.com/casablanca/le-bien-etre-massage-roy-hammam-pro-spa-bb--780946.html,134,2026-09-08T15:29:00,12.9
,HabousCasablanca,PBlack man,https://ma.afribaba.com/casablanca/massage-et-finition-uniquement-pour-les-femmes-622693.html,128,2025-10-16T18:31:00,339.7
,CalifornieCasablanca,PDatf Khalid,https://ma.afribaba.com/casablanca/massage-768717.html,125,2026-08-16T09:57:00,36.1
,Casablanca,PDark knight,https://ma.afribaba.com/casablanca/massage-pour-les-femmes-780195.html,122,2026-09-07T07:57:00,14.2
,Casablanca,POussous Achraf,https://ma.afribaba.com/casablanca/hway-dyalk--686389.html,121,2026-03-11T02:52:00,194.4
,Casablanca,BHouda diamo,https://ma.afribaba.com/casablanca/ghita-toop-escort-bonne-taille-deplacement--783306.html,115,2026-09-12T22:09:00,8.6
,Casablanca,PHakim80,https://ma.afribaba.com/casablanca/--551969.html,115,2025-05-16T18:27:00,492.7
,CalifornieCasablanca,PLinabxby,https://ma.afribaba.com/casablanca/packs-lina-services-se-cam-photos-videos-784299.html,113,2026-09-15T00:17:00,6.5
,BourgogneCasablanca,BLyne Kloe,https://ma.afribaba.com/casablanca/fatime-sexy-et-fontaine-au-boulevard-anfa--779064.html,110,2026-09-04T21:38:00,16.6
,Casablanca,BHouda diamo,https://ma.afribaba.com/casablanca/hanaa-la-mignonne-se-deplace--787025.html,115,2026-09-19T22:36:00,1.6
,Casablanca,BHind,https://ma.afribaba.com/casablanca/hind-ghezala-nbr3k-sghira-19an-bigg-boobs-kbar-zwinine--787244.html,91,2026-09-20T13:42:00,0.9
,Casablanca,PAhlam Skhuna,https://ma.afribaba.com/casablanca/packs-et-sex-call-nbr3eeeeek-ahbiba-787340.html,104,2026-09-20T16:37:00,0.8
,Casablanca,PCharlest,https://ma.afribaba.com/casablanca/jeune-homme-pour-les-femmes-matures-780068.html,80,2026-09-06T22:10:00,14.6
,Casablanca,BRim,https://ma.afribaba.com/casablanca/moniaa-de-21-ans-top-girl--786363.html,76,2026-09-18T19:58:00,2.7
,Les Roches NoiresCasablanca,PKarim El,https://ma.afribaba.com/casablanca/massage-a-domicile-avec-une-belle-finition-pour-femmes-uniquement-786259.html,74,2026-09-18T17:42:00,2.8
,Casablanca,BRim,https://ma.afribaba.com/casablanca/monia-de-21-ans-top-girl--786359.html,73,2026-09-18T19:55:00,2.7
,Casablanca,PSaad567,https://ma.afribaba.com/casablanca/homme-cherche-femme-mature-se-deplace-779954.html,68,2026-09-06T17:11:00,14.8
,Casablanca,PProf,https://ma.afribaba.com/casablanca/mimi-femme-jolie-massage-plus-finition--785627.html,68,2026-09-17T14:51:00,3.9
,Casablanca,BSexy Rime,https://ma.afribaba.com/casablanca/miral-taille-sexy-top-finition-bb--776307.html,66,2026-08-30T19:08:00,21.7
,BelvédèreCasablanca,PSara1989,https://ma.afribaba.com/casablanca/--786729.html,62,2026-09-19T14:20:00,1.9
,Aïn DiabCasablanca,PFarah010,https://ma.afribaba.com/casablanca/salutttt-sex-cam-ett-packk--782768.html,61,2026-09-11T22:20:00,9.6
,Casablanca,PSamy234,https://ma.afribaba.com/casablanca/rencontre-femme-seulement-780041.html,58,2026-09-06T21:11:00,14.6
,Casablanca,BNoura,https://ma.afribaba.com/casablanca/bb-je-suis-noura-black-escort-afro--778124.html,58,2026-09-03T01:15:00,18.4
,Aïn DiabCasablanca,PBosama Vandyek,https://ma.afribaba.com/casablanca/massage-pour-les-filles-784721.html,56,2026-09-15T20:31:00,5.6
,CIL (Casablanca)Casablanca,PZazazaaa,https://ma.afribaba.com/casablanca/massage-now-783459.html,56,2026-09-13T04:04:00,8.3
,Casablanca,PLiasui,https://ma.afribaba.com/casablanca/--787205.html,49,2026-09-20T12:01:00,1.0
,Casablanca,PNextdance,https://ma.afribaba.com/casablanca/massage-a-domicile-pour-femmes-763441.html,43,2026-08-06T17:11:00,45.8
,CalifornieCasablanca,PYanis,https://ma.afribaba.com/casablanca/massage-relax-tahala-fike-7biba-784993.html,43,2026-09-16T12:32:00,5.0
,Casablanca,PGood,https://ma.afribaba.com/casablanca/massage-pour-les-femmes-786114.html,43,2026-09-18T14:15:00,2.9
,Aïn DiabCasablanca,Pmassageofc,https://ma.afribaba.com/casablanca/massage-pour-les-femmes--783461.html,40,2026-09-13T04:13:00,8.3
,Oasis (Casablanca)Casablanca,Pyassin7778,https://ma.afribaba.com/casablanca/massage-chez-vous-787409.html,44,2026-09-20T19:45:00,0.7
,Sidi MaâroufCasablanca,PMed,https://ma.afribaba.com/casablanca/massage-a-domicile-moment-de-detente-787223.html,66,2026-09-20T12:45:00,1.0
,Casablanca,PSdfsdf Dfsfsdf,https://ma.afribaba.com/casablanca/entre-femmes-moments-de-douceur-762488.html,32,2026-08-04T22:09:00,47.6
,Casablanca,PVhcf Bjc,https://ma.afribaba.com/casablanca/massage-gratuit-pour-les-filles-784376.html,30,2026-09-15T08:06:00,6.2
,Casablanca,PEzrzerzer Dsfsdfsdf,https://ma.afribaba.com/casablanca/pour-femmes-votre-bulle-de-serenite-762485.html,29,2026-08-04T22:06:00,47.6
,Casablanca,PFsdfsdf Dfsdfsd,https://ma.afribaba.com/casablanca/c0ach-prive-p0vr-vne-complicite-vniqve-et-discrete-749991.html,29,2026-07-11T21:01:00,71.6
,Casablanca,PSami Haha,https://ma.afribaba.com/casablanca/masseur-jeunne-smar-24y-787169.html,,,
,Casablanca,PMassagepourfemmess,https://ma.afribaba.com/casablanca/massage-pour-femmes-786558.html,27,2026-09-19T00:47:00,2.5
,Aïn DiabCasablanca,PAdam Lahlou,https://ma.afribaba.com/casablanca/masseur-787161.html,,,
,Casablanca,PCc Cc,https://ma.afribaba.com/casablanca/massage-pour-femme-781807.html,24,2026-09-10T01:34:00,11.4
,Casablanca,PZohair Mahdoufi,https://ma.afribaba.com/casablanca/marhba-b-lbanat-662187.html,22,2026-01-08T00:35:00,256.5
,Casablanca,PSALIMsalah,https://ma.afribaba.com/casablanca/massage-por-femme-779212.html,20,2026-09-05T01:33:00,16.4
,Aïn DiabCasablanca,PMahdi,https://ma.afribaba.com/casablanca/--784354.html,20,2026-09-15T03:23:00,6.4
,Les Roches NoiresCasablanca,PAkram Bakali,https://ma.afribaba.com/casablanca/--787200.html,23,2026-09-20T11:41:00,1.0
,Aïn DiabCasablanca,PNoka Nok,https://ma.afribaba.com/casablanca/massage-pour-les-femme--785742.html,18,2026-09-17T18:16:00,3.7
,Casablanca,PMassage lux,https://ma.afribaba.com/casablanca/--693766.html,18,2026-03-22T03:18:00,183.4
,Casablanca,PPaplo1r,https://ma.afribaba.com/casablanca/massage-pour-les-femmes-614960.html,16,2025-09-30T16:13:00,355.8
,CIL (Casablanca)Casablanca,PAnwartt,https://ma.afribaba.com/casablanca/--681095.html,15,2026-02-13T13:06:00,220.0
,Casablanca,PFrankie,https://ma.afribaba.com/casablanca/cherche-compagnie-feminine-784262.html,18,2026-09-14T23:33:00,6.5
,Casablanca,P10Brain,https://ma.afribaba.com/casablanca/pour-femme-est-leur-plaisir-785984.html,14,2026-09-18T01:46:00,3.4
,Casablanca,PFrankie,https://ma.afribaba.com/casablanca/cherche-compagnie-feminine-784241.html,14,2026-09-14T23:03:00,6.5
,Casablanca,PHeway deyalk,https://ma.afribaba.com/casablanca/massage-pour-fammes-786754.html,9,2026-09-19T14:59:00,1.9
,Oasis (Casablanca)Casablanca,PKarim Lord,https://ma.afribaba.com/casablanca/massage-a-domicile-787222.html,11,2026-09-20T12:42:00,1.0
,Casablanca,PAnass Aniss,https://ma.afribaba.com/casablanca/--787212.html,6,2026-09-20T12:27:00,1.0
,CalifornieCasablanca,PNour Lhouda,https://ma.afribaba.com/casablanca/apelle-cam-et-les-pack-hobi-njiboh-bjoj--785988.html,,,
,Casablanca,BAyoub,https://ma.afribaba.com/casablanca/massage-pour-femme-chaude-429384.html,,,
,Casablanca,Bhoney,https://ma.afribaba.com/casablanca/-sara-deplacements-a-casablanca-bebe--785922.html,,,
,Casablanca,Bاحلام,https://ma.afribaba.com/casablanca/-ahlam-je-me-deplace-a-casa--785974.html,,,
,Casablanca,BMassage à domicile,https://ma.afribaba.com/casablanca/-samira-sexy-black-fontaine-gironde-finition-de-luxe--785751.html,,,
,CIL (Casablanca)Casablanca,PHamedj,https://ma.afribaba.com/casablanca/jeune-black-noir-787202.html,,,
,CIL (Casablanca)Casablanca,PNour Lhouda,https://ma.afribaba.com/casablanca/apell-vedio-njiboh-bjoj-bb-o-les-pack-ana-skhonaaaa--784888.html,,,
,Hay SalamaCasablanca,BNirmine,https://ma.afribaba.com/casablanca/bournazil--772430.html,,,
,BelvédèreCasablanca,BSara,https://ma.afribaba.com/casablanca/la-belle-sara-top-escorte-sur-casablanca-bienvenue-chez-moi-773825.html,,,
,Casablanca,BHakimi Ali,https://ma.afribaba.com/casablanca/nihad-deplacement-taille--769069.html,,,
,Casablanca,PMorad,https://ma.afribaba.com/casablanca/--587272.html,,,
,Casablanca,PBdbsvsh Sjsjsh,https://ma.afribaba.com/casablanca/massage-l-wnmat3ak-abb-a77--580458.html,,,
,CIL (Casablanca)Casablanca,PAymanAyman,https://ma.afribaba.com/casablanca/--580455.html,,,
,Les Roches NoiresCasablanca,PAlex,https://ma.afribaba.com/casablanca/massage-sensuel-580448.html,,,
,Casablanca,PDARK GAMING,https://ma.afribaba.com/casablanca/--580440.html,,,
,Casablanca,PSamosamo,https://ma.afribaba.com/casablanca/--580387.html,,,
,BourgogneCasablanca,PJamila Tr,https://ma.afribaba.com/casablanca/nadine-taille-sexy-super-finitio-24h--580348.html,,,
,Aïn DiabCasablanca,PKarimamolly,https://ma.afribaba.com/casablanca/aji-hwini-abb-best-service-of-all-the-time-580282.html,,,
,Casablanca,PYasser90,https://ma.afribaba.com/casablanca/--580270.html,,,
,Racine (Casablanca)Casablanca,BJihane,https://ma.afribaba.com/casablanca/-corp-naturel-s-xy-finition-chaude-a-maarif--785885.html,,,
,Casablanca,Bhoney,https://ma.afribaba.com/casablanca/-riham-deplacements-a-casablanca--785881.html,,,
,Casablanca,BMaya,https://ma.afribaba.com/casablanca/-sexy-black-dispo-pour-vos-plans-discret-de-massage--785852.html,,,
,Casablanca,BEscort sarl,https://ma.afribaba.com/casablanca/-rita-ta-belle-petassa-pro--785849.html,,,
,Casablanca,BKaty,https://ma.afribaba.com/casablanca/katy-booty-africaine-chaude-sexy-massage-et-finition-24h--785736.html,,,
,CIL (Casablanca)Casablanca,PScofield,https://ma.afribaba.com/casablanca/massage-relaxant-amp-amp-bien-etre-787302.html,,,
,Aïn DiabCasablanca,PSexy Nihalle,https://ma.afribaba.com/casablanca/que-les-pack-et-les-sexcam--787287.html,1822,2026-09-20T15:21:00,0.9
,CIL (Casablanca)Casablanca,PSami,https://ma.afribaba.com/casablanca/massage-787272.html,,,
,CIL (Casablanca)Casablanca,BHouda,https://ma.afribaba.com/casablanca/apell-vedio-pack-nudess-bb-njiboh-bjojna--785641.html,,,
,Casablanca,PAhmed Brahimi,https://ma.afribaba.com/casablanca/li-bghat-chi-wahad-ibara3ha-ou-imata3ha-f-siriya-tama-tsift-ou-la-tson-786904.html,,,
,OulfaCasablanca,BMomo2017,https://ma.afribaba.com/casablanca/slt-bb-nadia-jouissance-haute-finition-oulfa--785028.html,,,
,Casablanca,BMefia,https://ma.afribaba.com/casablanca/mefia-masseuse-black-a-cassablanca-marriff--784880.html,,,
,BourgogneCasablanca,PZaki Zizo,https://ma.afribaba.com/casablanca/homme-pour-les-femmes-matures--786261.html,,,
,Sidi MaâroufCasablanca,PKamal Kamal,https://ma.afribaba.com/casablanca/massage-et-agrandir-des-seins-et-des-zones-intimes-pour-les-femmes-782402.html,10158,2026-09-14T15:30:00,6.9
,Casablanca,PAmifou Sange,https://ma.afribaba.com/casablanca/-gros-cul-de-chaire-massage-et-finition-magique-782490.html,2423,2026-09-14T14:50:00,6.9
,CalifornieCasablanca,PSa Raaa,https://ma.afribaba.com/casablanca/sara-les-app-vd-et-les-packs--783913.html,,,
,BelvédèreCasablanca,PSa Raaa,https://ma.afribaba.com/casablanca/sara-app-vd-et-les-packs-disponibles--783828.html,,,
,BourgogneCasablanca,Pmeryem lwardi,https://ma.afribaba.com/casablanca/what-are-u-waiting-for-daddy--773910.html,,,
,CIL (Casablanca)Casablanca,PKokita Kawtar,https://ma.afribaba.com/casablanca/une-femme-mature-et-sexy-accueille-un-invite-chez-elle-772481.html,,,
,Casablanca,BAppartement,https://ma.afribaba.com/casablanca/je-recois-a-oufaa-et-sidi-rahal-hbi--772467.html,,,
,Casablanca,Baya,https://ma.afribaba.com/casablanca/aya-skhoona-chez-moi-24h-24-772439.html,,,
,Casablanca,BHakimi Ali,https://ma.afribaba.com/casablanca/nihal-23-ans-se-deplace-bb--765842.html,,,
,BourgogneCasablanca,BPalmer Fahd,https://ma.afribaba.com/casablanca/leila-titiiza-tres-mignnone-la-taille-bomba-casablana--765838.html,,,
